{"v":"5.6.6","fr":60,"ip":0,"op":360,"w":1300,"h":1100,"nm":"deadbug","ddd":0,"assets":[],"layers":[{"ddd":0,"ind":1,"ty":4,"nm":"hand","parent":3,"sr":1,"ks":{"o":{"a":0,"k":100,"ix":11},"r":{"a":0,"k":0,"ix":10},"p":{"a":0,"k":[422.96,1039.612,0],"ix":2},"a":{"a":0,"k":[422.96,1039.612,0],"ix":1},"s":{"a":0,"k":[100,100,100],"ix":6}},"ao":0,"shapes":[{"ty":"gr","it":[{"ind":0,"ty":"sh","ix":1,"ks":{"a":0,"k":{"i":[[0,0],[-2.012,21.461],[-0.416,3.46],[-0.61,5.062],[-1.461,-5.905],[-0.542,-6.978],[-0.93,-11.964],[3.601,-5.295],[2.913,-1.23],[1.461,5.904]],"o":[[-0.912,-4.456],[0.342,-3.648],[0.61,-5.063],[1.626,-13.504],[1.462,5.904],[0.543,6.98],[0.929,11.963],[-3.601,5.295],[-2.914,1.229],[-1.462,-5.904]],"v":[[-13.729,41.768],[-11.126,-7.047],[-11.398,-18.594],[-6.433,-45.058],[1.92,-53.731],[5.463,-33.947],[10.536,-20.298],[11.041,37.837],[2.388,55.561],[-12.799,53.732]],"c":true},"ix":2},"nm":"Path 1","mn":"ADBE Vector Shape - Group","hd":false},{"ty":"fl","c":{"a":0,"k":[0.842999985639,0.607999973671,0.501999978458,1],"ix":4},"o":{"a":0,"k":100,"ix":5},"r":1,"bm":0,"nm":"Fill 1","mn":"ADBE Vector Graphic - Fill","hd":false},{"ty":"tr","p":{"a":0,"k":[423.602,1039.516],"ix":2},"a":{"a":0,"k":[0,0],"ix":1},"s":{"a":0,"k":[100,100],"ix":3},"r":{"a":0,"k":0,"ix":6},"o":{"a":0,"k":100,"ix":7},"sk":{"a":0,"k":0,"ix":4},"sa":{"a":0,"k":0,"ix":5},"nm":"Transform"}],"nm":"Group 1","np":2,"cix":2,"bm":0,"ix":1,"mn":"ADBE Vector Group","hd":false}],"ip":0,"op":360,"st":0,"bm":0},{"ddd":0,"ind":2,"ty":4,"nm":"arm","sr":1,"ks":{"o":{"a":0,"k":100,"ix":11},"r":{"a":1,"k":[{"i":{"x":[0.468],"y":[1]},"o":{"x":[0.333],"y":[0]},"t":185,"s":[0]},{"i":{"x":[0.667],"y":[1]},"o":{"x":[0.535],"y":[0]},"t":263.932,"s":[-92]},{"t":341.716796875,"s":[0]}],"ix":10},"p":{"a":0,"k":[435.358,640.513,0],"ix":2},"a":{"a":0,"k":[411.358,1358.513,0],"ix":1},"s":{"a":0,"k":[100,100,100],"ix":6}},"ao":0,"shapes":[{"ty":"gr","it":[{"ind":0,"ty":"sh","ix":1,"ks":{"a":0,"k":{"i":[[36.799,-0.366],[-8.906,27.011],[-3.471,17.837],[-16.378,-8.104],[1.914,-20.387]],"o":[[-21.792,0.217],[8.906,-27.01],[1.583,-8.133],[17.479,8.649],[-1.914,20.385]],"v":[[-4.42,96.326],[-24.141,19.49],[-16.411,-64.779],[15.568,-88.44],[30.321,20.964]],"c":true},"ix":2},"nm":"Path 1","mn":"ADBE Vector Shape - Group","hd":false},{"ty":"fl","c":{"a":0,"k":[0.842999985639,0.607999973671,0.501999978458,1],"ix":4},"o":{"a":0,"k":100,"ix":5},"r":1,"bm":0,"nm":"Fill 1","mn":"ADBE Vector Graphic - Fill","hd":false},{"ty":"tr","p":{"a":0,"k":[410.681,1297.403],"ix":2},"a":{"a":0,"k":[0,0],"ix":1},"s":{"a":0,"k":[100,100],"ix":3},"r":{"a":0,"k":0,"ix":6},"o":{"a":0,"k":100,"ix":7},"sk":{"a":0,"k":0,"ix":4},"sa":{"a":0,"k":0,"ix":5},"nm":"Transform"}],"nm":"Group 1","np":2,"cix":2,"bm":0,"ix":1,"mn":"ADBE Vector Group","hd":false}],"ip":0,"op":360,"st":0,"bm":0},{"ddd":0,"ind":3,"ty":4,"nm":"forearm","parent":2,"sr":1,"ks":{"o":{"a":0,"k":100,"ix":11},"r":{"a":0,"k":0,"ix":10},"p":{"a":0,"k":[414.407,1155.399,0],"ix":2},"a":{"a":0,"k":[414.407,1155.399,0],"ix":1},"s":{"a":0,"k":[100,100,100],"ix":6}},"ao":0,"shapes":[{"ty":"gr","it":[{"ind":0,"ty":"sh","ix":1,"ks":{"a":0,"k":{"i":[[-0.305,11.279],[11.28,0.306],[0.305,-11.28],[-11.279,-0.305]],"o":[[0.305,-11.28],[-11.279,-0.304],[-0.305,11.279],[11.279,0.306]],"v":[[20.423,0.552],[0.552,-20.425],[-20.424,-0.552],[-0.553,20.423]],"c":true},"ix":2},"nm":"Path 1","mn":"ADBE Vector Shape - Group","hd":false},{"ty":"fl","c":{"a":0,"k":[0.842999985639,0.607999973671,0.501999978458,1],"ix":4},"o":{"a":0,"k":100,"ix":5},"r":1,"bm":0,"nm":"Fill 1","mn":"ADBE Vector Graphic - Fill","hd":false},{"ty":"tr","p":{"a":0,"k":[413.738,1218.163],"ix":2},"a":{"a":0,"k":[0,0],"ix":1},"s":{"a":0,"k":[100,100],"ix":3},"r":{"a":0,"k":0,"ix":6},"o":{"a":0,"k":100,"ix":7},"sk":{"a":0,"k":0,"ix":4},"sa":{"a":0,"k":0,"ix":5},"nm":"Transform"}],"nm":"Group 1","np":2,"cix":2,"bm":0,"ix":1,"mn":"ADBE Vector Group","hd":false},{"ty":"gr","it":[{"ind":0,"ty":"sh","ix":1,"ks":{"a":0,"k":{"i":[[23.404,-8.904],[2.942,42.319],[-10.489,35.143],[-13.837,7.801],[-0.293,-39.522]],"o":[[-6.365,2.422],[-1.711,-24.609],[10.489,-35.143],[13.837,-7.801],[0.293,39.522]],"v":[[4.599,81.969],[-23.441,60.772],[-17.514,-7.195],[-0.142,-95.291],[18.586,-32.106]],"c":true},"ix":2},"nm":"Path 1","mn":"ADBE Vector Shape - Group","hd":false},{"ty":"fl","c":{"a":0,"k":[0.842999985639,0.607999973671,0.501999978458,1],"ix":4},"o":{"a":0,"k":100,"ix":5},"r":1,"bm":0,"nm":"Fill 1","mn":"ADBE Vector Graphic - Fill","hd":false},{"ty":"tr","p":{"a":0,"k":[416.682,1159.561],"ix":2},"a":{"a":0,"k":[0,0],"ix":1},"s":{"a":0,"k":[100,100],"ix":3},"r":{"a":0,"k":0,"ix":6},"o":{"a":0,"k":100,"ix":7},"sk":{"a":0,"k":0,"ix":4},"sa":{"a":0,"k":0,"ix":5},"nm":"Transform"}],"nm":"Group 2","np":2,"cix":2,"bm":0,"ix":2,"mn":"ADBE Vector Group","hd":false}],"ip":0,"op":360,"st":0,"bm":0},{"ddd":0,"ind":4,"ty":4,"nm":"hair","sr":1,"ks":{"o":{"a":0,"k":100,"ix":11},"r":{"a":0,"k":0,"ix":10},"p":{"a":0,"k":[298.673,634.547,0],"ix":2},"a":{"a":0,"k":[274.673,1352.547,0],"ix":1},"s":{"a":0,"k":[100,100,100],"ix":6}},"ao":0,"shapes":[{"ty":"gr","it":[{"ind":0,"ty":"sh","ix":1,"ks":{"a":0,"k":{"i":[[0.489,3.185],[6.973,-1.244],[6.526,-10.499],[-4.654,-9.065],[0,0],[0,0],[-5.047,-3.137],[-14.603,-1.668],[-18.525,15.236],[-0.883,2.744],[19.552,-4.309],[6.074,1.953],[-4.951,5.978],[-1.324,4.117],[10.233,8.475],[4.495,3.918]],"o":[[-0.847,-5.512],[-4.087,0.729],[-12.548,20.187],[0.93,1.814],[0,0],[0,0],[5.046,3.136],[14.602,1.669],[18.525,-15.236],[0.882,-2.745],[-6.128,1.351],[-16.578,-5.332],[4.95,-5.977],[1.324,-4.115],[-5.978,-4.95],[-2.908,-2.534]],"v":[[-26.405,-47.475],[-26.943,-55.218],[-45.909,-38.61],[-51.7,17.055],[-53.466,22.544],[-44.696,32.932],[-36.905,36.953],[-13.533,49.01],[32.872,41.227],[51.301,16.877],[38.905,8.348],[15.237,11.334],[0.883,-9.936],[12.596,-22.822],[-3.426,-29.488],[-21.31,-39.782]],"c":true},"ix":2},"nm":"Path 1","mn":"ADBE Vector Shape - Group","hd":false},{"ty":"fl","c":{"a":0,"k":[0.2,0.152999997606,0.125,1],"ix":4},"o":{"a":0,"k":100,"ix":5},"r":1,"bm":0,"nm":"Fill 1","mn":"ADBE Vector Graphic - Fill","hd":false},{"ty":"tr","p":{"a":0,"k":[275.861,1354.542],"ix":2},"a":{"a":0,"k":[0,0],"ix":1},"s":{"a":0,"k":[100,100],"ix":3},"r":{"a":0,"k":0,"ix":6},"o":{"a":0,"k":100,"ix":7},"sk":{"a":0,"k":0,"ix":4},"sa":{"a":0,"k":0,"ix":5},"nm":"Transform"}],"nm":"Group 1","np":2,"cix":2,"bm":0,"ix":1,"mn":"ADBE Vector Group","hd":false}],"ip":0,"op":360,"st":0,"bm":0},{"ddd":0,"ind":5,"ty":4,"nm":"head_shadow","sr":1,"ks":{"o":{"a":0,"k":100,"ix":11},"r":{"a":0,"k":0,"ix":10},"p":{"a":0,"k":[317.046,636.357,0],"ix":2},"a":{"a":0,"k":[293.046,1354.357,0],"ix":1},"s":{"a":0,"k":[100,100,100],"ix":6}},"ao":0,"shapes":[{"ty":"gr","it":[{"ind":0,"ty":"sh","ix":1,"ks":{"a":0,"k":{"i":[[-3.198,-0.395],[-9.595,-1.182],[-1.997,0.403],[0,0],[2.795,-1.603],[4.399,1.191],[1.604,2.796]],"o":[[0,0],[9.595,1.184],[1.998,-0.404],[0,0],[-2.796,1.604],[-4.399,-1.193],[-1.603,-2.795]],"v":[[-15.992,-8.385],[-8.781,1.594],[13.993,-4.037],[18.384,-8.042],[16.395,-2.443],[-7.572,7.59],[-17.176,1.209]],"c":true},"ix":2},"nm":"Path 1","mn":"ADBE Vector Shape - Group","hd":false},{"ty":"fl","c":{"a":0,"k":[0.783999992819,0.545000023935,0.458999992819,1],"ix":4},"o":{"a":0,"k":100,"ix":5},"r":1,"bm":0,"nm":"Fill 1","mn":"ADBE Vector Graphic - Fill","hd":false},{"ty":"tr","p":{"a":0,"k":[292.998,1354.712],"ix":2},"a":{"a":0,"k":[0,0],"ix":1},"s":{"a":0,"k":[100,100],"ix":3},"r":{"a":0,"k":0,"ix":6},"o":{"a":0,"k":100,"ix":7},"sk":{"a":0,"k":0,"ix":4},"sa":{"a":0,"k":0,"ix":5},"nm":"Transform"}],"nm":"Group 1","np":2,"cix":2,"bm":0,"ix":1,"mn":"ADBE Vector Group","hd":false}],"ip":0,"op":360,"st":0,"bm":0},{"ddd":0,"ind":6,"ty":4,"nm":"head","sr":1,"ks":{"o":{"a":0,"k":100,"ix":11},"r":{"a":0,"k":0,"ix":10},"p":{"a":0,"k":[312.217,626.141,0],"ix":2},"a":{"a":0,"k":[288.217,1344.141,0],"ix":1},"s":{"a":0,"k":[100,100,100],"ix":6}},"ao":0,"shapes":[{"ty":"gr","it":[{"ind":0,"ty":"sh","ix":1,"ks":{"a":0,"k":{"i":[[-6.812,2.352],[-10.976,-3.53],[-6.41,3.291],[-4.998,1.42],[-0.465,-3.026],[-1.58,-0.508],[-6.531,-3.37],[3.972,-12.347],[0,0],[0,0],[0,0]],"o":[[0,0],[10.976,3.53],[1.813,-0.93],[1.78,-0.506],[0.49,3.185],[8.232,2.648],[7.79,4.019],[-3.971,12.348],[0,0],[0,0],[0,0]],"v":[[-46.647,-35.573],[-11.217,-46.886],[12.01,-48.5],[22.448,-52.712],[25.24,-47.272],[28.474,-43.205],[58.609,-38.054],[59.877,-4.343],[18.949,47.132],[-38.87,53.219],[-66.399,-7.106]],"c":true},"ix":2},"nm":"Path 1","mn":"ADBE Vector Shape - Group","hd":false},{"ty":"fl","c":{"a":0,"k":[0.842999985639,0.607999973671,0.501999978458,1],"ix":4},"o":{"a":0,"k":100,"ix":5},"r":1,"bm":0,"nm":"Fill 1","mn":"ADBE Vector Graphic - Fill","hd":false},{"ty":"tr","p":{"a":0,"k":[291.057,1339.502],"ix":2},"a":{"a":0,"k":[0,0],"ix":1},"s":{"a":0,"k":[100,100],"ix":3},"r":{"a":0,"k":0,"ix":6},"o":{"a":0,"k":100,"ix":7},"sk":{"a":0,"k":0,"ix":4},"sa":{"a":0,"k":0,"ix":5},"nm":"Transform"}],"nm":"Group 1","np":2,"cix":2,"bm":0,"ix":1,"mn":"ADBE Vector Group","hd":false},{"ty":"gr","it":[{"ind":0,"ty":"sh","ix":1,"ks":{"a":0,"k":{"i":[[-8.773,27.277],[27.277,8.772],[8.773,-27.277],[-27.278,-8.773]],"o":[[8.773,-27.278],[-27.278,-8.774],[-8.773,27.279],[27.277,8.773]],"v":[[49.391,15.885],[15.885,-49.39],[-49.391,-15.885],[-15.884,49.391]],"c":true},"ix":2},"nm":"Path 1","mn":"ADBE Vector Shape - Group","hd":false},{"ty":"fl","c":{"a":0,"k":[0.842999985639,0.607999973671,0.501999978458,1],"ix":4},"o":{"a":0,"k":100,"ix":5},"r":1,"bm":0,"nm":"Fill 1","mn":"ADBE Vector Graphic - Fill","hd":false},{"ty":"tr","p":{"a":0,"k":[273.607,1349.652],"ix":2},"a":{"a":0,"k":[0,0],"ix":1},"s":{"a":0,"k":[100,100],"ix":3},"r":{"a":0,"k":0,"ix":6},"o":{"a":0,"k":100,"ix":7},"sk":{"a":0,"k":0,"ix":4},"sa":{"a":0,"k":0,"ix":5},"nm":"Transform"}],"nm":"Group 2","np":2,"cix":2,"bm":0,"ix":2,"mn":"ADBE Vector Group","hd":false}],"ip":0,"op":360,"st":0,"bm":0},{"ddd":0,"ind":7,"ty":4,"nm":"body_skin","sr":1,"ks":{"o":{"a":0,"k":100,"ix":11},"r":{"a":0,"k":0,"ix":10},"p":{"a":0,"k":[446.805,637.138,0],"ix":2},"a":{"a":0,"k":[422.805,1355.138,0],"ix":1},"s":{"a":0,"k":[100,100,100],"ix":6}},"ao":0,"shapes":[{"ty":"gr","it":[{"ind":0,"ty":"sh","ix":1,"ks":{"a":0,"k":{"i":[[11.48,-2.271],[13.05,0.5],[10.18,17.74],[0,0],[0,0],[-15.53,-12.941],[-1.33,-2.82],[-3.4,-7.759],[-0.46,-1.08],[-1.4,-3.87],[-0.3,-0.861]],"o":[[-21.03,4.14],[-13.03,-0.479],[-10.17,-17.741],[0,0],[16.98,-10.979],[2.99,2.48],[1.78,3.79],[0.46,1.031],[1.56,3.66],[0.32,0.861],[6.03,17.259]],"v":[[51.13,44.76],[5.02,41.499],[-52.44,24.36],[-44.01,-14.86],[-8.36,-37.921],[31.84,-35.06],[38.54,-27.07],[46.96,-8.881],[48.33,-5.711],[52.83,5.659],[53.75,8.23]],"c":true},"ix":2},"nm":"Path 1","mn":"ADBE Vector Shape - Group","hd":false},{"ty":"fl","c":{"a":0,"k":[0.842999985639,0.607999973671,0.501999978458,1],"ix":4},"o":{"a":0,"k":100,"ix":5},"r":1,"bm":0,"nm":"Fill 1","mn":"ADBE Vector Graphic - Fill","hd":false},{"ty":"tr","p":{"a":0,"k":[421.042,1354.857],"ix":2},"a":{"a":0,"k":[0,0],"ix":1},"s":{"a":0,"k":[100,100],"ix":3},"r":{"a":0,"k":0,"ix":6},"o":{"a":0,"k":100,"ix":7},"sk":{"a":0,"k":0,"ix":4},"sa":{"a":0,"k":0,"ix":5},"nm":"Transform"}],"nm":"Group 1","np":2,"cix":2,"bm":0,"ix":1,"mn":"ADBE Vector Group","hd":false}],"ip":0,"op":360,"st":0,"bm":0},{"ddd":0,"ind":8,"ty":4,"nm":"shirt_shadow","sr":1,"ks":{"o":{"a":0,"k":100,"ix":11},"r":{"a":0,"k":0,"ix":10},"p":{"a":0,"k":[491.014,568.905,0],"ix":2},"a":{"a":0,"k":[467.014,1286.905,0],"ix":1},"s":{"a":0,"k":[100,100,100],"ix":6}},"ao":0,"shapes":[{"ty":"gr","it":[{"ind":0,"ty":"sh","ix":1,"ks":{"a":0,"k":{"i":[[-5.239,-1.409],[0.681,0.028],[10.977,4.554],[19.809,-5.784],[12.919,-13.704],[0,0],[-7.34,0.361],[-6.914,-2.491]],"o":[[-0.746,-5.444],[0,0],[-10.976,-4.556],[-12.037,3.518],[0,0],[0,0],[7.34,-0.36],[6.055,2.188]],"v":[[53.084,1.856],[50.923,-6.889],[35.67,-12.083],[-16.708,-12.625],[-53.084,18.409],[-47.477,17.748],[-10.22,-7.286],[26.053,-6.234]],"c":true},"ix":2},"nm":"Path 1","mn":"ADBE Vector Shape - Group","hd":false},{"ty":"fl","c":{"a":0,"k":[0.430999995213,0.234999997008,0.4,1],"ix":4},"o":{"a":0,"k":100,"ix":5},"r":1,"bm":0,"nm":"Fill 1","mn":"ADBE Vector Graphic - Fill","hd":false},{"ty":"tr","p":{"a":0,"k":[467.014,1285.84],"ix":2},"a":{"a":0,"k":[0,0],"ix":1},"s":{"a":0,"k":[100,100],"ix":3},"r":{"a":0,"k":0,"ix":6},"o":{"a":0,"k":100,"ix":7},"sk":{"a":0,"k":0,"ix":4},"sa":{"a":0,"k":0,"ix":5},"nm":"Transform"}],"nm":"Group 1","np":2,"cix":2,"bm":0,"ix":1,"mn":"ADBE Vector Group","hd":false}],"ip":0,"op":360,"st":0,"bm":0},{"ddd":0,"ind":9,"ty":4,"nm":"shirt","sr":1,"ks":{"o":{"a":0,"k":100,"ix":11},"r":{"a":0,"k":0,"ix":10},"p":{"a":0,"k":[467.574,619.145,0],"ix":2},"a":{"a":0,"k":[443.574,1337.145,0],"ix":1},"s":{"a":0,"k":[100,100,100],"ix":6}},"ao":0,"shapes":[{"ty":"gr","it":[{"ind":0,"ty":"sh","ix":1,"ks":{"a":0,"k":{"i":[[3.665,26.661],[0.681,0.028],[10.977,4.554],[19.809,-5.784],[12.919,-13.704],[10.166,-5.912],[-2.772,-10.017],[-26.754,-4.582],[-2.384,5.035]],"o":[[-0.746,-5.444],[0,0],[-10.976,-4.556],[-12.037,3.518],[-8.345,8.837],[-25.874,15.076],[3.784,13.68],[26.768,4.584],[2.03,-4.316]],"v":[[76.669,-49.784],[74.508,-58.529],[59.255,-63.723],[6.877,-64.266],[-29.499,-33.231],[-56.974,-9.695],[-81.434,39.108],[3.267,65.466],[82.176,59.892]],"c":true},"ix":2},"nm":"Path 1","mn":"ADBE Vector Shape - Group","hd":false},{"ty":"fl","c":{"a":0,"k":[0.501999978458,0.275,0.46699999641,1],"ix":4},"o":{"a":0,"k":100,"ix":5},"r":1,"bm":0,"nm":"Fill 1","mn":"ADBE Vector Graphic - Fill","hd":false},{"ty":"tr","p":{"a":0,"k":[443.429,1337.48],"ix":2},"a":{"a":0,"k":[0,0],"ix":1},"s":{"a":0,"k":[100,100],"ix":3},"r":{"a":0,"k":0,"ix":6},"o":{"a":0,"k":100,"ix":7},"sk":{"a":0,"k":0,"ix":4},"sa":{"a":0,"k":0,"ix":5},"nm":"Transform"}],"nm":"Group 1","np":2,"cix":2,"bm":0,"ix":1,"mn":"ADBE Vector Group","hd":false}],"ip":0,"op":360,"st":0,"bm":0},{"ddd":0,"ind":10,"ty":4,"nm":"thigh","sr":1,"ks":{"o":{"a":0,"k":100,"ix":11},"r":{"a":1,"k":[{"i":{"x":[0.425],"y":[1]},"o":{"x":[0.333],"y":[0]},"t":9,"s":[-87]},{"i":{"x":[0.667],"y":[1]},"o":{"x":[0.544],"y":[0]},"t":89.074,"s":[0]},{"t":163.427734375,"s":[-87]}],"ix":10},"p":{"a":1,"k":[{"i":{"x":0.425,"y":1},"o":{"x":0.333,"y":0},"t":9,"s":[723.632,633.889,0],"to":[-0.25,-0.083,0],"ti":[0,0,0]},{"i":{"x":0.667,"y":1},"o":{"x":0.545,"y":0},"t":89,"s":[722.132,633.389,0],"to":[0,0,0],"ti":[-0.25,-0.083,0]},{"t":163,"s":[723.632,633.889,0]}],"ix":2},"a":{"a":0,"k":[698.132,1351.389,0],"ix":1},"s":{"a":0,"k":[100,100,100],"ix":6}},"ao":0,"shapes":[{"ty":"gr","it":[{"ind":0,"ty":"sh","ix":1,"ks":{"a":0,"k":{"i":[[-19.084,-0.834],[-0.834,19.084],[19.084,0.833],[0.834,-19.085]],"o":[[19.085,0.834],[0.833,-19.084],[-19.085,-0.834],[-0.833,19.084]],"v":[[-1.509,33.055],[34.555,3.009],[1.51,-33.055],[-34.555,-0.009]],"c":true},"ix":2},"nm":"Path 1","mn":"ADBE Vector Shape - Group","hd":false},{"ty":"fl","c":{"a":0,"k":[0.128999986836,0.090000002992,0.125,1],"ix":4},"o":{"a":0,"k":100,"ix":5},"r":1,"bm":0,"nm":"Fill 1","mn":"ADBE Vector Graphic - Fill","hd":false},{"ty":"tr","p":{"a":0,"k":[908.875,1363.031],"ix":2},"a":{"a":0,"k":[0,0],"ix":1},"s":{"a":0,"k":[100,100],"ix":3},"r":{"a":0,"k":0,"ix":6},"o":{"a":0,"k":100,"ix":7},"sk":{"a":0,"k":0,"ix":4},"sa":{"a":0,"k":0,"ix":5},"nm":"Transform"}],"nm":"Group 1","np":2,"cix":2,"bm":0,"ix":1,"mn":"ADBE Vector Group","hd":false},{"ty":"gr","it":[{"ind":0,"ty":"sh","ix":1,"ks":{"a":0,"k":{"i":[[-9.961,12.47],[40.938,20.542],[34.687,-9.799],[-0.623,-18.78],[-69.3,1.301],[-15.903,-0.694]],"o":[[5.893,-7.378],[-40.936,-20.541],[-34.688,9.799],[0.622,18.781],[69.299,-1.301],[24.062,1.051]],"v":[[129.884,42.924],[117.417,-16.033],[-106.683,-45.791],[-153.21,3.882],[-89.055,54.289],[52.737,44.614]],"c":true},"ix":2},"nm":"Path 1","mn":"ADBE Vector Shape - Group","hd":false},{"ty":"fl","c":{"a":0,"k":[0.128999986836,0.090000002992,0.125,1],"ix":4},"o":{"a":0,"k":100,"ix":5},"r":1,"bm":0,"nm":"Fill 1","mn":"ADBE Vector Graphic - Fill","hd":false},{"ty":"tr","p":{"a":0,"k":[803.046,1346.448],"ix":2},"a":{"a":0,"k":[0,0],"ix":1},"s":{"a":0,"k":[100,100],"ix":3},"r":{"a":0,"k":0,"ix":6},"o":{"a":0,"k":100,"ix":7},"sk":{"a":0,"k":0,"ix":4},"sa":{"a":0,"k":0,"ix":5},"nm":"Transform"}],"nm":"Group 2","np":2,"cix":2,"bm":0,"ix":2,"mn":"ADBE Vector Group","hd":false},{"ty":"gr","it":[{"ind":0,"ty":"sh","ix":1,"ks":{"a":0,"k":{"i":[[-27.036,-1.182],[-1.181,27.036],[27.036,1.18],[1.181,-27.036]],"o":[[27.036,1.181],[1.18,-27.037],[-27.036,-1.181],[-1.181,27.036]],"v":[[-2.138,48.953],[48.954,2.138],[2.138,-48.954],[-48.953,-2.139]],"c":true},"ix":2},"nm":"Path 1","mn":"ADBE Vector Shape - Group","hd":false},{"ty":"fl","c":{"a":0,"k":[0.128999986836,0.090000002992,0.125,1],"ix":4},"o":{"a":0,"k":100,"ix":5},"r":1,"bm":0,"nm":"Fill 1","mn":"ADBE Vector Graphic - Fill","hd":false},{"ty":"tr","p":{"a":0,"k":[698.914,1349.59],"ix":2},"a":{"a":0,"k":[0,0],"ix":1},"s":{"a":0,"k":[100,100],"ix":3},"r":{"a":0,"k":0,"ix":6},"o":{"a":0,"k":100,"ix":7},"sk":{"a":0,"k":0,"ix":4},"sa":{"a":0,"k":0,"ix":5},"nm":"Transform"}],"nm":"Group 3","np":2,"cix":2,"bm":0,"ix":3,"mn":"ADBE Vector Group","hd":false}],"ip":0,"op":360,"st":0,"bm":0},{"ddd":0,"ind":11,"ty":4,"nm":"foot","parent":14,"sr":1,"ks":{"o":{"a":0,"k":100,"ix":11},"r":{"a":0,"k":13,"ix":10},"p":{"a":0,"k":[1133.408,1350.44,0],"ix":2},"a":{"a":0,"k":[1133.408,1350.44,0],"ix":1},"s":{"a":0,"k":[100,100,100],"ix":6}},"ao":0,"shapes":[{"ty":"gr","it":[{"ind":0,"ty":"sh","ix":1,"ks":{"a":0,"k":{"i":[[1.047,-3.522],[14.438,0.33],[-3.904,5.577],[2.72,6.098],[1.859,-0.328],[4.375,3.064],[-11.595,4.921],[-2.626,1.422],[-2.625,1.422],[-3.391,2.516],[-1.86,0.328],[-3.39,2.516],[-0.875,5.906],[-4.156,3.61],[-0.656,-3.719],[1.314,-8.861],[-0.436,-13.344],[-0.109,-11.347]],"o":[[-0.852,2.861],[-4.005,-0.09],[3.062,-4.375],[-3.172,-7.11],[-1.86,0.328],[-4.375,-3.062],[11.596,-4.922],[2.625,-1.422],[2.626,-1.422],[3.391,-2.515],[1.859,-0.328],[3.392,-2.515],[0.876,-5.907],[4.158,-3.609],[0.657,3.72],[-1.313,8.86],[0.311,9.475],[0.044,4.635]],"v":[[24.608,64.193],[-4.598,61.675],[-2.847,49.862],[-0.549,30.282],[-7.33,19.015],[-24.832,23.061],[-18.269,11.358],[-7.766,-10.628],[-3.172,-17.192],[-0.109,-21.567],[5.252,-29.223],[7.22,-34.365],[12.253,-43.88],[20.013,-63.445],[27.014,-61.804],[28.55,-27.581],[23.844,16.391],[24.937,49.755]],"c":true},"ix":2},"nm":"Path 1","mn":"ADBE Vector Shape - Group","hd":false},{"ty":"fl","c":{"a":0,"k":[0.388000009574,0.211999990426,0.361000001197,1],"ix":4},"o":{"a":0,"k":100,"ix":5},"r":1,"bm":0,"nm":"Fill 1","mn":"ADBE Vector Graphic - Fill","hd":false},{"ty":"tr","p":{"a":0,"k":[1141.303,1314.656],"ix":2},"a":{"a":0,"k":[0,0],"ix":1},"s":{"a":0,"k":[100,100],"ix":3},"r":{"a":0,"k":0,"ix":6},"o":{"a":0,"k":100,"ix":7},"sk":{"a":0,"k":0,"ix":4},"sa":{"a":0,"k":0,"ix":5},"nm":"Transform"}],"nm":"Group 1","np":2,"cix":2,"bm":0,"ix":1,"mn":"ADBE Vector Group","hd":false}],"ip":0,"op":360,"st":0,"bm":0},{"ddd":0,"ind":12,"ty":4,"nm":"sole","parent":11,"sr":1,"ks":{"o":{"a":0,"k":100,"ix":11},"r":{"a":0,"k":0,"ix":10},"p":{"a":0,"k":[1169.652,1314.883,0],"ix":2},"a":{"a":0,"k":[1169.652,1314.883,0],"ix":1},"s":{"a":0,"k":[100,100,100],"ix":6}},"ao":0,"shapes":[{"ty":"gr","it":[{"ind":0,"ty":"sh","ix":1,"ks":{"a":0,"k":{"i":[[0,0],[-1.86,0.328],[-3.39,2.516],[1.313,7.438],[0.218,6.672],[0.713,8.929],[2.078,6.344],[3.281,2.297],[0,0],[0,0],[0,0],[0,0]],"o":[[0,0],[1.859,-0.328],[3.392,-2.515],[-1.311,-7.439],[-0.218,-6.673],[-0.712,-8.938],[-2.078,-6.345],[-3.281,-2.296],[0,0],[0,0],[0,0],[0,0]],"v":[[-5.2,63.176],[-0.059,65.145],[5.415,66.539],[8.369,50.679],[7.864,22.621],[8.263,-9.702],[7.493,-45.018],[3.223,-66.759],[-5.88,-64.345],[-5.415,-24.989],[-9.682,16.03],[-8.7,54.206]],"c":true},"ix":2},"nm":"Path 1","mn":"ADBE Vector Shape - Group","hd":false},{"ty":"fl","c":{"a":0,"k":[0.638999968884,0.579999976065,0.626999978458,1],"ix":4},"o":{"a":0,"k":100,"ix":5},"r":1,"bm":0,"nm":"Fill 1","mn":"ADBE Vector Graphic - Fill","hd":false},{"ty":"tr","p":{"a":0,"k":[1170.017,1314.907],"ix":2},"a":{"a":0,"k":[0,0],"ix":1},"s":{"a":0,"k":[100,100],"ix":3},"r":{"a":0,"k":0,"ix":6},"o":{"a":0,"k":100,"ix":7},"sk":{"a":0,"k":0,"ix":4},"sa":{"a":0,"k":0,"ix":5},"nm":"Transform"}],"nm":"Group 1","np":2,"cix":2,"bm":0,"ix":1,"mn":"ADBE Vector Group","hd":false}],"ip":0,"op":360,"st":0,"bm":0},{"ddd":0,"ind":13,"ty":4,"nm":"calf","parent":10,"sr":1,"ks":{"o":{"a":0,"k":100,"ix":11},"r":{"a":1,"k":[{"i":{"x":[0.425],"y":[1]},"o":{"x":[0.333],"y":[0]},"t":9,"s":[91]},{"i":{"x":[0.667],"y":[1]},"o":{"x":[0.544],"y":[0]},"t":89.074,"s":[0]},{"t":163.427734375,"s":[91]}],"ix":10},"p":{"a":0,"k":[907,1362,0],"ix":2},"a":{"a":0,"k":[907,1362,0],"ix":1},"s":{"a":0,"k":[100,100,100],"ix":6}},"ao":0,"shapes":[{"ty":"gr","it":[{"ind":0,"ty":"sh","ix":1,"ks":{"a":0,"k":{"i":[[-12.278,5.335],[-48.439,-4.345],[-1.493,-1.333],[6.984,-1.812],[14,11],[9.357,15.063]],"o":[[13.401,-4.317],[48.439,4.345],[1.493,1.333],[-6.984,1.813],[-11.349,-8.916],[-9.357,-15.062]],"v":[[-62.365,-33.929],[17.687,-35.545],[84.687,-30.545],[82.687,17.455],[-54.313,31.455],[-80.313,10.455]],"c":true},"ix":2},"nm":"Path 1","mn":"ADBE Vector Shape - Group","hd":false},{"ty":"fl","c":{"a":0,"k":[0.128999986836,0.090000002992,0.125,1],"ix":4},"o":{"a":0,"k":100,"ix":5},"r":1,"bm":0,"nm":"Fill 1","mn":"ADBE Vector Graphic - Fill","hd":false},{"ty":"tr","p":{"a":0,"k":[960.313,1360.545],"ix":2},"a":{"a":0,"k":[0,0],"ix":1},"s":{"a":0,"k":[100,100],"ix":3},"r":{"a":0,"k":0,"ix":6},"o":{"a":0,"k":100,"ix":7},"sk":{"a":0,"k":0,"ix":4},"sa":{"a":0,"k":0,"ix":5},"nm":"Transform"}],"nm":"Group 1","np":2,"cix":2,"bm":0,"ix":1,"mn":"ADBE Vector Group","hd":false}],"ip":0,"op":360,"st":0,"bm":0},{"ddd":0,"ind":14,"ty":4,"nm":"calf_skin","parent":13,"sr":1,"ks":{"o":{"a":0,"k":100,"ix":11},"r":{"a":0,"k":0,"ix":10},"p":{"a":0,"k":[1094.116,1353.977,0],"ix":2},"a":{"a":0,"k":[1094.116,1353.977,0],"ix":1},"s":{"a":0,"k":[100,100,100],"ix":6}},"ao":0,"shapes":[{"ty":"gr","it":[{"ind":0,"ty":"sh","ix":1,"ks":{"a":0,"k":{"i":[[-4.399,-2.586],[-5.653,0.319],[-8.478,0.48],[-6.744,6.052],[15.269,4.146],[38.229,-0.747],[4.16,-1.653]],"o":[[1.725,1.015],[5.651,-0.321],[8.477,-0.48],[6.745,-6.052],[-8.637,-2.347],[-38.228,0.747],[-4.158,1.653]],"v":[[-55.308,23.869],[-14.333,21.551],[19.576,19.629],[46.261,15.283],[46.838,-22.538],[-1.032,-18.893],[-57.949,-22.757]],"c":true},"ix":2},"nm":"Path 1","mn":"ADBE Vector Shape - Group","hd":false},{"ty":"fl","c":{"a":0,"k":[0.842999985639,0.607999973671,0.501999978458,1],"ix":4},"o":{"a":0,"k":100,"ix":5},"r":1,"bm":0,"nm":"Fill 1","mn":"ADBE Vector Graphic - Fill","hd":false},{"ty":"tr","p":{"a":0,"k":[1096.58,1353.508],"ix":2},"a":{"a":0,"k":[0,0],"ix":1},"s":{"a":0,"k":[100,100],"ix":3},"r":{"a":0,"k":0,"ix":6},"o":{"a":0,"k":100,"ix":7},"sk":{"a":0,"k":0,"ix":4},"sa":{"a":0,"k":0,"ix":5},"nm":"Transform"}],"nm":"Group 1","np":2,"cix":2,"bm":0,"ix":1,"mn":"ADBE Vector Group","hd":false}],"ip":0,"op":360,"st":0,"bm":0},{"ddd":0,"ind":15,"ty":4,"nm":"hips","sr":1,"ks":{"o":{"a":0,"k":100,"ix":11},"r":{"a":0,"k":0,"ix":10},"p":{"a":0,"k":[710.035,627.058,0],"ix":2},"a":{"a":0,"k":[686.035,1345.058,0],"ix":1},"s":{"a":0,"k":[100,100,100],"ix":6}},"ao":0,"shapes":[{"ty":"gr","it":[{"ind":0,"ty":"sh","ix":1,"ks":{"a":0,"k":{"i":[[-3.68,-6.834],[-14.602,-5.459],[-29.73,20.555],[20.862,15.647],[15.35,0.905],[9.276,-2.725],[-0.988,-3.528],[0.383,-23.519]],"o":[[0,0],[15.093,5.642],[23.721,-16.401],[-8,-6],[-29.095,-1.715],[-2.591,0.761],[2.343,8.375],[-0.545,33.424]],"v":[[-72.99,44.72],[-50.524,51.37],[38.635,45.854],[46.856,-47.047],[14.722,-63.904],[-79.627,-63.684],[-80.391,-59.427],[-70.433,-9.24]],"c":true},"ix":2},"nm":"Path 1","mn":"ADBE Vector Shape - Group","hd":false},{"ty":"fl","c":{"a":0,"k":[0.128999986836,0.090000002992,0.125,1],"ix":4},"o":{"a":0,"k":100,"ix":5},"r":1,"bm":0,"nm":"Fill 1","mn":"ADBE Vector Graphic - Fill","hd":false},{"ty":"tr","p":{"a":0,"k":[691.644,1348.547],"ix":2},"a":{"a":0,"k":[0,0],"ix":1},"s":{"a":0,"k":[100,100],"ix":3},"r":{"a":0,"k":0,"ix":6},"o":{"a":0,"k":100,"ix":7},"sk":{"a":0,"k":0,"ix":4},"sa":{"a":0,"k":0,"ix":5},"nm":"Transform"}],"nm":"Group 1","np":2,"cix":2,"bm":0,"ix":1,"mn":"ADBE Vector Group","hd":false}],"ip":0,"op":360,"st":0,"bm":0},{"ddd":0,"ind":16,"ty":4,"nm":"neck_shadow","sr":1,"ks":{"o":{"a":0,"k":100,"ix":11},"r":{"a":0,"k":0,"ix":10},"p":{"a":0,"k":[367.502,637.076,0],"ix":2},"a":{"a":0,"k":[343.502,1355.076,0],"ix":1},"s":{"a":0,"k":[100,100,100],"ix":6}},"ao":0,"shapes":[{"ty":"gr","it":[{"ind":0,"ty":"sh","ix":1,"ks":{"a":0,"k":{"i":[[0,0],[3.878,0.668],[2.086,0.472],[0.452,0.096],[4.096,-0.306],[0,0],[0,0],[-7.966,1.331],[-4.172,5.395],[-2.091,2.485]],"o":[[-3.193,-0.376],[-1.889,-0.326],[-0.467,-0.098],[-5.427,-1.132],[0,0],[0,0],[2.297,-0.065],[4.89,-10.197],[1.48,-1.906],[0,0]],"v":[[32.526,-27.129],[21.944,-28.58],[15.973,-29.764],[14.59,-30.072],[0.332,-31.286],[-32.526,31.475],[-31.741,31.592],[-14.466,28.811],[6.629,-8.092],[13.94,-16.621]],"c":true},"ix":2},"nm":"Path 1","mn":"ADBE Vector Shape - Group","hd":false},{"ty":"fl","c":{"a":0,"k":[0.783999992819,0.545000023935,0.458999992819,1],"ix":4},"o":{"a":0,"k":100,"ix":5},"r":1,"bm":0,"nm":"Fill 1","mn":"ADBE Vector Graphic - Fill","hd":false},{"ty":"tr","p":{"a":0,"k":[343.502,1354.974],"ix":2},"a":{"a":0,"k":[0,0],"ix":1},"s":{"a":0,"k":[100,100],"ix":3},"r":{"a":0,"k":0,"ix":6},"o":{"a":0,"k":100,"ix":7},"sk":{"a":0,"k":0,"ix":4},"sa":{"a":0,"k":0,"ix":5},"nm":"Transform"}],"nm":"Group 1","np":2,"cix":2,"bm":0,"ix":1,"mn":"ADBE Vector Group","hd":false}],"ip":0,"op":360,"st":0,"bm":0},{"ddd":0,"ind":17,"ty":4,"nm":"neck","sr":1,"ks":{"o":{"a":0,"k":100,"ix":11},"r":{"a":0,"k":0,"ix":10},"p":{"a":0,"k":[381.078,637.077,0],"ix":2},"a":{"a":0,"k":[357.078,1355.077,0],"ix":1},"s":{"a":0,"k":[100,100,100],"ix":6}},"ao":0,"shapes":[{"ty":"gr","it":[{"ind":0,"ty":"sh","ix":1,"ks":{"a":0,"k":{"i":[[14.654,14.271],[8.991,1.067],[3.878,0.668],[2.085,0.472],[0.451,0.096],[4.097,-0.306],[2.928,-6.426],[-9.698,-13.108],[-0.453,0.005],[-7.966,1.33],[-5.744,-0.858],[-1.638,1.212],[-4.349,9.011]],"o":[[-6.21,-6.028],[-3.194,-0.376],[-1.889,-0.326],[-0.467,-0.098],[-5.427,-1.132],[-9.076,0.669],[-4.342,9.551],[0.073,0.098],[2.297,-0.065],[9.628,-1.635],[11.403,1.704],[1.638,-1.213],[4.349,-9.011]],"v":[[40.991,-19.125],[19.105,-27.131],[8.525,-28.582],[2.552,-29.766],[1.171,-30.074],[-13.09,-31.288],[-30.936,-20.199],[-45.947,31.473],[-45.161,31.59],[-27.887,28.81],[-1.482,26.462],[22.749,30.083],[41.764,19.272]],"c":true},"ix":2},"nm":"Path 1","mn":"ADBE Vector Shape - Group","hd":false},{"ty":"fl","c":{"a":0,"k":[0.842999985639,0.607999973671,0.501999978458,1],"ix":4},"o":{"a":0,"k":100,"ix":5},"r":1,"bm":0,"nm":"Fill 1","mn":"ADBE Vector Graphic - Fill","hd":false},{"ty":"tr","p":{"a":0,"k":[356.923,1354.976],"ix":2},"a":{"a":0,"k":[0,0],"ix":1},"s":{"a":0,"k":[100,100],"ix":3},"r":{"a":0,"k":0,"ix":6},"o":{"a":0,"k":100,"ix":7},"sk":{"a":0,"k":0,"ix":4},"sa":{"a":0,"k":0,"ix":5},"nm":"Transform"}],"nm":"Group 1","np":2,"cix":2,"bm":0,"ix":1,"mn":"ADBE Vector Group","hd":false},{"ty":"gr","it":[{"ind":0,"ty":"sh","ix":1,"ks":{"a":0,"k":{"i":[[-2.353,15.744],[15.744,2.354],[2.354,-15.744],[-15.744,-2.353]],"o":[[2.354,-15.744],[-15.744,-2.353],[-2.353,15.744],[15.744,2.354]],"v":[[28.507,4.26],[4.26,-28.508],[-28.508,-4.261],[-4.262,28.506]],"c":true},"ix":2},"nm":"Path 1","mn":"ADBE Vector Shape - Group","hd":false},{"ty":"fl","c":{"a":0,"k":[0.842999985639,0.607999973671,0.501999978458,1],"ix":4},"o":{"a":0,"k":100,"ix":5},"r":1,"bm":0,"nm":"Fill 1","mn":"ADBE Vector Graphic - Fill","hd":false},{"ty":"tr","p":{"a":0,"k":[376.807,1355.488],"ix":2},"a":{"a":0,"k":[0,0],"ix":1},"s":{"a":0,"k":[100,100],"ix":3},"r":{"a":0,"k":0,"ix":6},"o":{"a":0,"k":100,"ix":7},"sk":{"a":0,"k":0,"ix":4},"sa":{"a":0,"k":0,"ix":5},"nm":"Transform"}],"nm":"Group 2","np":2,"cix":2,"bm":0,"ix":2,"mn":"ADBE Vector Group","hd":false}],"ip":0,"op":360,"st":0,"bm":0},{"ddd":0,"ind":18,"ty":4,"nm":"body_shadow","sr":1,"ks":{"o":{"a":0,"k":100,"ix":11},"r":{"a":0,"k":0,"ix":10},"p":{"a":0,"k":[597.736,658.84,0],"ix":2},"a":{"a":0,"k":[573.736,1376.84,0],"ix":1},"s":{"a":0,"k":[100,100,100],"ix":6}},"ao":0,"shapes":[{"ty":"gr","it":[{"ind":0,"ty":"sh","ix":1,"ks":{"a":0,"k":{"i":[[0,0],[0,0],[4.34,-0.01],[10.09,0.1],[1.18,0.02],[16.38,-2.89],[0,0],[0,0],[0,0],[-18,-1],[-10.76,-1.84],[-8.55,-1.63],[-2.61,-0.51]],"o":[[0,0],[-7.26,-1.04],[-9.77,0.01],[-1.38,-0.02],[-9.61,1.08],[0,0],[0,0],[0,0],[0,0],[4.85,0.27],[7.86,1.34],[2.68,0.5],[20.02,3.86]],"v":[[59,-11.225],[50.87,16.595],[32.71,14.855],[-1.9,14.635],[-5.75,14.585],[-47.39,21.225],[-48.2,13.295],[-50,-4.225],[-51,-20.225],[-41,-20.225],[-15,-18.225],[12.87,-15.175],[20.82,-13.655]],"c":true},"ix":2},"nm":"Path 1","mn":"ADBE Vector Shape - Group","hd":false},{"ty":"fl","c":{"a":0,"k":[0.783999992819,0.545000023935,0.458999992819,1],"ix":4},"o":{"a":0,"k":100,"ix":5},"r":1,"bm":0,"nm":"Fill 1","mn":"ADBE Vector Graphic - Fill","hd":false},{"ty":"tr","p":{"a":0,"k":[570.622,1376.562],"ix":2},"a":{"a":0,"k":[0,0],"ix":1},"s":{"a":0,"k":[100,100],"ix":3},"r":{"a":0,"k":0,"ix":6},"o":{"a":0,"k":100,"ix":7},"sk":{"a":0,"k":0,"ix":4},"sa":{"a":0,"k":0,"ix":5},"nm":"Transform"}],"nm":"Group 1","np":2,"cix":2,"bm":0,"ix":1,"mn":"ADBE Vector Group","hd":false}],"ip":0,"op":360,"st":0,"bm":0},{"ddd":0,"ind":19,"ty":4,"nm":"ponytail_shadow","sr":1,"ks":{"o":{"a":0,"k":100,"ix":11},"r":{"a":0,"k":0,"ix":10},"p":{"a":0,"k":[307.929,676.424,0],"ix":2},"a":{"a":0,"k":[283.929,1394.424,0],"ix":1},"s":{"a":0,"k":[100,100,100],"ix":6}},"ao":0,"shapes":[{"ty":"gr","it":[{"ind":0,"ty":"sh","ix":1,"ks":{"a":0,"k":{"i":[[-5.934,-3.339],[2.949,-0.621],[0.049,4.557],[-1.328,0.902],[-4.764,-1.535],[-11.599,1.937],[-0.927,0.158],[-8.188,-0.792],[-7.737,3.315],[0,0]],"o":[[-0.244,7.311],[-35.334,7.311],[-0.024,-2.437],[-0.085,1.718],[2.936,0.937],[0.95,-0.171],[14.864,-2.45],[4.447,0.438],[0,0],[0,0]],"v":[[58.612,-7.262],[29.662,7.31],[-58.588,-0.646],[-55.859,-5.532],[-48.097,-0.292],[-23.607,-2.51],[-20.792,-2.997],[13.433,-5.008],[36.973,-13.598],[45.502,-14.621]],"c":true},"ix":2},"nm":"Path 1","mn":"ADBE Vector Shape - Group","hd":false},{"ty":"fl","c":{"a":0,"k":[0.152999997606,0.118000000598,0.093999997307,1],"ix":4},"o":{"a":0,"k":100,"ix":5},"r":1,"bm":0,"nm":"Fill 1","mn":"ADBE Vector Graphic - Fill","hd":false},{"ty":"tr","p":{"a":0,"k":[283.917,1396.837],"ix":2},"a":{"a":0,"k":[0,0],"ix":1},"s":{"a":0,"k":[100,100],"ix":3},"r":{"a":0,"k":0,"ix":6},"o":{"a":0,"k":100,"ix":7},"sk":{"a":0,"k":0,"ix":4},"sa":{"a":0,"k":0,"ix":5},"nm":"Transform"}],"nm":"Group 1","np":2,"cix":2,"bm":0,"ix":1,"mn":"ADBE Vector Group","hd":false}],"ip":0,"op":360,"st":0,"bm":0},{"ddd":0,"ind":20,"ty":4,"nm":"ponytail","sr":1,"ks":{"o":{"a":0,"k":100,"ix":11},"r":{"a":0,"k":0,"ix":10},"p":{"a":0,"k":[309.758,675.893,0],"ix":2},"a":{"a":0,"k":[285.758,1393.893,0],"ix":1},"s":{"a":0,"k":[100,100,100],"ix":6}},"ao":0,"shapes":[{"ty":"gr","it":[{"ind":0,"ty":"sh","ix":1,"ks":{"a":0,"k":{"i":[[6.092,0],[7.286,-0.695],[23.71,1.572],[-2.595,12.794],[0,0],[9.553,-1.462],[0.061,-1.243],[-4.764,-1.535],[-11.6,1.937],[-0.951,0.17],[0,0],[0,0],[0,0],[-5.933,-3.339],[-1.426,-0.816]],"o":[[-4.788,0],[-19.519,1.864],[-23.711,-1.572],[2.607,-12.781],[0,0],[-4.033,0.622],[-0.086,1.718],[2.936,0.937],[0.925,-0.158],[20.469,-3.558],[0,0],[0,0],[0,0],[2.596,1.462],[8.529,4.874]],"v":[[68.798,11.087],[38.338,13.524],[-42.078,14.742],[-72.295,-0.245],[-61.074,-16.315],[-52.301,-5.923],[-58.149,-2.974],[-50.388,2.266],[-25.897,0.048],[-23.083,-0.438],[21.499,-9.443],[34.682,-11.04],[43.211,-12.062],[56.321,-4.704],[62.706,-1.098]],"c":true},"ix":2},"nm":"Path 1","mn":"ADBE Vector Shape - Group","hd":false},{"ty":"fl","c":{"a":0,"k":[0.2,0.152999997606,0.125,1],"ix":4},"o":{"a":0,"k":100,"ix":5},"r":1,"bm":0,"nm":"Fill 1","mn":"ADBE Vector Graphic - Fill","hd":false},{"ty":"tr","p":{"a":0,"k":[286.208,1394.279],"ix":2},"a":{"a":0,"k":[0,0],"ix":1},"s":{"a":0,"k":[100,100],"ix":3},"r":{"a":0,"k":0,"ix":6},"o":{"a":0,"k":100,"ix":7},"sk":{"a":0,"k":0,"ix":4},"sa":{"a":0,"k":0,"ix":5},"nm":"Transform"}],"nm":"Group 1","np":2,"cix":2,"bm":0,"ix":1,"mn":"ADBE Vector Group","hd":false}],"ip":0,"op":360,"st":0,"bm":0},{"ddd":0,"ind":21,"ty":4,"nm":"thigh_1","sr":1,"ks":{"o":{"a":0,"k":100,"ix":11},"r":{"a":1,"k":[{"i":{"x":[0.468],"y":[1]},"o":{"x":[0.333],"y":[0]},"t":185,"s":[0]},{"i":{"x":[0.667],"y":[1]},"o":{"x":[0.535],"y":[0]},"t":263.932,"s":[81]},{"t":341.716796875,"s":[0]}],"ix":10},"p":{"a":0,"k":[699.071,620.793,0],"ix":2},"a":{"a":0,"k":[675.071,1338.793,0],"ix":1},"s":{"a":0,"k":[100,100,100],"ix":6}},"ao":0,"shapes":[{"ty":"gr","it":[{"ind":0,"ty":"sh","ix":1,"ks":{"a":0,"k":{"i":[[-1.471,17.573],[17.236,1.772],[1.471,-17.573],[-17.237,-1.772]],"o":[[1.471,-17.574],[-17.237,-1.773],[-1.47,17.574],[17.237,1.772]],"v":[[31.211,3.209],[2.662,-31.82],[-31.212,-3.209],[-2.663,31.82]],"c":true},"ix":2},"nm":"Path 1","mn":"ADBE Vector Shape - Group","hd":false},{"ty":"fl","c":{"a":0,"k":[0.030999998953,0.019999999626,0.027000000898,1],"ix":4},"o":{"a":0,"k":100,"ix":5},"r":1,"bm":0,"nm":"Fill 1","mn":"ADBE Vector Graphic - Fill","hd":false},{"ty":"tr","p":{"a":0,"k":[697,1146.914],"ix":2},"a":{"a":0,"k":[0,0],"ix":1},"s":{"a":0,"k":[100,100],"ix":3},"r":{"a":0,"k":0,"ix":6},"o":{"a":0,"k":100,"ix":7},"sk":{"a":0,"k":0,"ix":4},"sa":{"a":0,"k":0,"ix":5},"nm":"Transform"}],"nm":"Group 1","np":2,"cix":2,"bm":0,"ix":1,"mn":"ADBE Vector Group","hd":false},{"ty":"gr","it":[{"ind":0,"ty":"sh","ix":1,"ks":{"a":0,"k":{"i":[[17.674,15.956],[20.123,-36.711],[-7.565,-32.536],[-17.017,-0.412],[-1.423,64.042],[-1.226,14.644]],"o":[[-6.454,-5.828],[-20.124,36.711],[7.565,32.536],[17.017,0.412],[1.424,-64.041],[2.329,-27.843]],"v":[[39.521,-119.224],[-14.293,-110.814],[-49.63,94.499],[-6.43,140.059],[41.589,83.484],[38.156,-47.919]],"c":true},"ix":2},"nm":"Path 1","mn":"ADBE Vector Shape - Group","hd":false},{"ty":"fl","c":{"a":0,"k":[0.030999998953,0.019999999626,0.027000000898,1],"ix":4},"o":{"a":0,"k":100,"ix":5},"r":1,"bm":0,"nm":"Fill 1","mn":"ADBE Vector Graphic - Fill","hd":false},{"ty":"tr","p":{"a":0,"k":[680.858,1245.238],"ix":2},"a":{"a":0,"k":[0,0],"ix":1},"s":{"a":0,"k":[100,100],"ix":3},"r":{"a":0,"k":0,"ix":6},"o":{"a":0,"k":100,"ix":7},"sk":{"a":0,"k":0,"ix":4},"sa":{"a":0,"k":0,"ix":5},"nm":"Transform"}],"nm":"Group 2","np":2,"cix":2,"bm":0,"ix":2,"mn":"ADBE Vector Group","hd":false},{"ty":"gr","it":[{"ind":0,"ty":"sh","ix":1,"ks":{"a":0,"k":{"i":[[-2.083,24.896],[24.419,2.511],[2.083,-24.896],[-24.419,-2.511]],"o":[[2.083,-24.896],[-24.419,-2.511],[-2.084,24.897],[24.42,2.511]],"v":[[44.216,4.547],[3.773,-45.078],[-44.214,-4.547],[-3.771,45.078]],"c":true},"ix":2},"nm":"Path 1","mn":"ADBE Vector Shape - Group","hd":false},{"ty":"fl","c":{"a":0,"k":[0.030999998953,0.019999999626,0.027000000898,1],"ix":4},"o":{"a":0,"k":100,"ix":5},"r":1,"bm":0,"nm":"Fill 1","mn":"ADBE Vector Graphic - Fill","hd":false},{"ty":"tr","p":{"a":0,"k":[675.6,1339.952],"ix":2},"a":{"a":0,"k":[0,0],"ix":1},"s":{"a":0,"k":[100,100],"ix":3},"r":{"a":0,"k":0,"ix":6},"o":{"a":0,"k":100,"ix":7},"sk":{"a":0,"k":0,"ix":4},"sa":{"a":0,"k":0,"ix":5},"nm":"Transform"}],"nm":"Group 3","np":2,"cix":2,"bm":0,"ix":3,"mn":"ADBE Vector Group","hd":false}],"ip":0,"op":360,"st":0,"bm":0},{"ddd":0,"ind":22,"ty":4,"nm":"calf_1","parent":21,"sr":1,"ks":{"o":{"a":0,"k":100,"ix":11},"r":{"a":1,"k":[{"i":{"x":[0.468],"y":[1]},"o":{"x":[0.333],"y":[0]},"t":185,"s":[0]},{"i":{"x":[0.667],"y":[1]},"o":{"x":[0.535],"y":[0]},"t":263.932,"s":[-84]},{"t":341.716796875,"s":[0]}],"ix":10},"p":{"a":0,"k":[696.286,1144.953,0],"ix":2},"a":{"a":0,"k":[696.286,1144.953,0],"ix":1},"s":{"a":0,"k":[100,100,100],"ix":6}},"ao":0,"shapes":[{"ty":"gr","it":[{"ind":0,"ty":"sh","ix":1,"ks":{"a":0,"k":{"i":[[-0.421,16.406],[16.574,0.813],[0.42,-16.407],[-16.575,-0.812]],"o":[[0.42,-16.405],[-16.574,-0.812],[-0.42,16.405],[16.574,0.813]],"v":[[30.01,1.47],[0.76,-29.705],[-30.011,-1.47],[-0.761,29.704]],"c":true},"ix":2},"nm":"Path 1","mn":"ADBE Vector Shape - Group","hd":false},{"ty":"fl","c":{"a":0,"k":[0.030999998953,0.019999999626,0.027000000898,1],"ix":4},"o":{"a":0,"k":100,"ix":5},"r":1,"bm":0,"nm":"Fill 1","mn":"ADBE Vector Graphic - Fill","hd":false},{"ty":"tr","p":{"a":0,"k":[699.139,1145.969],"ix":2},"a":{"a":0,"k":[0,0],"ix":1},"s":{"a":0,"k":[100,100],"ix":3},"r":{"a":0,"k":0,"ix":6},"o":{"a":0,"k":100,"ix":7},"sk":{"a":0,"k":0,"ix":4},"sa":{"a":0,"k":0,"ix":5},"nm":"Transform"}],"nm":"Group 1","np":2,"cix":2,"bm":0,"ix":1,"mn":"ADBE Vector Group","hd":false},{"ty":"gr","it":[{"ind":0,"ty":"sh","ix":1,"ks":{"a":0,"k":{"i":[[0,0],[-21.4,-2.465],[-4.395,4.034],[5.572,5.938],[39.5,8.278],[18.891,-2.799],[-36.091,4.168]],"o":[[0,0],[21.399,2.465],[4.396,-4.034],[-3.128,-3.334],[-22.41,-4.697],[-31.154,4.618],[8.611,-0.994]],"v":[[-46.183,26.275],[-13.961,31.188],[80.726,32.258],[82.339,-11.996],[6.336,-23.019],[-52.385,-33.494],[-51.82,26.219]],"c":true},"ix":2},"nm":"Path 1","mn":"ADBE Vector Shape - Group","hd":false},{"ty":"fl","c":{"a":0,"k":[0.030999998953,0.019999999626,0.027000000898,1],"ix":4},"o":{"a":0,"k":100,"ix":5},"r":1,"bm":0,"nm":"Fill 1","mn":"ADBE Vector Graphic - Fill","hd":false},{"ty":"tr","p":{"a":0,"k":[745.233,1146.803],"ix":2},"a":{"a":0,"k":[0,0],"ix":1},"s":{"a":0,"k":[100,100],"ix":3},"r":{"a":0,"k":0,"ix":6},"o":{"a":0,"k":100,"ix":7},"sk":{"a":0,"k":0,"ix":4},"sa":{"a":0,"k":0,"ix":5},"nm":"Transform"}],"nm":"Group 2","np":2,"cix":2,"bm":0,"ix":2,"mn":"ADBE Vector Group","hd":false}],"ip":0,"op":360,"st":0,"bm":0},{"ddd":0,"ind":23,"ty":4,"nm":"foot_1","parent":25,"sr":1,"ks":{"o":{"a":0,"k":100,"ix":11},"r":{"a":1,"k":[{"i":{"x":[0.468],"y":[1]},"o":{"x":[0.333],"y":[0]},"t":185,"s":[-10]},{"i":{"x":[0.667],"y":[1]},"o":{"x":[0.535],"y":[0]},"t":264,"s":[-7]},{"t":341.716796875,"s":[-10]}],"ix":10},"p":{"a":0,"k":[912.188,1158.294,0],"ix":2},"a":{"a":0,"k":[914.581,1159.309,0],"ix":1},"s":{"a":0,"k":[100,100,100],"ix":6}},"ao":0,"shapes":[{"ty":"gr","it":[{"ind":0,"ty":"sh","ix":1,"ks":{"a":0,"k":{"i":[[2.563,-2.503],[12.463,6.947],[-6.021,2.927],[-0.475,6.426],[1.778,0.581],[2.391,4.618],[-12.433,-1.182],[-2.959,-0.007],[-2.959,-0.006],[-4.14,0.567],[-1.778,-0.581],[-4.139,0.567],[-3.527,4.605],[-5.32,1.141],[1.166,-3.457],[5.291,-6.907],[5.86,-11.518],[5.211,-9.673]],"o":[[-2.082,2.034],[-3.456,-1.927],[4.723,-2.296],[0.555,-7.495],[-1.779,-0.581],[-2.391,-4.618],[12.434,1.18],[2.959,0.007],[2.959,0.007],[4.139,-0.567],[1.779,0.58],[4.141,-0.567],[3.527,-4.605],[5.322,-1.142],[-1.166,3.457],[-5.291,6.907],[-4.16,8.178],[-2.13,3.952]],"v":[[-17.477,56.575],[-41.82,40.952],[-34.764,31.742],[-23.599,16.199],[-23.504,1.657],[-40.69,-2.995],[-29.481,-9.888],[-10.771,-21.828],[-3.687,-25.273],[1.036,-27.568],[9.3,-31.585],[13.425,-35.036],[22.274,-40.782],[38.759,-57.466],[44.109,-52.842],[28.891,-19.433],[4.213,15.683],[-10.436,44.482]],"c":true},"ix":2},"nm":"Path 1","mn":"ADBE Vector Shape - Group","hd":false},{"ty":"fl","c":{"a":0,"k":[0.349000010771,0.19199999641,0.325,1],"ix":4},"o":{"a":0,"k":100,"ix":5},"r":1,"bm":0,"nm":"Fill 1","mn":"ADBE Vector Graphic - Fill","hd":false},{"ty":"tr","p":{"a":0,"k":[948.94,1142.761],"ix":2},"a":{"a":0,"k":[0,0],"ix":1},"s":{"a":0,"k":[100,100],"ix":3},"r":{"a":0,"k":0,"ix":6},"o":{"a":0,"k":100,"ix":7},"sk":{"a":0,"k":0,"ix":4},"sa":{"a":0,"k":0,"ix":5},"nm":"Transform"}],"nm":"Group 1","np":2,"cix":2,"bm":0,"ix":1,"mn":"ADBE Vector Group","hd":false}],"ip":0,"op":360,"st":0,"bm":0},{"ddd":0,"ind":24,"ty":4,"nm":"sole_1","parent":23,"sr":1,"ks":{"o":{"a":0,"k":100,"ix":11},"r":{"a":0,"k":0,"ix":10},"p":{"a":0,"k":[965.433,1146.882,0],"ix":2},"a":{"a":0,"k":[965.433,1146.882,0],"ix":1},"s":{"a":0,"k":[100,100,100],"ix":6}},"ao":0,"shapes":[{"ty":"gr","it":[{"ind":0,"ty":"sh","ix":1,"ks":{"a":0,"k":{"i":[[0,0],[-1.778,-0.581],[-4.139,0.566],[-2.332,6.914],[-2.929,5.76],[-5.291,6.907],[-1.152,6.34],[1.793,3.464],[0,0],[0,0],[0,0],[0,0]],"o":[[0,0],[1.779,0.581],[4.14,-0.567],[2.333,-6.914],[2.93,-5.759],[5.291,-6.908],[1.151,-6.34],[-1.792,-3.463],[0,0],[0,0],[0,0],[0,0]],"v":[[-35.239,51.812],[-31.668,55.856],[-24.54,61.062],[-14.541,48.975],[-2.715,24.725],[14.045,-4.755],[30.006,-36.261],[33.446,-58.166],[26.93,-59.333],[5.809,-23.053],[-17.105,9.76],[-34.102,42.588]],"c":true},"ix":2},"nm":"Path 1","mn":"ADBE Vector Shape - Group","hd":false},{"ty":"fl","c":{"a":0,"k":[0.579999976065,0.525,0.569000004787,1],"ix":4},"o":{"a":0,"k":100,"ix":5},"r":1,"bm":0,"nm":"Fill 1","mn":"ADBE Vector Graphic - Fill","hd":false},{"ty":"tr","p":{"a":0,"k":[966.105,1146.369],"ix":2},"a":{"a":0,"k":[0,0],"ix":1},"s":{"a":0,"k":[100,100],"ix":3},"r":{"a":0,"k":0,"ix":6},"o":{"a":0,"k":100,"ix":7},"sk":{"a":0,"k":0,"ix":4},"sa":{"a":0,"k":0,"ix":5},"nm":"Transform"}],"nm":"Group 1","np":2,"cix":2,"bm":0,"ix":1,"mn":"ADBE Vector Group","hd":false}],"ip":0,"op":360,"st":0,"bm":0},{"ddd":0,"ind":25,"ty":4,"nm":"calf_skin_1","parent":22,"sr":1,"ks":{"o":{"a":0,"k":100,"ix":11},"r":{"a":0,"k":0,"ix":10},"p":{"a":0,"k":[876.442,1156.697,0],"ix":2},"a":{"a":0,"k":[870.442,1156.697,0],"ix":1},"s":{"a":0,"k":[94,94,100],"ix":6}},"ao":0,"shapes":[{"ty":"gr","it":[{"ind":0,"ty":"sh","ix":1,"ks":{"a":0,"k":{"i":[[0.205,11.835],[15.409,-2.655],[-0.205,-11.836],[-11.97,-0.072]],"o":[[-0.205,-11.836],[-11.744,2.022],[0.205,11.836],[11.969,0.072]],"v":[[21.673,0.829],[-0.491,-19.545],[-21.672,0.567],[0.372,22.128]],"c":true},"ix":2},"nm":"Path 1","mn":"ADBE Vector Shape - Group","hd":false},{"ty":"fl","c":{"a":0,"k":[0.783999992819,0.545000023935,0.458999992819,1],"ix":4},"o":{"a":0,"k":100,"ix":5},"r":1,"bm":0,"nm":"Fill 1","mn":"ADBE Vector Graphic - Fill","hd":false},{"ty":"tr","p":{"a":0,"k":[914.974,1159.194],"ix":2},"a":{"a":0,"k":[0,0],"ix":1},"s":{"a":0,"k":[100,100],"ix":3},"r":{"a":0,"k":0,"ix":6},"o":{"a":0,"k":100,"ix":7},"sk":{"a":0,"k":0,"ix":4},"sa":{"a":0,"k":0,"ix":5},"nm":"Transform"}],"nm":"Group 1","np":2,"cix":2,"bm":0,"ix":1,"mn":"ADBE Vector Group","hd":false},{"ty":"gr","it":[{"ind":0,"ty":"sh","ix":1,"ks":{"a":0,"k":{"i":[[-4.688,-2.622],[-6.193,-0.037],[-9.288,-0.056],[-7.651,5.142],[44.151,1.626],[41.818,1.549],[4.622,-1.27]],"o":[[1.839,1.028],[6.191,0.037],[9.288,0.056],[7.65,-5.141],[-9.652,-0.355],[-41.819,-1.55],[-4.621,1.268]],"v":[[-75.338,22.563],[-30.496,19.889],[6.63,18.583],[62.721,20.845],[36.627,-16.861],[-14.124,-17.859],[-76.157,-24.718]],"c":true},"ix":2},"nm":"Path 1","mn":"ADBE Vector Shape - Group","hd":false},{"ty":"fl","c":{"a":0,"k":[0.783999992819,0.545000023935,0.458999992819,1],"ix":4},"o":{"a":0,"k":100,"ix":5},"r":1,"bm":0,"nm":"Fill 1","mn":"ADBE Vector Graphic - Fill","hd":false},{"ty":"tr","p":{"a":0,"k":[875.287,1156.951],"ix":2},"a":{"a":0,"k":[0,0],"ix":1},"s":{"a":0,"k":[100,100],"ix":3},"r":{"a":0,"k":0,"ix":6},"o":{"a":0,"k":100,"ix":7},"sk":{"a":0,"k":0,"ix":4},"sa":{"a":0,"k":0,"ix":5},"nm":"Transform"}],"nm":"Group 2","np":2,"cix":2,"bm":0,"ix":2,"mn":"ADBE Vector Group","hd":false}],"ip":0,"op":360,"st":0,"bm":0},{"ddd":0,"ind":26,"ty":4,"nm":"lower_body","sr":1,"ks":{"o":{"a":0,"k":100,"ix":11},"r":{"a":0,"k":0,"ix":10},"p":{"a":0,"k":[629.557,623.817,0],"ix":2},"a":{"a":0,"k":[605.557,1341.817,0],"ix":1},"s":{"a":0,"k":[100,100,100],"ix":6}},"ao":0,"shapes":[{"ty":"gr","it":[{"ind":0,"ty":"sh","ix":1,"ks":{"a":0,"k":{"i":[[0,0],[19.67,2.81],[4.34,-0.01],[10.09,0.1],[1.18,0.02],[0.32,0],[0,0],[0,0],[0,0],[0,0],[0,0],[0,0],[0,0],[-0.53,-0.09],[0,0],[-4.59,-0.73],[-0.24,-0.04],[-10.51,0.92],[0,0],[0,0]],"o":[[0,0],[-7.261,-1.04],[-9.77,0.01],[-1.38,-0.02],[-4.15,-0.04],[0,0],[0,0],[0,0],[0,0],[0,0],[0,0],[0,0],[0,0],[0,0],[1.51,0.29],[0.24,0.04],[11.85,1.9],[16.36,-1.45],[0,0],[0,0]],"v":[[60.445,59.4],[15.935,51.34],[-2.225,49.6],[-36.835,49.38],[-40.685,49.33],[-47.925,49.25],[-47.935,49.24],[-47.945,49.24],[-51.195,20.99],[-59.305,-49.579],[-60.265,-57.85],[-60.435,-59.32],[-60.445,-59.4],[-59.625,-59.25],[-59.615,-59.25],[-50.005,-57.59],[-49.285,-57.47],[-8.485,-54.03],[20.905,-54.6],[25.305,-41.89]],"c":true},"ix":2},"nm":"Path 1","mn":"ADBE Vector Shape - Group","hd":false},{"ty":"fl","c":{"a":0,"k":[0.842999985639,0.607999973671,0.501999978458,1],"ix":4},"o":{"a":0,"k":100,"ix":5},"r":1,"bm":0,"nm":"Fill 1","mn":"ADBE Vector Graphic - Fill","hd":false},{"ty":"tr","p":{"a":0,"k":[605.557,1341.817],"ix":2},"a":{"a":0,"k":[0,0],"ix":1},"s":{"a":0,"k":[100,100],"ix":3},"r":{"a":0,"k":0,"ix":6},"o":{"a":0,"k":100,"ix":7},"sk":{"a":0,"k":0,"ix":4},"sa":{"a":0,"k":0,"ix":5},"nm":"Transform"}],"nm":"Group 1","np":2,"cix":2,"bm":0,"ix":1,"mn":"ADBE Vector Group","hd":false}],"ip":0,"op":360,"st":0,"bm":0},{"ddd":0,"ind":27,"ty":4,"nm":"body","sr":1,"ks":{"o":{"a":0,"k":100,"ix":11},"r":{"a":0,"k":0,"ix":10},"p":{"a":0,"k":[504.178,618.977,0],"ix":2},"a":{"a":0,"k":[480.178,1336.977,0],"ix":1},"s":{"a":0,"k":[100,100,100],"ix":6}},"ao":0,"shapes":[{"ty":"gr","it":[{"ind":0,"ty":"sh","ix":1,"ks":{"a":0,"k":{"i":[[-4.471,29.913],[29.914,4.472],[4.471,-29.913],[-29.914,-4.47]],"o":[[4.472,-29.913],[-29.913,-4.47],[-4.471,29.913],[29.913,4.472]],"v":[[54.162,8.096],[8.095,-54.164],[-54.164,-8.096],[-8.097,54.162]],"c":true},"ix":2},"nm":"Path 1","mn":"ADBE Vector Shape - Group","hd":false},{"ty":"fl","c":{"a":0,"k":[0.842999985639,0.607999973671,0.501999978458,1],"ix":4},"o":{"a":0,"k":100,"ix":5},"r":1,"bm":0,"nm":"Fill 1","mn":"ADBE Vector Graphic - Fill","hd":false},{"ty":"tr","p":{"a":0,"k":[541.805,1338.621],"ix":2},"a":{"a":0,"k":[0,0],"ix":1},"s":{"a":0,"k":[100,100],"ix":3},"r":{"a":0,"k":0,"ix":6},"o":{"a":0,"k":100,"ix":7},"sk":{"a":0,"k":0,"ix":4},"sa":{"a":0,"k":0,"ix":5},"nm":"Transform"}],"nm":"Group 1","np":2,"cix":2,"bm":0,"ix":1,"mn":"ADBE Vector Group","hd":false},{"ty":"gr","it":[{"ind":0,"ty":"sh","ix":1,"ks":{"a":0,"k":{"i":[[4.18,-23.26],[1.42,-3.84],[0,0],[1.96,-1.09],[0.43,-0.02],[1.53,-0.159],[16.38,-2.89],[9.15,-1.6],[30.93,7.54],[-38.75,35],[-15.33,-4.29],[-16.67,-3.05],[-13.23,-1.28],[-0.57,-0.049],[-0.27,-0.02],[0,0],[-0.93,-0.079],[-1.89,-0.561],[-0.29,-0.1],[-2.26,-1.68],[-0.01,-0.009],[-1.48,-1.7]],"o":[[-0.97,5.46],[0,0],[-1.69,4.609],[-0.42,0.23],[-1.2,0.09],[-9.61,1.08],[-9.76,1.73],[-26.93,4.71],[-30.93,-7.53],[38.75,-35.01],[7.44,2.08],[7.47,1.36],[0.55,0.05],[0.27,0.031],[0,0],[0.9,0.091],[2.11,0.19],[0.3,0.089],[2.76,0.92],[0.01,0.011],[1.77,1.3],[14.82,16.87]],"v":[[111.78,30.63],[108.13,44.76],[108.13,44.771],[102.55,53.62],[101.27,54.01],[97.16,54.39],[55.52,61.03],[26.59,66.17],[-78.31,56.31],[-77.21,-19.29],[15.84,-66.59],[45.29,-58.41],[75.74,-54.41],[77.41,-54.26],[78.22,-54.19],[78.23,-54.19],[80.98,-53.94],[86.96,-52.809],[87.84,-52.53],[95.38,-48.61],[95.41,-48.59],[100.3,-44.08]],"c":true},"ix":2},"nm":"Path 1","mn":"ADBE Vector Shape - Group","hd":false},{"ty":"fl","c":{"a":0,"k":[0.842999985639,0.607999973671,0.501999978458,1],"ix":4},"o":{"a":0,"k":100,"ix":5},"r":1,"bm":0,"nm":"Fill 1","mn":"ADBE Vector Graphic - Fill","hd":false},{"ty":"tr","p":{"a":0,"k":[467.712,1336.757],"ix":2},"a":{"a":0,"k":[0,0],"ix":1},"s":{"a":0,"k":[100,100],"ix":3},"r":{"a":0,"k":0,"ix":6},"o":{"a":0,"k":100,"ix":7},"sk":{"a":0,"k":0,"ix":4},"sa":{"a":0,"k":0,"ix":5},"nm":"Transform"}],"nm":"Group 2","np":2,"cix":2,"bm":0,"ix":2,"mn":"ADBE Vector Group","hd":false}],"ip":0,"op":360,"st":0,"bm":0},{"ddd":0,"ind":28,"ty":4,"nm":"hand_1","parent":30,"sr":1,"ks":{"o":{"a":0,"k":100,"ix":11},"r":{"a":0,"k":0,"ix":10},"p":{"a":0,"k":[86.546,1342.173,0],"ix":2},"a":{"a":0,"k":[86.546,1342.173,0],"ix":1},"s":{"a":0,"k":[100,100,100],"ix":6}},"ao":0,"shapes":[{"ty":"gr","it":[{"ind":0,"ty":"sh","ix":1,"ks":{"a":0,"k":{"i":[[0,0],[21.477,1.85],[3.462,0.392],[5.066,0.573],[-5.893,1.506],[-6.975,0.595],[-11.956,1.02],[-5.321,-3.561],[-1.251,-2.903],[5.893,-1.505]],"o":[[-4.449,0.945],[-3.65,-0.315],[-5.067,-0.571],[-13.516,-1.524],[5.893,-1.506],[6.975,-0.595],[11.957,-1.019],[5.322,3.561],[1.252,2.905],[-5.894,1.506]],"v":[[41.829,13.678],[-7.005,11.442],[-18.548,11.8],[-45.049,7.034],[-53.785,-1.253],[-34.027,-4.945],[-20.419,-10.12],[37.712,-11.062],[55.499,-2.543],[53.785,12.658]],"c":true},"ix":2},"nm":"Path 1","mn":"ADBE Vector Shape - Group","hd":false},{"ty":"fl","c":{"a":0,"k":[0.783999992819,0.545000023935,0.458999992819,1],"ix":4},"o":{"a":0,"k":100,"ix":5},"r":1,"bm":0,"nm":"Fill 1","mn":"ADBE Vector Graphic - Fill","hd":false},{"ty":"tr","p":{"a":0,"k":[86.464,1341.492],"ix":2},"a":{"a":0,"k":[0,0],"ix":1},"s":{"a":0,"k":[100,100],"ix":3},"r":{"a":0,"k":0,"ix":6},"o":{"a":0,"k":100,"ix":7},"sk":{"a":0,"k":0,"ix":4},"sa":{"a":0,"k":0,"ix":5},"nm":"Transform"}],"nm":"Group 1","np":2,"cix":2,"bm":0,"ix":1,"mn":"ADBE Vector Group","hd":false}],"ip":0,"op":360,"st":0,"bm":0},{"ddd":0,"ind":29,"ty":4,"nm":"arm_1","sr":1,"ks":{"o":{"a":0,"k":100,"ix":11},"r":{"a":1,"k":[{"i":{"x":[0.425],"y":[1]},"o":{"x":[0.333],"y":[0]},"t":9,"s":[89]},{"i":{"x":[0.667],"y":[1]},"o":{"x":[0.544],"y":[0]},"t":89.074,"s":[0]},{"t":163.427734375,"s":[89]}],"ix":10},"p":{"a":0,"k":[427.493,635.405,0],"ix":2},"a":{"a":0,"k":[410.493,1353.405,0],"ix":1},"s":{"a":0,"k":[100,100,100],"ix":6}},"ao":0,"shapes":[{"ty":"gr","it":[{"ind":0,"ty":"sh","ix":1,"ks":{"a":0,"k":{"i":[[-0.643,-36.795],[27.076,8.703],[17.864,3.337],[-7.981,16.44],[-20.4,-1.761]],"o":[[0.381,21.789],[-27.076,-8.703],[-8.144,-1.521],[8.517,-17.543],[20.401,1.761]],"v":[[96.255,3.897],[19.569,24.195],[-64.756,17.098],[-88.656,-14.703],[20.633,-30.277]],"c":true},"ix":2},"nm":"Path 1","mn":"ADBE Vector Shape - Group","hd":false},{"ty":"fl","c":{"a":0,"k":[0.783999992819,0.545000023935,0.458999992819,1],"ix":4},"o":{"a":0,"k":100,"ix":5},"r":1,"bm":0,"nm":"Fill 1","mn":"ADBE Vector Graphic - Fill","hd":false},{"ty":"tr","p":{"a":0,"k":[344.501,1352.536],"ix":2},"a":{"a":0,"k":[0,0],"ix":1},"s":{"a":0,"k":[100,100],"ix":3},"r":{"a":0,"k":0,"ix":6},"o":{"a":0,"k":100,"ix":7},"sk":{"a":0,"k":0,"ix":4},"sa":{"a":0,"k":0,"ix":5},"nm":"Transform"}],"nm":"Group 1","np":2,"cix":2,"bm":0,"ix":1,"mn":"ADBE Vector Group","hd":false}],"ip":0,"op":360,"st":0,"bm":0},{"ddd":0,"ind":30,"ty":4,"nm":"forearm_1","parent":29,"sr":1,"ks":{"o":{"a":0,"k":100,"ix":11},"r":{"a":0,"k":0,"ix":10},"p":{"a":0,"k":[263.878,1350.307,0],"ix":2},"a":{"a":0,"k":[263.878,1350.307,0],"ix":1},"s":{"a":0,"k":[100,100,100],"ix":6}},"ao":0,"shapes":[{"ty":"gr","it":[{"ind":0,"ty":"sh","ix":1,"ks":{"a":0,"k":{"i":[[11.282,0.221],[0.221,-11.281],[-11.282,-0.22],[-0.221,11.281]],"o":[[-11.281,-0.22],[-0.22,11.282],[11.281,0.22],[0.22,-11.281]],"v":[[0.399,-20.427],[-20.427,-0.399],[-0.399,20.427],[20.427,0.399]],"c":true},"ix":2},"nm":"Path 1","mn":"ADBE Vector Shape - Group","hd":false},{"ty":"fl","c":{"a":0,"k":[0.783999992819,0.545000023935,0.458999992819,1],"ix":4},"o":{"a":0,"k":100,"ix":5},"r":1,"bm":0,"nm":"Fill 1","mn":"ADBE Vector Graphic - Fill","hd":false},{"ty":"tr","p":{"a":0,"k":[265.139,1350.276],"ix":2},"a":{"a":0,"k":[0,0],"ix":1},"s":{"a":0,"k":[100,100],"ix":3},"r":{"a":0,"k":0,"ix":6},"o":{"a":0,"k":100,"ix":7},"sk":{"a":0,"k":0,"ix":4},"sa":{"a":0,"k":0,"ix":5},"nm":"Transform"}],"nm":"Group 1","np":2,"cix":2,"bm":0,"ix":1,"mn":"ADBE Vector Group","hd":false},{"ty":"gr","it":[{"ind":0,"ty":"sh","ix":1,"ks":{"a":0,"k":{"i":[[-9.08,-23.337],[42.296,-3.261],[35.221,10.225],[7.904,13.778],[-39.518,0.59]],"o":[[2.469,6.347],[-24.595,1.897],[-35.22,-10.224],[-7.905,-13.777],[39.519,-0.59]],"v":[[81.907,-4.835],[60.921,23.363],[-7.089,17.947],[-95.312,1.238],[-32.271,-17.965]],"c":true},"ix":2},"nm":"Path 1","mn":"ADBE Vector Shape - Group","hd":false},{"ty":"fl","c":{"a":0,"k":[0.783999992819,0.545000023935,0.458999992819,1],"ix":4},"o":{"a":0,"k":100,"ix":5},"r":1,"bm":0,"nm":"Fill 1","mn":"ADBE Vector Graphic - Fill","hd":false},{"ty":"tr","p":{"a":0,"k":[206.542,1347.393],"ix":2},"a":{"a":0,"k":[0,0],"ix":1},"s":{"a":0,"k":[100,100],"ix":3},"r":{"a":0,"k":0,"ix":6},"o":{"a":0,"k":100,"ix":7},"sk":{"a":0,"k":0,"ix":4},"sa":{"a":0,"k":0,"ix":5},"nm":"Transform"}],"nm":"Group 2","np":2,"cix":2,"bm":0,"ix":2,"mn":"ADBE Vector Group","hd":false}],"ip":0,"op":360,"st":0,"bm":0}],"markers":[]}