{"v":"5.5.2","fr":25,"ip":0,"op":40,"w":1080,"h":724,"nm":"pull_up_00D4C6","ddd":0,"assets":[],"layers":[{"ddd":0,"ind":1,"ty":3,"nm":"CTRL pull up","sr":1,"ks":{"o":{"a":0,"k":0,"ix":11},"r":{"a":0,"k":0,"ix":10},"p":{"a":0,"k":[540,327.757,0],"ix":2},"a":{"a":0,"k":[0,0,0],"ix":1},"s":{"a":0,"k":[100,100,100],"ix":6}},"ao":0,"ip":0,"op":326,"st":0,"bm":0},{"ddd":0,"ind":2,"ty":3,"nm":"CTRL Guy","parent":1,"sr":1,"ks":{"o":{"a":0,"k":0,"ix":11},"r":{"a":0,"k":0,"ix":10},"p":{"a":0,"k":[0,0,0],"ix":2},"a":{"a":0,"k":[0,0,0],"ix":1},"s":{"a":0,"k":[100,100,100],"ix":6}},"ao":0,"ip":0,"op":326,"st":0,"bm":0},{"ddd":0,"ind":3,"ty":3,"nm":"CTRL vertical sup","parent":2,"sr":1,"ks":{"o":{"a":0,"k":0,"ix":11},"r":{"a":0,"k":0,"ix":10},"p":{"a":1,"k":[{"i":{"x":0.58,"y":1},"o":{"x":0.42,"y":0},"t":0,"s":[0,18,0],"e":[0,-13,0],"to":[0,-5.167,0],"ti":[0,3,0]},{"i":{"x":0.58,"y":1},"o":{"x":0.42,"y":0},"t":15,"s":[0,-13,0],"e":[0,0,0],"to":[0,-3,0],"ti":[0,-5.167,0]},{"i":{"x":0.58,"y":1},"o":{"x":0.42,"y":0},"t":20,"s":[0,0,0],"e":[0,18,0],"to":[0,5.167,0],"ti":[0,-3,0]},{"t":35}],"ix":2},"a":{"a":0,"k":[0,0,0],"ix":1},"s":{"a":0,"k":[100,100,100],"ix":6}},"ao":0,"ip":0,"op":326,"st":0,"bm":0},{"ddd":0,"ind":4,"ty":3,"nm":"CTRL vertical","parent":3,"sr":1,"ks":{"o":{"a":0,"k":0,"ix":11},"r":{"a":0,"k":0,"ix":10},"p":{"a":1,"k":[{"i":{"x":0.833,"y":0.833},"o":{"x":0.167,"y":0.167},"t":0,"s":[-0.5,-25,0],"e":[-0.5,-56.873,0],"to":[0,-1.907,0],"ti":[0,2.968,0]},{"i":{"x":0.833,"y":0.833},"o":{"x":0.167,"y":0.167},"t":1,"s":[-0.5,-56.873,0],"e":[-0.5,-82.483,0],"to":[0,-1.82,0],"ti":[0,1.916,0]},{"i":{"x":0.833,"y":0.833},"o":{"x":0.167,"y":0.167},"t":2,"s":[-0.5,-82.483,0],"e":[-0.5,-103.07,0],"to":[0,-1.4,0],"ti":[0,1.325,0]},{"i":{"x":0.833,"y":0.833},"o":{"x":0.167,"y":0.167},"t":3,"s":[-0.5,-103.07,0],"e":[-0.5,-118.783,0],"to":[0,-0.951,0],"ti":[0,0.858,0]},{"i":{"x":0.833,"y":0.833},"o":{"x":0.167,"y":0.167},"t":4,"s":[-0.5,-118.783,0],"e":[-0.5,-130.802,0],"to":[0,-0.533,0],"ti":[0,0.48,0]},{"i":{"x":0.833,"y":0.833},"o":{"x":0.167,"y":0.167},"t":5,"s":[-0.5,-130.802,0],"e":[-0.5,-139.847,0],"to":[0,-0.56,0],"ti":[0,0.47,0]},{"i":{"x":0.833,"y":0.833},"o":{"x":0.167,"y":0.167},"t":6,"s":[-0.5,-139.847,0],"e":[-0.5,-144.856,0],"to":[0,-0.824,0],"ti":[0,0.522,0]},{"i":{"x":0.833,"y":0.833},"o":{"x":0.167,"y":0.167},"t":7,"s":[-0.5,-144.856,0],"e":[-0.5,-146.474,0],"to":[0,-1.884,0],"ti":[0,-1.151,0]},{"i":{"x":0.833,"y":0.833},"o":{"x":0.167,"y":0.167},"t":8,"s":[-0.5,-146.474,0],"e":[-0.5,-147.084,0],"to":[0,0.566,0],"ti":[0,-0.987,0]},{"i":{"x":0.833,"y":0.833},"o":{"x":0.167,"y":0.167},"t":9,"s":[-0.5,-147.084,0],"e":[-0.5,-146.333,0],"to":[0,0.79,0],"ti":[0,-1.018,0]},{"i":{"x":0.833,"y":0.833},"o":{"x":0.167,"y":0.167},"t":10,"s":[-0.5,-146.333,0],"e":[-0.5,-144.29,0],"to":[0,0.933,0],"ti":[0,-1.072,0]},{"i":{"x":0.833,"y":0.833},"o":{"x":0.167,"y":0.167},"t":11,"s":[-0.5,-144.29,0],"e":[-0.5,-140.246,0],"to":[0,0.962,0],"ti":[0,-1.011,0]},{"i":{"x":0.833,"y":0.833},"o":{"x":0.167,"y":0.167},"t":12,"s":[-0.5,-140.246,0],"e":[-0.5,-138.201,0],"to":[0,1.189,0],"ti":[0,-0.748,0]},{"i":{"x":0.833,"y":0.833},"o":{"x":0.167,"y":0.167},"t":13,"s":[-0.5,-138.201,0],"e":[-0.5,-136.659,0],"to":[0,0.923,0],"ti":[0,-0.797,0]},{"i":{"x":0.833,"y":0.833},"o":{"x":0.167,"y":0.167},"t":14,"s":[-0.5,-136.659,0],"e":[-0.5,-135.5,0],"to":[0,1.604,0],"ti":[0,2.654,0]},{"i":{"x":0.833,"y":0.833},"o":{"x":0.167,"y":0.167},"t":15,"s":[-0.5,-135.5,0],"e":[-0.5,-135.5,0],"to":[0,0,0],"ti":[0,0,0]},{"i":{"x":0.833,"y":0.833},"o":{"x":0.167,"y":0.167},"t":20,"s":[-0.5,-135.5,0],"e":[-0.5,-105.127,0],"to":[0,1.907,0],"ti":[0,-2.968,0]},{"i":{"x":0.833,"y":0.833},"o":{"x":0.167,"y":0.167},"t":21,"s":[-0.5,-105.127,0],"e":[-0.5,-78.41,0],"to":[0,1.847,0],"ti":[0,-1.96,0]},{"i":{"x":0.833,"y":0.833},"o":{"x":0.167,"y":0.167},"t":22,"s":[-0.5,-78.41,0],"e":[-0.5,-58.293,0],"to":[0,1.41,0],"ti":[0,-1.335,0]},{"i":{"x":0.833,"y":0.833},"o":{"x":0.167,"y":0.167},"t":23,"s":[-0.5,-58.293,0],"e":[-0.5,-41.508,0],"to":[0,0.976,0],"ti":[0,-0.881,0]},{"i":{"x":0.833,"y":0.833},"o":{"x":0.167,"y":0.167},"t":24,"s":[-0.5,-41.508,0],"e":[-0.5,-30.001,0],"to":[0,0.529,0],"ti":[0,-0.477,0]},{"i":{"x":0.833,"y":0.833},"o":{"x":0.167,"y":0.167},"t":25,"s":[-0.5,-30.001,0],"e":[-0.5,-21.458,0],"to":[0,0.559,0],"ti":[0,-0.471,0]},{"i":{"x":0.833,"y":0.833},"o":{"x":0.167,"y":0.167},"t":26,"s":[-0.5,-21.458,0],"e":[-0.5,-16.495,0],"to":[0,0.792,0],"ti":[0,-0.522,0]},{"i":{"x":0.833,"y":0.833},"o":{"x":0.167,"y":0.167},"t":27,"s":[-0.5,-16.495,0],"e":[-0.5,-14.466,0],"to":[0,1.929,0],"ti":[0,0.953,0]},{"i":{"x":0.833,"y":0.833},"o":{"x":0.167,"y":0.167},"t":28,"s":[-0.5,-14.466,0],"e":[-0.5,-13.806,0],"to":[0,-0.513,0],"ti":[0,0.999,0]},{"i":{"x":0.833,"y":0.833},"o":{"x":0.167,"y":0.167},"t":29,"s":[-0.5,-13.806,0],"e":[-0.5,-14.504,0],"to":[0,-0.767,0],"ti":[0,1.005,0]},{"i":{"x":0.833,"y":0.833},"o":{"x":0.167,"y":0.167},"t":30,"s":[-0.5,-14.504,0],"e":[-0.5,-17.49,0],"to":[0,-0.912,0],"ti":[0,1.055,0]},{"i":{"x":0.833,"y":0.833},"o":{"x":0.167,"y":0.167},"t":31,"s":[-0.5,-17.49,0],"e":[-0.5,-20.468,0],"to":[0,-0.982,0],"ti":[0,0.983,0]},{"i":{"x":0.833,"y":0.833},"o":{"x":0.167,"y":0.167},"t":32,"s":[-0.5,-20.468,0],"e":[-0.5,-22.449,0],"to":[0,-1.051,0],"ti":[0,0.913,0]},{"i":{"x":0.833,"y":0.833},"o":{"x":0.167,"y":0.167},"t":33,"s":[-0.5,-22.449,0],"e":[-0.5,-24.627,0],"to":[0,-1.212,0],"ti":[0,0.824,0]},{"i":{"x":0.833,"y":0.833},"o":{"x":0.167,"y":0.167},"t":34,"s":[-0.5,-24.627,0],"e":[-0.5,-25,0],"to":[0,-1.609,0],"ti":[0,-2.637,0]},{"t":35}],"ix":2},"a":{"a":0,"k":[50,50,0],"ix":1},"s":{"a":0,"k":[24,24,100],"ix":6}},"ao":0,"ip":0,"op":326,"st":0,"bm":0},{"ddd":0,"ind":5,"ty":4,"nm":"Barre 2","parent":1,"sr":1,"ks":{"o":{"a":0,"k":100,"ix":11},"r":{"a":0,"k":0,"ix":10},"p":{"a":0,"k":[-2.375,-198.25,0],"ix":2},"a":{"a":0,"k":[-372.375,-196.25,0],"ix":1},"s":{"a":0,"k":[65,100,100],"ix":6}},"ao":0,"shapes":[{"ty":"gr","it":[{"ind":0,"ty":"sh","ix":1,"ks":{"a":0,"k":{"i":[[0,0],[0,0]],"o":[[0,0],[0,0]],"v":[[-448,-196.062],[-291.75,-196.062]],"c":false},"ix":2},"nm":"Path 1","mn":"ADBE Vector Shape - Group","hd":false},{"ty":"st","c":{"a":0,"k":[0,0.709803921569,0.662745098039,1],"ix":3},"o":{"a":0,"k":100,"ix":4},"w":{"a":0,"k":8,"ix":5},"lc":2,"lj":2,"bm":0,"nm":"Stroke 1","mn":"ADBE Vector Graphic - Stroke","hd":false},{"ty":"tr","p":{"a":0,"k":[0,0],"ix":2},"a":{"a":0,"k":[0,0],"ix":1},"s":{"a":0,"k":[100,100],"ix":3},"r":{"a":0,"k":0,"ix":6},"o":{"a":0,"k":100,"ix":7},"sk":{"a":0,"k":0,"ix":4},"sa":{"a":0,"k":0,"ix":5},"nm":"Transform"}],"nm":"Shape 1","np":2,"cix":2,"bm":0,"ix":1,"mn":"ADBE Vector Group","hd":false}],"ip":0,"op":326,"st":0,"bm":0},{"ddd":0,"ind":6,"ty":4,"nm":"Head","parent":4,"sr":1,"ks":{"o":{"a":0,"k":100,"ix":11},"r":{"a":0,"k":0,"ix":10},"p":{"a":0,"k":[47.917,-60.937,0],"ix":2},"a":{"a":0,"k":[0,0,0],"ix":1},"s":{"a":0,"k":[449.066,449.066,100],"ix":6}},"ao":0,"shapes":[{"ty":"gr","it":[{"ind":0,"ty":"sh","ix":1,"ks":{"a":0,"k":{"i":[[0,0],[-3.195,0],[-2.792,1.062],[8.371,0]],"o":[[2.874,1.132],[3.089,0],[0,0],[-8.098,0]],"v":[[-8.45,-25.994],[0.693,-24.25],[9.551,-25.885],[0.443,-20.271]],"c":true},"ix":2},"nm":"Mask 9","mn":"ADBE Vector Shape - Group","hd":false},{"ty":"fl","c":{"a":0,"k":[0.913725550034,0.729411764706,0.592156862745,1],"ix":4},"o":{"a":0,"k":100,"ix":5},"r":1,"bm":0,"nm":"Fill 1","mn":"ADBE Vector Graphic - Fill","hd":false},{"ty":"tr","p":{"a":0,"k":[0.551,-16.522],"ix":2},"a":{"a":0,"k":[0.551,-16.522],"ix":1},"s":{"a":0,"k":[100,100],"ix":3},"r":{"a":0,"k":0,"ix":6},"o":{"a":0,"k":100,"ix":7},"sk":{"a":0,"k":0,"ix":4},"sa":{"a":0,"k":0,"ix":5},"nm":"Transform"}],"nm":"Group 2","np":2,"cix":2,"bm":0,"ix":1,"mn":"ADBE Vector Group","hd":false},{"ty":"gr","it":[{"ind":0,"ty":"sh","ix":1,"ks":{"a":0,"k":{"i":[[-5.963,0],[-1.557,1.251],[-2.447,-1.129],[0,0],[-0.616,-3.7],[-0.291,1.259],[0.157,2.198],[10.008,5.777],[7.482,-1.88],[3.798,-7.899],[0.17,-4.292],[-0.456,-1.622],[-0.247,1.668],[0.029,0.59],[-0.055,0.793],[-0.452,1.352],[-1.283,1.662],[-2.655,1.181],[-2.259,-2.072]],"o":[[5.148,0],[2.101,-1.689],[6.825,3.149],[2.015,3.415],[0.234,1.407],[0.495,-2.138],[-0.356,-4.962],[-10.008,-5.778],[-7.482,1.88],[-1.864,3.879],[-0.067,1.685],[0.167,0.595],[0.082,-0.555],[-0.039,-0.796],[0.099,-1.422],[0.658,-1.97],[1.909,-2.473],[2.8,-1.246],[2.055,1.886]],"v":[[2.496,-75.19],[11.487,-79.17],[18.945,-80.103],[25.972,-72.441],[27.675,-61.132],[28.732,-61.015],[29.303,-67.572],[17.111,-91.351],[-10.291,-94.302],[-25.997,-79.183],[-29.137,-66.425],[-28.52,-61.379],[-27.204,-60.387],[-27.452,-62.299],[-27.392,-64.694],[-26.579,-68.871],[-23.801,-74.639],[-17.412,-80.531],[-9.124,-78.893]],"c":true},"ix":2},"nm":"Mask 23","mn":"ADBE Vector Shape - Group","hd":false},{"ty":"fl","c":{"a":0,"k":[0.101960791794,0.149019607843,0.262745098039,1],"ix":4},"o":{"a":0,"k":100,"ix":5},"r":1,"bm":0,"nm":"Fill 1","mn":"ADBE Vector Graphic - Fill","hd":false},{"ty":"tr","p":{"a":0,"k":[0.102,-77.75],"ix":2},"a":{"a":0,"k":[0.102,-77.75],"ix":1},"s":{"a":0,"k":[100,100],"ix":3},"r":{"a":0,"k":0,"ix":6},"o":{"a":0,"k":100,"ix":7},"sk":{"a":0,"k":0,"ix":4},"sa":{"a":0,"k":0,"ix":5},"nm":"Transform"}],"nm":"Group 3","np":2,"cix":2,"bm":0,"ix":2,"mn":"ADBE Vector Group","hd":false},{"ty":"gr","it":[{"ind":0,"ty":"sh","ix":1,"ks":{"a":0,"k":{"i":[[-13.814,0],[-2.996,-15.213],[-1.377,-0.005],[-0.016,-4.377],[3.01,1.047],[0.227,0.133],[10.255,-3.899],[0,0],[4.971,0],[0,4.97],[0,0],[1.685,12.834],[0.345,-0.12],[-0.017,4.378],[-3.546,0.012],[-0.634,-0.763]],"o":[[13.737,0],[0.62,-0.604],[3.546,0.012],[0.016,4.378],[-0.247,-0.087],[-1.744,12.876],[0,0],[0,4.97],[-4.971,0],[0,0],[-10.16,-4],[-0.301,0.208],[-3.01,1.047],[0.016,-4.377],[1.559,-0.005],[2.916,-15.341]],"v":[[0.693,-93.05],[28.932,-66.505],[31.796,-67.436],[36.551,-58.704],[30.033,-52.817],[29.322,-53.147],[9.552,-25.885],[9.454,-22.081],[0.454,-13.081],[-8.546,-22.081],[-8.448,-25.993],[-27.959,-53.313],[-28.93,-52.817],[-35.448,-58.704],[-30.693,-67.436],[-27.594,-66.252]],"c":true},"ix":2},"nm":"Mask 1","mn":"ADBE Vector Shape - Group","hd":false},{"ty":"fl","c":{"a":0,"k":[1,0.803921628466,0.658823529412,1],"ix":4},"o":{"a":0,"k":100,"ix":5},"r":1,"bm":0,"nm":"Fill 1","mn":"ADBE Vector Graphic - Fill","hd":false},{"ty":"tr","p":{"a":0,"k":[0.552,-50.05],"ix":2},"a":{"a":0,"k":[0.552,-50.05],"ix":1},"s":{"a":0,"k":[100,100],"ix":3},"r":{"a":0,"k":0,"ix":6},"o":{"a":0,"k":100,"ix":7},"sk":{"a":0,"k":0,"ix":4},"sa":{"a":0,"k":0,"ix":5},"nm":"Transform"}],"nm":"Group 1","np":2,"cix":2,"bm":0,"ix":3,"mn":"ADBE Vector Group","hd":false}],"ip":0,"op":326,"st":0,"bm":0},{"ddd":0,"ind":7,"ty":4,"nm":"Ceinture","parent":4,"sr":1,"ks":{"o":{"a":0,"k":100,"ix":11},"r":{"a":0,"k":0,"ix":10},"p":{"a":0,"k":[52.083,614.583,0],"ix":2},"a":{"a":0,"k":[0,0,0],"ix":1},"s":{"a":0,"k":[416.667,416.667,100],"ix":6}},"ao":0,"shapes":[{"ty":"gr","it":[{"ind":0,"ty":"sh","ix":1,"ks":{"a":0,"k":{"i":[[-0.25,0],[0,0],[-17.25,0],[-0.25,0],[0,0],[15.5,0]],"o":[[0.25,0],[0,0],[17.25,0],[0.25,0],[0,0],[-15.5,0]],"v":[[-34.25,-56.875],[-35.375,-49.75],[2.75,-43.5],[37.25,-50],[35.75,-57.875],[2.75,-52.25]],"c":true},"ix":2},"nm":"Path 1","mn":"ADBE Vector Shape - Group","hd":false},{"ty":"fl","c":{"a":0,"k":[0.164705887437,0.258823543787,0.368627458811,1],"ix":4},"o":{"a":0,"k":100,"ix":5},"r":1,"bm":0,"nm":"Fill 1","mn":"ADBE Vector Graphic - Fill","hd":false},{"ty":"tr","p":{"a":0,"k":[0,0],"ix":2},"a":{"a":0,"k":[0,0],"ix":1},"s":{"a":0,"k":[100,100],"ix":3},"r":{"a":0,"k":0,"ix":6},"o":{"a":0,"k":100,"ix":7},"sk":{"a":0,"k":0,"ix":4},"sa":{"a":0,"k":0,"ix":5},"nm":"Transform"}],"nm":"Shape 1","np":3,"cix":2,"bm":0,"ix":1,"mn":"ADBE Vector Group","hd":false}],"ip":0,"op":76.0419921875,"st":0,"bm":0},{"ddd":0,"ind":8,"ty":4,"nm":"Short L","parent":4,"sr":1,"ks":{"o":{"a":0,"k":100,"ix":11},"r":{"a":0,"k":-2.921,"ix":10},"p":{"a":0,"k":[145.638,369.477,0],"ix":2},"a":{"a":0,"k":[198.809,0.25,0],"ix":1},"s":{"a":0,"k":[137.616,137.616,100],"ix":6}},"ao":0,"shapes":[{"ty":"gr","it":[{"ind":0,"ty":"sh","ix":1,"ks":{"a":0,"k":{"i":[[-49.866,14.207],[0,0],[0,0],[-1.166,9.129]],"o":[[0,0],[-61.297,25.529],[0.826,-4.972],[21.229,10.422]],"v":[[61.982,-14.276],[60.793,8.448],[-65.767,-12.894],[-62.741,-34.344]],"c":true},"ix":2},"nm":"Path 1","mn":"ADBE Vector Shape - Group","hd":false},{"ty":"fl","c":{"a":0,"k":[0.165000002992,0.258999992819,0.368999974868,1],"ix":4},"o":{"a":0,"k":100,"ix":5},"r":1,"bm":0,"nm":"Fill 1","mn":"ADBE Vector Graphic - Fill","hd":false},{"ty":"tr","p":{"a":0,"k":[205.282,281.472],"ix":2},"a":{"a":0,"k":[0,0],"ix":1},"s":{"a":0,"k":[-100,100],"ix":3},"r":{"a":0,"k":0,"ix":6},"o":{"a":0,"k":100,"ix":7},"sk":{"a":0,"k":0,"ix":4},"sa":{"a":0,"k":0,"ix":5},"nm":"Transform"}],"nm":"Group 6","np":2,"cix":2,"bm":0,"ix":1,"mn":"ADBE Vector Group","hd":false},{"ty":"gr","it":[{"ind":0,"ty":"sh","ix":1,"ks":{"a":0,"k":{"i":[[0,0],[0,0],[0,0],[0,0],[-1.166,9.129],[0,0],[0,0]],"o":[[0,0],[0,0],[-61.297,25.53],[0.826,-4.971],[8.917,-69.451],[102.966,17.745],[8.694,60.405]],"v":[[2.895,-49.036],[-2.382,109.807],[-3.571,132.53],[-127.859,110.46],[-124.833,89.01],[-98.734,-152.297],[1.593,-137.197]],"c":true},"ix":2},"nm":"Path 1","mn":"ADBE Vector Shape - Group","hd":false},{"ty":"fl","c":{"a":0,"k":[0.255000005984,0.325,0.447000002394,1],"ix":4},"o":{"a":0,"k":100,"ix":5},"r":1,"bm":0,"nm":"Fill 1","mn":"ADBE Vector Graphic - Fill","hd":false},{"ty":"tr","p":{"a":0,"k":[141.734,158.034],"ix":2},"a":{"a":0,"k":[0,0],"ix":1},"s":{"a":0,"k":[-100,100],"ix":3},"r":{"a":0,"k":0,"ix":6},"o":{"a":0,"k":100,"ix":7},"sk":{"a":0,"k":0,"ix":4},"sa":{"a":0,"k":0,"ix":5},"nm":"Transform"}],"nm":"Group 5","np":2,"cix":2,"bm":0,"ix":2,"mn":"ADBE Vector Group","hd":false}],"ip":0,"op":76.0416666666667,"st":0,"bm":0},{"ddd":0,"ind":9,"ty":4,"nm":"Short R","parent":4,"sr":1,"ks":{"o":{"a":0,"k":100,"ix":11},"r":{"a":0,"k":0.794,"ix":10},"p":{"a":0,"k":[-24.539,377.142,0],"ix":2},"a":{"a":0,"k":[75.148,5.82,0],"ix":1},"s":{"a":0,"k":[137.616,137.616,100],"ix":6}},"ao":0,"shapes":[{"ty":"gr","it":[{"ind":0,"ty":"sh","ix":1,"ks":{"a":0,"k":{"i":[[-49.866,14.207],[0,0],[0,0],[-1.166,9.129]],"o":[[0,0],[-61.297,25.529],[0.826,-4.972],[21.229,10.422]],"v":[[61.982,-14.276],[60.793,8.448],[-65.767,-12.894],[-62.741,-34.344]],"c":true},"ix":2},"nm":"Path 1","mn":"ADBE Vector Shape - Group","hd":false},{"ty":"fl","c":{"a":0,"k":[0.165000002992,0.258999992819,0.368999974868,1],"ix":4},"o":{"a":0,"k":100,"ix":5},"r":1,"bm":0,"nm":"Fill 1","mn":"ADBE Vector Graphic - Fill","hd":false},{"ty":"tr","p":{"a":0,"k":[66.017,281.472],"ix":2},"a":{"a":0,"k":[0,0],"ix":1},"s":{"a":0,"k":[100,100],"ix":3},"r":{"a":0,"k":0,"ix":6},"o":{"a":0,"k":100,"ix":7},"sk":{"a":0,"k":0,"ix":4},"sa":{"a":0,"k":0,"ix":5},"nm":"Transform"}],"nm":"Group 2","np":2,"cix":2,"bm":0,"ix":1,"mn":"ADBE Vector Group","hd":false},{"ty":"gr","it":[{"ind":0,"ty":"sh","ix":1,"ks":{"a":0,"k":{"i":[[0,0],[0,0],[0,0],[0,0],[-1.166,9.129],[0,0],[0,0]],"o":[[0,0],[0,0],[-61.297,25.53],[0.826,-4.971],[8.917,-69.451],[102.966,17.745],[8.694,60.405]],"v":[[-1.647,-49.185],[-13.736,109.162],[-14.925,131.885],[-141.484,110.544],[-138.458,89.094],[-112.359,-152.213],[-2.948,-137.346]],"c":true},"ix":2},"nm":"Path 1","mn":"ADBE Vector Shape - Group","hd":false},{"ty":"fl","c":{"a":0,"k":[0.255000005984,0.325,0.447000002394,1],"ix":4},"o":{"a":0,"k":100,"ix":5},"r":1,"bm":0,"nm":"Fill 1","mn":"ADBE Vector Graphic - Fill","hd":false},{"ty":"tr","p":{"a":0,"k":[141.734,158.034],"ix":2},"a":{"a":0,"k":[0,0],"ix":1},"s":{"a":0,"k":[100,100],"ix":3},"r":{"a":0,"k":0,"ix":6},"o":{"a":0,"k":100,"ix":7},"sk":{"a":0,"k":0,"ix":4},"sa":{"a":0,"k":0,"ix":5},"nm":"Transform"}],"nm":"Group 4","np":2,"cix":2,"bm":0,"ix":2,"mn":"ADBE Vector Group","hd":false}],"ip":0,"op":76.0416666666667,"st":0,"bm":0},{"ddd":0,"ind":10,"ty":4,"nm":"Stomach","parent":4,"sr":1,"ks":{"o":{"a":0,"k":100,"ix":11},"r":{"a":0,"k":0,"ix":10},"p":{"a":0,"k":[52.083,591.146,0],"ix":2},"a":{"a":0,"k":[0,0,0],"ix":1},"s":{"a":0,"k":[416.667,416.667,100],"ix":6}},"ao":0,"shapes":[{"ty":"gr","it":[{"ind":0,"ty":"sh","ix":1,"ks":{"a":0,"k":{"i":[[0,0],[10.568,-3.129],[-19.014,-0.918],[0,0]],"o":[[0,0],[0,0],[19.015,-0.918],[-10.568,-3.129]],"v":[[0.5,-181.75],[-18.903,-178.305],[0.5,-147.75],[19.903,-178.305]],"c":true},"ix":2},"nm":"Mask 1","mn":"ADBE Vector Shape - Group","hd":false},{"ty":"fl","c":{"a":0,"k":[1,0.803921628466,0.658823529412,1],"ix":4},"o":{"a":0,"k":100,"ix":5},"r":1,"bm":0,"nm":"Fill 1","mn":"ADBE Vector Graphic - Fill","hd":false},{"ty":"tr","p":{"a":0,"k":[0.5,-164.75],"ix":2},"a":{"a":0,"k":[0.5,-164.75],"ix":1},"s":{"a":0,"k":[100,100],"ix":3},"r":{"a":0,"k":0,"ix":6},"o":{"a":0,"k":100,"ix":7},"sk":{"a":0,"k":0,"ix":4},"sa":{"a":0,"k":0,"ix":5},"nm":"Transform"}],"nm":"Group 1","np":2,"cix":2,"bm":0,"ix":1,"mn":"ADBE Vector Group","hd":false}],"ip":0,"op":326,"st":0,"bm":0},{"ddd":0,"ind":11,"ty":4,"nm":"Sleeve R","parent":4,"sr":1,"ks":{"o":{"a":0,"k":100,"ix":11},"r":{"a":0,"k":6.878,"ix":10},"p":{"a":0,"k":[-114.583,-54.316,0],"ix":2},"a":{"a":0,"k":[31.583,76.602,0],"ix":1},"s":{"a":0,"k":[-137.616,137.616,100],"ix":6}},"ao":0,"shapes":[{"ty":"gr","it":[{"ind":0,"ty":"sh","ix":1,"ks":{"a":0,"k":{"i":[[-29.013,-7.432],[5.189,-11.444],[0.215,0.315],[2.411,46.463],[0,0]],"o":[[20.509,24.465],[-9.291,20.49],[-15.35,-22.474],[-0.265,-5.106],[0,0]],"v":[[17.456,-70.477],[22.359,13.387],[-15.983,76.037],[-27.907,-39.354],[-26.224,-73.797]],"c":true},"ix":2},"nm":"Path 1","mn":"ADBE Vector Shape - Group","hd":false},{"ty":"fl","c":{"a":0,"k":[1,0.804000016755,0.658999992819,1],"ix":4},"o":{"a":0,"k":100,"ix":5},"r":1,"bm":0,"nm":"Fill 1","mn":"ADBE Vector Graphic - Fill","hd":false},{"ty":"tr","p":{"a":0,"k":[31.583,76.602],"ix":2},"a":{"a":0,"k":[0,0],"ix":1},"s":{"a":0,"k":[100,100],"ix":3},"r":{"a":0,"k":0,"ix":6},"o":{"a":0,"k":100,"ix":7},"sk":{"a":0,"k":0,"ix":4},"sa":{"a":0,"k":0,"ix":5},"nm":"Transform"}],"nm":"Group 1","np":2,"cix":2,"bm":0,"ix":1,"mn":"ADBE Vector Group","hd":false}],"ip":0,"op":76.0416666666667,"st":0,"bm":0},{"ddd":0,"ind":12,"ty":4,"nm":"Sleeve L","parent":4,"sr":1,"ks":{"o":{"a":0,"k":100,"ix":11},"r":{"a":0,"k":-6.878,"ix":10},"p":{"a":0,"k":[218.75,-54.316,0],"ix":2},"a":{"a":0,"k":[31.583,76.602,0],"ix":1},"s":{"a":0,"k":[137.616,137.616,100],"ix":6}},"ao":0,"shapes":[{"ty":"gr","it":[{"ind":0,"ty":"sh","ix":1,"ks":{"a":0,"k":{"i":[[-29.013,-7.432],[1.697,-12.45],[0.215,0.315],[2.411,46.463],[0,0]],"o":[[20.509,24.465],[-2.949,21.636],[-15.35,-22.474],[-0.265,-5.106],[0,0]],"v":[[17.456,-70.477],[20.5,6.682],[-15.983,76.037],[-27.907,-39.354],[-26.224,-73.797]],"c":true},"ix":2},"nm":"Path 1","mn":"ADBE Vector Shape - Group","hd":false},{"ty":"fl","c":{"a":0,"k":[1,0.804000016755,0.658999992819,1],"ix":4},"o":{"a":0,"k":100,"ix":5},"r":1,"bm":0,"nm":"Fill 1","mn":"ADBE Vector Graphic - Fill","hd":false},{"ty":"tr","p":{"a":0,"k":[31.583,76.602],"ix":2},"a":{"a":0,"k":[0,0],"ix":1},"s":{"a":0,"k":[100,100],"ix":3},"r":{"a":0,"k":0,"ix":6},"o":{"a":0,"k":100,"ix":7},"sk":{"a":0,"k":0,"ix":4},"sa":{"a":0,"k":0,"ix":5},"nm":"Transform"}],"nm":"Group 1","np":2,"cix":2,"bm":0,"ix":1,"mn":"ADBE Vector Group","hd":false}],"ip":0,"op":76.0416666666667,"st":0,"bm":0},{"ddd":0,"ind":13,"ty":4,"nm":"Logo Bankin","parent":4,"sr":1,"ks":{"o":{"a":0,"k":100,"ix":11},"r":{"a":0,"k":0,"ix":10},"p":{"a":0,"k":[52.083,78.646,0],"ix":2},"a":{"a":0,"k":[0,0,0],"ix":1},"s":{"a":0,"k":[62.5,62.5,100],"ix":6}},"ao":0,"shapes":[{"ty":"gr","it":[{"ind":0,"ty":"sh","ix":1,"ks":{"a":0,"k":{"i":[[8.752,0],[0.718,0.04],[0.716,0.051],[0.19,0.015],[0.042,0.004],[-0.074,0.539],[0,0],[-0.379,0.097],[-0.329,0.068],[-0.685,0.105],[-2.101,0],[-2.459,-0.591],[4.329,-19.649]],"o":[[-2.287,0],[-0.879,-0.049],[-0.25,-0.019],[-0.115,-0.01],[-0.549,-0.046],[0,0],[0.054,-0.382],[0.128,-0.032],[0.542,-0.115],[2.037,-0.315],[2.531,0],[3.274,0.787],[-3.432,15.578]],"v":[[-4.815,-1.141],[-9.521,-1.307],[-11.922,-1.459],[-12.585,-1.511],[-12.821,-1.53],[-13.692,-2.607],[-8.295,-41.53],[-7.581,-42.322],[-6.891,-42.478],[-5.046,-42.812],[1.188,-43.306],[8.718,-42.456],[24.679,-18.564]],"c":true},"ix":2},"nm":"Mask 5","mn":"ADBE Vector Shape - Group","hd":false},{"ind":1,"ty":"sh","ix":2,"ks":{"a":0,"k":{"i":[[4.01,0],[0.174,0.01],[0.509,0.037],[0.136,0.012],[0,0],[-0.054,0.384],[0,0],[-0.27,0.069],[-0.234,0.049],[-0.486,0.075],[-1.495,0],[-1.75,-0.421],[3.248,-13.027]],"o":[[-0.305,0],[-0.626,-0.035],[-0.179,-0.013],[0,0],[-0.391,-0.034],[0,0],[0.038,-0.272],[0.091,-0.024],[0.384,-0.081],[1.449,-0.225],[1.801,0],[2.328,0.56],[-3.019,12.107]],"v":[[-2.314,-60.21],[-3.037,-60.227],[-4.745,-60.336],[-5.217,-60.372],[-5.385,-60.386],[-6.005,-61.153],[-2.165,-88.841],[-1.657,-89.404],[-1.166,-89.517],[0.145,-89.754],[4.58,-90.106],[9.937,-89.5],[19.191,-73.515]],"c":true},"ix":2},"nm":"Mask 6","mn":"ADBE Vector Shape - Group","hd":false},{"ty":"fl","c":{"a":0,"k":[1,1,1,1],"ix":4},"o":{"a":0,"k":100,"ix":5},"r":1,"bm":0,"nm":"Fill 1","mn":"ADBE Vector Graphic - Fill","hd":false},{"ty":"tr","p":{"a":0,"k":[5.839,-45.623],"ix":2},"a":{"a":0,"k":[5.839,-45.623],"ix":1},"s":{"a":0,"k":[100,100],"ix":3},"r":{"a":0,"k":0,"ix":6},"o":{"a":0,"k":100,"ix":7},"sk":{"a":0,"k":0,"ix":4},"sa":{"a":0,"k":0,"ix":5},"nm":"Transform"}],"nm":"Group 1","np":3,"cix":2,"bm":0,"ix":1,"mn":"ADBE Vector Group","hd":false},{"ty":"gr","it":[{"ind":0,"ty":"sh","ix":1,"ks":{"a":0,"k":{"i":[[25.147,0],[1.905,-1.04],[-0.157,-0.567],[0,0],[-0.629,0],[-0.299,0.135],[-2.698,0],[0,0],[0,0],[-0.341,0],[-3.874,-1.148],[-16.216,0],[-8.764,22.803],[-0.002,0],[-0.37,6.276],[0.497,1.914],[0,0],[-1.147,18.216]],"o":[[-30.979,0],[-0.348,0.189],[0,0],[0.216,0.81],[0.187,0],[0,0],[0,0],[0,0],[0,0],[-0.341,2.902],[0.671,0.199],[21.126,0],[0.001,0.004],[0.113,0],[0.421,-7.13],[-4.208,-13.437],[0,0],[1.149,-18.216]],"v":[[0.981,-112],[-50.612,-97.873],[-51.477,-96.718],[-46.564,-81.129],[-45.629,-79.635],[-44.91,-79.83],[-29.997,-84.803],[-29.997,-84.803],[-29.997,-84.803],[-43.718,12.864],[-39.844,17.731],[-9.55,20.906],[46.238,-6.943],[46.243,-6.936],[48.871,-18.717],[47.413,-32.084],[32.23,-52.74],[45.137,-79.041]],"c":true},"ix":2},"nm":"Mask 7","mn":"ADBE Vector Shape - Group","hd":false},{"ty":"fl","c":{"a":0,"k":[0.313725490196,0.729411764706,1,1],"ix":4},"o":{"a":0,"k":100,"ix":5},"r":1,"bm":0,"nm":"Fill 1","mn":"ADBE Vector Graphic - Fill","hd":false},{"ty":"tr","p":{"a":0,"k":[-1.275,-45.547],"ix":2},"a":{"a":0,"k":[-1.275,-45.547],"ix":1},"s":{"a":0,"k":[100,100],"ix":3},"r":{"a":0,"k":0,"ix":6},"o":{"a":0,"k":100,"ix":7},"sk":{"a":0,"k":0,"ix":4},"sa":{"a":0,"k":0,"ix":5},"nm":"Transform"}],"nm":"Group 2","np":2,"cix":2,"bm":0,"ix":2,"mn":"ADBE Vector Group","hd":false}],"ip":0,"op":326,"st":0,"bm":0},{"ddd":0,"ind":14,"ty":4,"nm":"Tshirt","parent":4,"sr":1,"ks":{"o":{"a":0,"k":100,"ix":11},"r":{"a":0,"k":0,"ix":10},"p":{"a":0,"k":[52.083,124.479,0],"ix":2},"a":{"a":0,"k":[0,0,0],"ix":1},"s":{"a":0,"k":[367.682,367.682,100],"ix":6}},"ao":0,"shapes":[{"ty":"gr","it":[{"ind":0,"ty":"sh","ix":1,"ks":{"a":0,"k":{"i":[[0,0],[0,0],[4.81,0],[0,0],[0,0],[0,0],[4.809,0],[8.707,-3.755],[4.484,-15.455],[-2.535,-4.283],[0.087,-3.987],[1.16,-13.972],[-27.557,-0.652],[0,0],[0.686,5.417],[-2.534,4.282]],"o":[[-4.484,-15.453],[-8.707,-3.755],[-4.808,0],[0,0],[0,0],[0,0],[-4.809,0],[0,0],[0,0],[2.533,4.282],[-0.124,5.709],[0,0],[27.277,-1.769],[-1.727,-16.64],[-0.5,-3.956],[2.535,-4.283]],"v":[[43.537,-24.409],[45.844,-74.291],[29.335,-74.876],[11.224,-76.554],[0.502,-76.554],[-10.219,-76.554],[-28.239,-74.876],[-45.602,-74.308],[-43.366,-23.877],[-37.707,9.22],[-37.761,33.302],[-41.331,68.111],[0.502,77.554],[42.459,65.961],[38.083,33.177],[38.711,9.22]],"c":true},"ix":2},"nm":"Mask 1","mn":"ADBE Vector Shape - Group","hd":false},{"ty":"fl","c":{"a":0,"k":[1,1,1,1],"ix":4},"o":{"a":0,"k":100,"ix":5},"r":1,"bm":0,"nm":"Fill 1","mn":"ADBE Vector Graphic - Fill","hd":false},{"ty":"tr","p":{"a":0,"k":[0.5,0.5],"ix":2},"a":{"a":0,"k":[0.5,0.5],"ix":1},"s":{"a":0,"k":[100,100],"ix":3},"r":{"a":0,"k":0,"ix":6},"o":{"a":0,"k":100,"ix":7},"sk":{"a":0,"k":0,"ix":4},"sa":{"a":0,"k":0,"ix":5},"nm":"Transform"}],"nm":"Group 1","np":2,"cix":2,"bm":0,"ix":1,"mn":"ADBE Vector Group","hd":false}],"ip":0,"op":326,"st":0,"bm":0},{"ddd":0,"ind":15,"ty":4,"nm":"Upper Leg R","parent":9,"sr":1,"ks":{"o":{"a":0,"k":100,"ix":11},"r":{"a":0,"k":0,"ix":10},"p":{"a":0,"k":[65.961,216.481,0],"ix":2},"a":{"a":0,"k":[58.275,0.25,0],"ix":1},"s":{"a":0,"k":[100,100,100],"ix":6}},"ao":0,"shapes":[{"ty":"gr","it":[{"ind":0,"ty":"sh","ix":1,"ks":{"a":0,"k":{"i":[[0,0],[0,0],[30.585,16.116],[6.697,31.873]],"o":[[0,0],[-30.571,16.116],[-12.827,-48.476],[0,0]],"v":[[54.173,-201.676],[47.059,-69.708],[-41.346,-69.708],[-44.735,-190.231]],"c":true},"ix":2},"nm":"Path 1","mn":"ADBE Vector Shape - Group","hd":false},{"ty":"fl","c":{"a":0,"k":[1,0.804000016755,0.658999992819,1],"ix":4},"o":{"a":0,"k":100,"ix":5},"r":1,"bm":0,"nm":"Fill 1","mn":"ADBE Vector Graphic - Fill","hd":false},{"ty":"tr","p":{"a":0,"k":[54.423,201.926],"ix":2},"a":{"a":0,"k":[0,0],"ix":1},"s":{"a":0,"k":[100,100],"ix":3},"r":{"a":0,"k":0,"ix":6},"o":{"a":0,"k":100,"ix":7},"sk":{"a":0,"k":0,"ix":4},"sa":{"a":0,"k":0,"ix":5},"nm":"Transform"}],"nm":"Group 1","np":2,"cix":2,"bm":0,"ix":1,"mn":"ADBE Vector Group","hd":false}],"ip":0,"op":76.0416666666667,"st":0,"bm":0},{"ddd":0,"ind":16,"ty":4,"nm":"Fore Leg R","parent":15,"sr":1,"ks":{"o":{"a":0,"k":100,"ix":11},"r":{"a":0,"k":-28.498,"ix":10},"p":{"a":0,"k":[47.381,110.674,0],"ix":2},"a":{"a":0,"k":[56.464,110.674,0],"ix":1},"s":{"a":0,"k":[100,100,100],"ix":6}},"ao":0,"shapes":[{"ty":"gr","it":[{"ind":0,"ty":"sh","ix":1,"ks":{"a":0,"k":{"i":[[0,0],[3.769,-27.047],[5.013,-71.959],[0,0],[2.176,27.394],[-2.174,54.522]],"o":[[-11.502,54.869],[-3.771,27.047],[0,0],[-4.335,-71.613],[-2.174,-27.394],[-12.827,-48.476]],"v":[[47.059,-69.708],[24.152,53.167],[10.976,201.676],[-31.58,201.676],[-41.346,53.167],[-41.346,-69.708]],"c":true},"ix":2},"nm":"Path 1","mn":"ADBE Vector Shape - Group","hd":false},{"ty":"fl","c":{"a":0,"k":[1,0.804000016755,0.658999992819,1],"ix":4},"o":{"a":0,"k":100,"ix":5},"r":1,"bm":0,"nm":"Fill 1","mn":"ADBE Vector Graphic - Fill","hd":false},{"ty":"tr","p":{"a":0,"k":[54.423,201.926],"ix":2},"a":{"a":0,"k":[0,0],"ix":1},"s":{"a":0,"k":[100,100],"ix":3},"r":{"a":0,"k":0,"ix":6},"o":{"a":0,"k":100,"ix":7},"sk":{"a":0,"k":0,"ix":4},"sa":{"a":0,"k":0,"ix":5},"nm":"Transform"}],"nm":"Group 1","np":2,"cix":2,"bm":0,"ix":1,"mn":"ADBE Vector Group","hd":false}],"ip":0,"op":76.0416666666667,"st":0,"bm":0},{"ddd":0,"ind":17,"ty":4,"nm":"Shoe R","parent":16,"sr":1,"ks":{"o":{"a":0,"k":100,"ix":11},"r":{"a":0,"k":0,"ix":10},"p":{"a":0,"k":[39.64,436.515,0],"ix":2},"a":{"a":0,"k":[38.363,66.428,0],"ix":1},"s":{"a":0,"k":[100,100,100],"ix":6}},"ao":0,"shapes":[{"ty":"gr","it":[{"ind":0,"ty":"sh","ix":1,"ks":{"a":0,"k":{"i":[[0.839,0],[0.27,0.107],[0.183,-0.095],[0.567,1.04],[-1.04,0.568],[-27.525,-11.428],[0.454,-1.097]],"o":[[-0.277,0],[-25.515,-10.602],[-1.053,0.567],[-0.567,-1.04],[0.827,-0.454],[1.09,0.46],[-0.346,0.826]],"v":[[23.167,7.781],[22.342,7.618],[-22.126,6.963],[-25.038,6.105],[-24.181,3.193],[23.993,3.646],[25.152,6.458]],"c":true},"ix":2},"nm":"Path 1","mn":"ADBE Vector Shape - Group","hd":false},{"ty":"fl","c":{"a":0,"k":[1,1,1,1],"ix":4},"o":{"a":0,"k":100,"ix":5},"r":1,"bm":0,"nm":"Fill 1","mn":"ADBE Vector Graphic - Fill","hd":false},{"ty":"tr","p":{"a":0,"k":[39.338,70.083],"ix":2},"a":{"a":0,"k":[0,0],"ix":1},"s":{"a":0,"k":[100,100],"ix":3},"r":{"a":0,"k":0,"ix":6},"o":{"a":0,"k":100,"ix":7},"sk":{"a":0,"k":0,"ix":4},"sa":{"a":0,"k":0,"ix":5},"nm":"Transform"}],"nm":"Group 1","np":2,"cix":2,"bm":0,"ix":1,"mn":"ADBE Vector Group","hd":false},{"ty":"gr","it":[{"ind":0,"ty":"sh","ix":1,"ks":{"a":0,"k":{"i":[[0.838,0],[0.27,0.106],[0.132,-0.075],[0.567,1.045],[-1.04,0.568],[-21.595,-8.969],[0.454,-1.097]],"o":[[-0.277,0],[-19.603,-8.156],[-1.046,0.567],[-0.568,-1.041],[0.65,-0.358],[1.097,0.46],[-0.346,0.826]],"v":[[17.999,6.552],[17.174,6.388],[-16.958,5.852],[-19.87,4.989],[-19.013,2.082],[18.825,2.417],[19.984,5.228]],"c":true},"ix":2},"nm":"Path 1","mn":"ADBE Vector Shape - Group","hd":false},{"ty":"fl","c":{"a":0,"k":[1,1,1,1],"ix":4},"o":{"a":0,"k":100,"ix":5},"r":1,"bm":0,"nm":"Fill 1","mn":"ADBE Vector Graphic - Fill","hd":false},{"ty":"tr","p":{"a":0,"k":[41.701,53.658],"ix":2},"a":{"a":0,"k":[0,0],"ix":1},"s":{"a":0,"k":[100,100],"ix":3},"r":{"a":0,"k":0,"ix":6},"o":{"a":0,"k":100,"ix":7},"sk":{"a":0,"k":0,"ix":4},"sa":{"a":0,"k":0,"ix":5},"nm":"Transform"}],"nm":"Group 2","np":2,"cix":2,"bm":0,"ix":2,"mn":"ADBE Vector Group","hd":false},{"ty":"gr","it":[{"ind":0,"ty":"sh","ix":1,"ks":{"a":0,"k":{"i":[[0.838,0],[0.271,0.107],[0.201,-0.056],[0.339,1.135],[-1.135,0.334],[-16.545,-6.877],[0.454,-1.097]],"o":[[-0.277,0],[-15.114,-6.29],[-1.123,0.328],[-0.334,-1.141],[0.913,-0.265],[1.097,0.46],[-0.346,0.826]],"v":[[18.792,5.506],[17.966,5.342],[-18.231,5.083],[-20.897,3.627],[-19.441,0.961],[19.617,1.371],[20.777,4.182]],"c":true},"ix":2},"nm":"Path 1","mn":"ADBE Vector Shape - Group","hd":false},{"ty":"fl","c":{"a":0,"k":[1,1,1,1],"ix":4},"o":{"a":0,"k":100,"ix":5},"r":1,"bm":0,"nm":"Fill 1","mn":"ADBE Vector Graphic - Fill","hd":false},{"ty":"tr","p":{"a":0,"k":[41.614,39.609],"ix":2},"a":{"a":0,"k":[0,0],"ix":1},"s":{"a":0,"k":[100,100],"ix":3},"r":{"a":0,"k":0,"ix":6},"o":{"a":0,"k":100,"ix":7},"sk":{"a":0,"k":0,"ix":4},"sa":{"a":0,"k":0,"ix":5},"nm":"Transform"}],"nm":"Group 3","np":2,"cix":2,"bm":0,"ix":3,"mn":"ADBE Vector Group","hd":false},{"ty":"gr","it":[{"ind":0,"ty":"sh","ix":1,"ks":{"a":0,"k":{"i":[[0.839,0],[0.27,0.107],[0.189,-0.057],[0.309,1.141],[-1.147,0.309],[-14.169,-5.875],[0.454,-1.097]],"o":[[-0.277,0],[-12.826,-5.345],[-1.173,0.302],[-0.308,-1.141],[0.845,-0.221],[1.09,0.46],[-0.346,0.826]],"v":[[16.756,5.005],[15.931,4.841],[-16.252,4.646],[-18.887,3.133],[-17.374,0.498],[17.582,0.87],[18.741,3.681]],"c":true},"ix":2},"nm":"Path 1","mn":"ADBE Vector Shape - Group","hd":false},{"ty":"fl","c":{"a":0,"k":[1,1,1,1],"ix":4},"o":{"a":0,"k":100,"ix":5},"r":1,"bm":0,"nm":"Fill 1","mn":"ADBE Vector Graphic - Fill","hd":false},{"ty":"tr","p":{"a":0,"k":[42.004,25.039],"ix":2},"a":{"a":0,"k":[0,0],"ix":1},"s":{"a":0,"k":[100,100],"ix":3},"r":{"a":0,"k":0,"ix":6},"o":{"a":0,"k":100,"ix":7},"sk":{"a":0,"k":0,"ix":4},"sa":{"a":0,"k":0,"ix":5},"nm":"Transform"}],"nm":"Group 4","np":2,"cix":2,"bm":0,"ix":4,"mn":"ADBE Vector Group","hd":false},{"ty":"gr","it":[{"ind":0,"ty":"sh","ix":1,"ks":{"a":0,"k":{"i":[[0,0],[14.343,-31.139],[-11.422,0],[2.238,10.623],[0,0]],"o":[[0,0],[-7.407,16.08],[12.523,0],[-8.846,-41.996],[0,0]],"v":[[-10.566,-39.307],[-19.815,18.185],[0.659,38.008],[24.984,30.02],[19.184,-40.643]],"c":true},"ix":2},"nm":"Path 1","mn":"ADBE Vector Shape - Group","hd":false},{"ty":"fl","c":{"a":0,"k":[0.219999994016,0.282000014361,0.375999989229,1],"ix":4},"o":{"a":0,"k":100,"ix":5},"r":1,"bm":0,"nm":"Fill 1","mn":"ADBE Vector Graphic - Fill","hd":false},{"ty":"tr","p":{"a":0,"k":[37.724,56.324],"ix":2},"a":{"a":0,"k":[0,0],"ix":1},"s":{"a":0,"k":[100,100],"ix":3},"r":{"a":0,"k":0,"ix":6},"o":{"a":0,"k":100,"ix":7},"sk":{"a":0,"k":0,"ix":4},"sa":{"a":0,"k":0,"ix":5},"nm":"Transform"}],"nm":"Group 5","np":2,"cix":2,"bm":0,"ix":5,"mn":"ADBE Vector Group","hd":false},{"ty":"gr","it":[{"ind":0,"ty":"sh","ix":1,"ks":{"a":0,"k":{"i":[[0,0],[0.125,4.388],[-3.321,0],[-2.167,-3.28],[0,0]],"o":[[0,0],[-0.125,-4.387],[11.604,0],[2.167,3.281],[0,0]],"v":[[-14.617,8.383],[-17.961,-1.002],[-6.676,-8.383],[15.919,-3.499],[17.214,6.908]],"c":true},"ix":2},"nm":"Path 1","mn":"ADBE Vector Shape - Group","hd":false},{"ty":"fl","c":{"a":0,"k":[0.219999994016,0.282000014361,0.375999989229,1],"ix":4},"o":{"a":0,"k":100,"ix":5},"r":1,"bm":0,"nm":"Fill 1","mn":"ADBE Vector Graphic - Fill","hd":false},{"ty":"tr","p":{"a":0,"k":[41.775,8.633],"ix":2},"a":{"a":0,"k":[0,0],"ix":1},"s":{"a":0,"k":[100,100],"ix":3},"r":{"a":0,"k":0,"ix":6},"o":{"a":0,"k":100,"ix":7},"sk":{"a":0,"k":0,"ix":4},"sa":{"a":0,"k":0,"ix":5},"nm":"Transform"}],"nm":"Group 6","np":2,"cix":2,"bm":0,"ix":6,"mn":"ADBE Vector Group","hd":false},{"ty":"gr","it":[{"ind":0,"ty":"sh","ix":1,"ks":{"a":0,"k":{"i":[[0,0],[2.939,-31.834],[0.435,39.241],[0,0]],"o":[[0,0],[-2.939,31.835],[-0.433,-39.24],[0,0]],"v":[[-11.49,-52.02],[-34.333,20.123],[36.836,14.255],[20.341,-53.496]],"c":true},"ix":2},"nm":"Path 1","mn":"ADBE Vector Shape - Group","hd":false},{"ty":"fl","c":{"a":0,"k":[0.995999983245,0.827000038297,0.180000005984,1],"ix":4},"o":{"a":0,"k":100,"ix":5},"r":1,"bm":0,"nm":"Fill 1","mn":"ADBE Vector Graphic - Fill","hd":false},{"ty":"tr","p":{"a":0,"k":[38.648,69.037],"ix":2},"a":{"a":0,"k":[0,0],"ix":1},"s":{"a":0,"k":[100,100],"ix":3},"r":{"a":0,"k":0,"ix":6},"o":{"a":0,"k":100,"ix":7},"sk":{"a":0,"k":0,"ix":4},"sa":{"a":0,"k":0,"ix":5},"nm":"Transform"}],"nm":"Group 7","np":2,"cix":2,"bm":0,"ix":7,"mn":"ADBE Vector Group","hd":false},{"ty":"gr","it":[{"ind":0,"ty":"sh","ix":1,"ks":{"a":0,"k":{"i":[[-0.683,2.984],[-7.58,30.561],[-0.022,-1.405],[-2.816,32.606]],"o":[[6.892,23.423],[0.113,1.388],[0.696,40.241],[0.144,-1.595]],"v":[[-34.131,-19.302],[36.846,-22.477],[37.417,-17.765],[-35.297,-12.188]],"c":true},"ix":2},"nm":"Path 1","mn":"ADBE Vector Shape - Group","hd":false},{"ty":"fl","c":{"a":0,"k":[0.219999994016,0.282000014361,0.375999989229,1],"ix":4},"o":{"a":0,"k":100,"ix":5},"r":1,"bm":0,"nm":"Fill 1","mn":"ADBE Vector Graphic - Fill","hd":false},{"ty":"tr","p":{"a":0,"k":[38.363,110.13],"ix":2},"a":{"a":0,"k":[0,0],"ix":1},"s":{"a":0,"k":[100,100],"ix":3},"r":{"a":0,"k":0,"ix":6},"o":{"a":0,"k":100,"ix":7},"sk":{"a":0,"k":0,"ix":4},"sa":{"a":0,"k":0,"ix":5},"nm":"Transform"}],"nm":"Group 8","np":2,"cix":2,"bm":0,"ix":8,"mn":"ADBE Vector Group","hd":false}],"ip":0,"op":76.0416666666667,"st":0,"bm":0},{"ddd":0,"ind":18,"ty":4,"nm":"Upper Leg L","parent":8,"sr":1,"ks":{"o":{"a":0,"k":100,"ix":11},"r":{"a":0,"k":0,"ix":10},"p":{"a":0,"k":[204.776,216.481,0],"ix":2},"a":{"a":0,"k":[58.275,0.25,0],"ix":1},"s":{"a":0,"k":[-100,100,100],"ix":6}},"ao":0,"shapes":[{"ty":"gr","it":[{"ind":0,"ty":"sh","ix":1,"ks":{"a":0,"k":{"i":[[0,0],[0,0],[25.286,28.227],[6.697,31.873]],"o":[[0,0],[-14.675,10.061],[-12.827,-48.476],[0,0]],"v":[[54.173,-201.676],[47.059,-69.708],[-41.346,-69.708],[-44.735,-190.231]],"c":true},"ix":2},"nm":"Path 1","mn":"ADBE Vector Shape - Group","hd":false},{"ty":"fl","c":{"a":0,"k":[1,0.804000016755,0.658999992819,1],"ix":4},"o":{"a":0,"k":100,"ix":5},"r":1,"bm":0,"nm":"Fill 1","mn":"ADBE Vector Graphic - Fill","hd":false},{"ty":"tr","p":{"a":0,"k":[54.423,201.926],"ix":2},"a":{"a":0,"k":[0,0],"ix":1},"s":{"a":0,"k":[100,100],"ix":3},"r":{"a":0,"k":0,"ix":6},"o":{"a":0,"k":100,"ix":7},"sk":{"a":0,"k":0,"ix":4},"sa":{"a":0,"k":0,"ix":5},"nm":"Transform"}],"nm":"Group 1","np":2,"cix":2,"bm":0,"ix":1,"mn":"ADBE Vector Group","hd":false}],"ip":0,"op":76.0416666666667,"st":0,"bm":0},{"ddd":0,"ind":19,"ty":4,"nm":"Fore Leg L","parent":18,"sr":1,"ks":{"o":{"a":0,"k":100,"ix":11},"r":{"a":0,"k":-52.594,"ix":10},"p":{"a":0,"k":[29.329,101.506,0],"ix":2},"a":{"a":0,"k":[56.464,99.012,0],"ix":1},"s":{"a":0,"k":[100,72,100],"ix":6}},"ao":0,"shapes":[{"ty":"gr","it":[{"ind":0,"ty":"sh","ix":1,"ks":{"a":0,"k":{"i":[[0,0],[3.769,-27.047],[5.013,-71.959],[0,0],[2.176,27.394],[-2.174,54.522]],"o":[[-11.502,54.869],[-3.771,27.047],[0,0],[-4.335,-71.613],[-2.174,-27.394],[13.175,-74.716]],"v":[[47.059,-69.708],[24.152,53.167],[10.976,201.676],[-31.58,201.676],[-41.346,53.167],[-41.346,-69.708]],"c":true},"ix":2},"nm":"Path 1","mn":"ADBE Vector Shape - Group","hd":false},{"ty":"fl","c":{"a":0,"k":[1,0.804000016755,0.658999992819,1],"ix":4},"o":{"a":0,"k":100,"ix":5},"r":1,"bm":0,"nm":"Fill 1","mn":"ADBE Vector Graphic - Fill","hd":false},{"ty":"tr","p":{"a":0,"k":[54.423,201.926],"ix":2},"a":{"a":0,"k":[0,0],"ix":1},"s":{"a":0,"k":[100,100],"ix":3},"r":{"a":0,"k":0,"ix":6},"o":{"a":0,"k":100,"ix":7},"sk":{"a":0,"k":0,"ix":4},"sa":{"a":0,"k":0,"ix":5},"nm":"Transform"}],"nm":"Group 1","np":2,"cix":2,"bm":0,"ix":1,"mn":"ADBE Vector Group","hd":false}],"ip":0,"op":76.0416666666667,"st":0,"bm":0},{"ddd":0,"ind":20,"ty":4,"nm":"Shoe L","parent":19,"sr":1,"ks":{"o":{"a":0,"k":100,"ix":11},"r":{"a":0,"k":0,"ix":10},"p":{"a":0,"k":[39.64,436.515,0],"ix":2},"a":{"a":0,"k":[38.363,66.428,0],"ix":1},"s":{"a":0,"k":[100,100,100],"ix":6}},"ao":0,"shapes":[{"ty":"gr","it":[{"ind":0,"ty":"sh","ix":1,"ks":{"a":0,"k":{"i":[[0.839,0],[0.27,0.107],[0.183,-0.095],[0.567,1.04],[-1.04,0.568],[-27.525,-11.428],[0.454,-1.097]],"o":[[-0.277,0],[-25.515,-10.602],[-1.053,0.567],[-0.567,-1.04],[0.827,-0.454],[1.09,0.46],[-0.346,0.826]],"v":[[23.167,7.781],[22.342,7.618],[-22.126,6.963],[-25.038,6.105],[-24.181,3.193],[23.993,3.646],[25.152,6.458]],"c":true},"ix":2},"nm":"Path 1","mn":"ADBE Vector Shape - Group","hd":false},{"ty":"fl","c":{"a":0,"k":[1,1,1,1],"ix":4},"o":{"a":0,"k":100,"ix":5},"r":1,"bm":0,"nm":"Fill 1","mn":"ADBE Vector Graphic - Fill","hd":false},{"ty":"tr","p":{"a":0,"k":[39.338,70.083],"ix":2},"a":{"a":0,"k":[0,0],"ix":1},"s":{"a":0,"k":[100,100],"ix":3},"r":{"a":0,"k":0,"ix":6},"o":{"a":0,"k":100,"ix":7},"sk":{"a":0,"k":0,"ix":4},"sa":{"a":0,"k":0,"ix":5},"nm":"Transform"}],"nm":"Group 1","np":2,"cix":2,"bm":0,"ix":1,"mn":"ADBE Vector Group","hd":false},{"ty":"gr","it":[{"ind":0,"ty":"sh","ix":1,"ks":{"a":0,"k":{"i":[[0.838,0],[0.27,0.106],[0.132,-0.075],[0.567,1.045],[-1.04,0.568],[-21.595,-8.969],[0.454,-1.097]],"o":[[-0.277,0],[-19.603,-8.156],[-1.046,0.567],[-0.568,-1.041],[0.65,-0.358],[1.097,0.46],[-0.346,0.826]],"v":[[17.999,6.552],[17.174,6.388],[-16.958,5.852],[-19.87,4.989],[-19.013,2.082],[18.825,2.417],[19.984,5.228]],"c":true},"ix":2},"nm":"Path 1","mn":"ADBE Vector Shape - Group","hd":false},{"ty":"fl","c":{"a":0,"k":[1,1,1,1],"ix":4},"o":{"a":0,"k":100,"ix":5},"r":1,"bm":0,"nm":"Fill 1","mn":"ADBE Vector Graphic - Fill","hd":false},{"ty":"tr","p":{"a":0,"k":[41.701,53.658],"ix":2},"a":{"a":0,"k":[0,0],"ix":1},"s":{"a":0,"k":[100,100],"ix":3},"r":{"a":0,"k":0,"ix":6},"o":{"a":0,"k":100,"ix":7},"sk":{"a":0,"k":0,"ix":4},"sa":{"a":0,"k":0,"ix":5},"nm":"Transform"}],"nm":"Group 2","np":2,"cix":2,"bm":0,"ix":2,"mn":"ADBE Vector Group","hd":false},{"ty":"gr","it":[{"ind":0,"ty":"sh","ix":1,"ks":{"a":0,"k":{"i":[[0.838,0],[0.271,0.107],[0.201,-0.056],[0.339,1.135],[-1.135,0.334],[-16.545,-6.877],[0.454,-1.097]],"o":[[-0.277,0],[-15.114,-6.29],[-1.123,0.328],[-0.334,-1.141],[0.913,-0.265],[1.097,0.46],[-0.346,0.826]],"v":[[18.792,5.506],[17.966,5.342],[-18.231,5.083],[-20.897,3.627],[-19.441,0.961],[19.617,1.371],[20.777,4.182]],"c":true},"ix":2},"nm":"Path 1","mn":"ADBE Vector Shape - Group","hd":false},{"ty":"fl","c":{"a":0,"k":[1,1,1,1],"ix":4},"o":{"a":0,"k":100,"ix":5},"r":1,"bm":0,"nm":"Fill 1","mn":"ADBE Vector Graphic - Fill","hd":false},{"ty":"tr","p":{"a":0,"k":[41.614,39.609],"ix":2},"a":{"a":0,"k":[0,0],"ix":1},"s":{"a":0,"k":[100,100],"ix":3},"r":{"a":0,"k":0,"ix":6},"o":{"a":0,"k":100,"ix":7},"sk":{"a":0,"k":0,"ix":4},"sa":{"a":0,"k":0,"ix":5},"nm":"Transform"}],"nm":"Group 3","np":2,"cix":2,"bm":0,"ix":3,"mn":"ADBE Vector Group","hd":false},{"ty":"gr","it":[{"ind":0,"ty":"sh","ix":1,"ks":{"a":0,"k":{"i":[[0.839,0],[0.27,0.107],[0.189,-0.057],[0.309,1.141],[-1.147,0.309],[-14.169,-5.875],[0.454,-1.097]],"o":[[-0.277,0],[-12.826,-5.345],[-1.173,0.302],[-0.308,-1.141],[0.845,-0.221],[1.09,0.46],[-0.346,0.826]],"v":[[16.756,5.005],[15.931,4.841],[-16.252,4.646],[-18.887,3.133],[-17.374,0.498],[17.582,0.87],[18.741,3.681]],"c":true},"ix":2},"nm":"Path 1","mn":"ADBE Vector Shape - Group","hd":false},{"ty":"fl","c":{"a":0,"k":[1,1,1,1],"ix":4},"o":{"a":0,"k":100,"ix":5},"r":1,"bm":0,"nm":"Fill 1","mn":"ADBE Vector Graphic - Fill","hd":false},{"ty":"tr","p":{"a":0,"k":[42.004,25.039],"ix":2},"a":{"a":0,"k":[0,0],"ix":1},"s":{"a":0,"k":[100,100],"ix":3},"r":{"a":0,"k":0,"ix":6},"o":{"a":0,"k":100,"ix":7},"sk":{"a":0,"k":0,"ix":4},"sa":{"a":0,"k":0,"ix":5},"nm":"Transform"}],"nm":"Group 4","np":2,"cix":2,"bm":0,"ix":4,"mn":"ADBE Vector Group","hd":false},{"ty":"gr","it":[{"ind":0,"ty":"sh","ix":1,"ks":{"a":0,"k":{"i":[[0,0],[14.343,-31.139],[-11.422,0],[2.238,10.623],[0,0]],"o":[[0,0],[-7.407,16.08],[12.523,0],[-8.846,-41.996],[0,0]],"v":[[-10.566,-39.307],[-19.815,18.185],[0.659,38.008],[24.984,30.02],[19.184,-40.643]],"c":true},"ix":2},"nm":"Path 1","mn":"ADBE Vector Shape - Group","hd":false},{"ty":"fl","c":{"a":0,"k":[0.219999994016,0.282000014361,0.375999989229,1],"ix":4},"o":{"a":0,"k":100,"ix":5},"r":1,"bm":0,"nm":"Fill 1","mn":"ADBE Vector Graphic - Fill","hd":false},{"ty":"tr","p":{"a":0,"k":[37.724,56.324],"ix":2},"a":{"a":0,"k":[0,0],"ix":1},"s":{"a":0,"k":[100,100],"ix":3},"r":{"a":0,"k":0,"ix":6},"o":{"a":0,"k":100,"ix":7},"sk":{"a":0,"k":0,"ix":4},"sa":{"a":0,"k":0,"ix":5},"nm":"Transform"}],"nm":"Group 5","np":2,"cix":2,"bm":0,"ix":5,"mn":"ADBE Vector Group","hd":false},{"ty":"gr","it":[{"ind":0,"ty":"sh","ix":1,"ks":{"a":0,"k":{"i":[[0,0],[0.125,4.388],[-3.321,0],[-2.167,-3.28],[0,0]],"o":[[0,0],[-0.125,-4.387],[11.604,0],[2.167,3.281],[0,0]],"v":[[-14.617,8.383],[-17.961,-1.002],[-6.676,-8.383],[15.919,-3.499],[17.214,6.908]],"c":true},"ix":2},"nm":"Path 1","mn":"ADBE Vector Shape - Group","hd":false},{"ty":"fl","c":{"a":0,"k":[0.219999994016,0.282000014361,0.375999989229,1],"ix":4},"o":{"a":0,"k":100,"ix":5},"r":1,"bm":0,"nm":"Fill 1","mn":"ADBE Vector Graphic - Fill","hd":false},{"ty":"tr","p":{"a":0,"k":[41.775,8.633],"ix":2},"a":{"a":0,"k":[0,0],"ix":1},"s":{"a":0,"k":[100,100],"ix":3},"r":{"a":0,"k":0,"ix":6},"o":{"a":0,"k":100,"ix":7},"sk":{"a":0,"k":0,"ix":4},"sa":{"a":0,"k":0,"ix":5},"nm":"Transform"}],"nm":"Group 6","np":2,"cix":2,"bm":0,"ix":6,"mn":"ADBE Vector Group","hd":false},{"ty":"gr","it":[{"ind":0,"ty":"sh","ix":1,"ks":{"a":0,"k":{"i":[[0,0],[2.939,-31.834],[0.435,39.241],[0,0]],"o":[[0,0],[-2.939,31.835],[-0.433,-39.24],[0,0]],"v":[[-11.49,-52.02],[-34.333,20.123],[36.836,14.255],[20.341,-53.496]],"c":true},"ix":2},"nm":"Path 1","mn":"ADBE Vector Shape - Group","hd":false},{"ty":"fl","c":{"a":0,"k":[0.995999983245,0.827000038297,0.180000005984,1],"ix":4},"o":{"a":0,"k":100,"ix":5},"r":1,"bm":0,"nm":"Fill 1","mn":"ADBE Vector Graphic - Fill","hd":false},{"ty":"tr","p":{"a":0,"k":[38.648,69.037],"ix":2},"a":{"a":0,"k":[0,0],"ix":1},"s":{"a":0,"k":[100,100],"ix":3},"r":{"a":0,"k":0,"ix":6},"o":{"a":0,"k":100,"ix":7},"sk":{"a":0,"k":0,"ix":4},"sa":{"a":0,"k":0,"ix":5},"nm":"Transform"}],"nm":"Group 7","np":2,"cix":2,"bm":0,"ix":7,"mn":"ADBE Vector Group","hd":false},{"ty":"gr","it":[{"ind":0,"ty":"sh","ix":1,"ks":{"a":0,"k":{"i":[[-0.683,2.984],[-7.58,30.561],[-0.022,-1.405],[-2.816,32.606]],"o":[[6.892,23.423],[0.113,1.388],[0.696,40.241],[0.144,-1.595]],"v":[[-34.131,-19.302],[36.846,-22.477],[37.417,-17.765],[-35.297,-12.188]],"c":true},"ix":2},"nm":"Path 1","mn":"ADBE Vector Shape - Group","hd":false},{"ty":"fl","c":{"a":0,"k":[0.219999994016,0.282000014361,0.375999989229,1],"ix":4},"o":{"a":0,"k":100,"ix":5},"r":1,"bm":0,"nm":"Fill 1","mn":"ADBE Vector Graphic - Fill","hd":false},{"ty":"tr","p":{"a":0,"k":[38.363,110.13],"ix":2},"a":{"a":0,"k":[0,0],"ix":1},"s":{"a":0,"k":[100,100],"ix":3},"r":{"a":0,"k":0,"ix":6},"o":{"a":0,"k":100,"ix":7},"sk":{"a":0,"k":0,"ix":4},"sa":{"a":0,"k":0,"ix":5},"nm":"Transform"}],"nm":"Group 8","np":2,"cix":2,"bm":0,"ix":8,"mn":"ADBE Vector Group","hd":false}],"ip":0,"op":76.0416666666667,"st":0,"bm":0},{"ddd":0,"ind":21,"ty":3,"nm":"CTRL symetry Arm","parent":2,"sr":1,"ks":{"o":{"a":0,"k":0,"ix":11},"r":{"a":0,"k":0,"ix":10},"p":{"a":0,"k":[0,0,0],"ix":2},"a":{"a":0,"k":[0,0,0],"ix":1},"s":{"a":0,"k":[-100,100,100],"ix":6}},"ao":0,"ip":0,"op":1500,"st":0,"bm":0},{"ddd":0,"ind":22,"ty":4,"nm":"Hand L","parent":21,"sr":1,"ks":{"o":{"a":0,"k":100,"ix":11},"r":{"a":0,"k":143.333,"ix":10},"p":{"a":0,"k":[-68.179,-179.458,0],"ix":2},"a":{"a":0,"k":[30.363,301.97,0],"ix":1},"s":{"a":0,"k":[34,34,100],"ix":6}},"ao":0,"shapes":[{"ty":"gr","it":[{"ty":"gr","it":[{"ty":"rc","d":1,"s":{"a":0,"k":[20,26],"ix":2},"p":{"a":0,"k":[57.46,114.15],"ix":3},"r":{"a":0,"k":86,"ix":4},"nm":"Rectangle Path 1","mn":"ADBE Vector Shape - Rect","hd":false},{"ty":"tr","p":{"a":0,"k":[-2.504,129.341],"ix":2},"a":{"a":0,"k":[67.46,127.15],"ix":1},"s":{"a":0,"k":[100,100],"ix":3},"r":{"a":0,"k":40,"ix":6},"o":{"a":0,"k":100,"ix":7},"sk":{"a":0,"k":0,"ix":4},"sa":{"a":0,"k":0,"ix":5},"nm":"Transform"}],"nm":"Hand","np":1,"cix":2,"bm":0,"ix":1,"mn":"ADBE Vector Group","hd":false},{"ty":"fl","c":{"a":0,"k":[1,0.803921628466,0.658823529412,1],"ix":4},"o":{"a":0,"k":100,"ix":5},"r":1,"bm":0,"nm":"Fill 1","mn":"ADBE Vector Graphic - Fill","hd":false},{"ty":"tr","p":{"a":0,"k":[0,0],"ix":2},"a":{"a":0,"k":[0,0],"ix":1},"s":{"a":0,"k":[300,300],"ix":3},"r":{"a":0,"k":0,"ix":6},"o":{"a":0,"k":100,"ix":7},"sk":{"a":0,"k":0,"ix":4},"sa":{"a":0,"k":0,"ix":5},"nm":"Transform"}],"nm":"Combined Shape","np":2,"cix":2,"bm":0,"ix":1,"mn":"ADBE Vector Group","hd":false}],"ip":0,"op":1500,"st":0,"bm":0},{"ddd":0,"ind":23,"ty":4,"nm":"Fore Arm L","parent":21,"sr":1,"ks":{"o":{"a":0,"k":100,"ix":11},"r":{"a":1,"k":[{"i":{"x":[0.32],"y":[1.146]},"o":{"x":[0.17],"y":[0.48]},"t":0,"s":[121.085],"e":[143.333]},{"i":{"x":[0.833],"y":[1]},"o":{"x":[0.325],"y":[0]},"t":15,"s":[143.333],"e":[143.333]},{"i":{"x":[0.32],"y":[1.27]},"o":{"x":[0.17],"y":[0.89]},"t":20,"s":[143.333],"e":[121.085]},{"t":35}],"ix":10},"p":{"a":0,"k":[-66.522,-194.612,0],"ix":2},"a":{"a":0,"k":[-2.25,383.97,0],"ix":1},"s":{"a":1,"k":[{"i":{"x":[0.32,0.32,0.32],"y":[1.27,1.27,1]},"o":{"x":[0.17,0.17,0.17],"y":[0.89,0.89,0]},"t":0,"s":[36,36,100],"e":[34,34,100]},{"i":{"x":[0.833,0.833,0.833],"y":[1,1,1]},"o":{"x":[0.325,0.325,0.325],"y":[0,0,0]},"t":15,"s":[34,34,100],"e":[34,34,100]},{"i":{"x":[0.32,0.32,0.32],"y":[1.27,1.27,1]},"o":{"x":[0.17,0.17,0.17],"y":[0.89,0.89,0]},"t":20,"s":[34,34,100],"e":[36,36,100]},{"t":35}],"ix":6}},"ao":0,"shapes":[{"ty":"gr","it":[{"ty":"gr","it":[{"ind":0,"ty":"sh","ix":1,"ks":{"a":1,"k":[{"i":{"x":0.32,"y":1},"o":{"x":0.17,"y":0.89},"t":0,"s":[{"i":[[3.22,-3.988],[0,0],[0,0],[-10.053,7.646]],"o":[[-6.145,7.61],[0,0],[0,0],[8.966,-6.819]],"v":[[72.843,90.019],[5.48,127.99],[0,119.63],[60.585,78.029]],"c":true}],"e":[{"i":[[5.805,-7.634],[0,0],[0,0],[-10.053,7.646]],"o":[[-5.921,7.786],[0,0],[0,0],[8.966,-6.819]],"v":[[72.843,90.019],[5.48,127.99],[0,119.63],[60.585,78.029]],"c":true}]},{"i":{"x":0.833,"y":1},"o":{"x":0.17,"y":0},"t":15,"s":[{"i":[[5.805,-7.634],[0,0],[0,0],[-10.053,7.646]],"o":[[-5.921,7.786],[0,0],[0,0],[8.966,-6.819]],"v":[[72.843,90.019],[5.48,127.99],[0,119.63],[60.585,78.029]],"c":true}],"e":[{"i":[[5.805,-7.634],[0,0],[0,0],[-10.053,7.646]],"o":[[-5.921,7.786],[0,0],[0,0],[8.966,-6.819]],"v":[[72.843,90.019],[5.48,127.99],[0,119.63],[60.585,78.029]],"c":true}]},{"i":{"x":0.32,"y":1},"o":{"x":0.17,"y":0.89},"t":20,"s":[{"i":[[5.805,-7.634],[0,0],[0,0],[-10.053,7.646]],"o":[[-5.921,7.786],[0,0],[0,0],[8.966,-6.819]],"v":[[72.843,90.019],[5.48,127.99],[0,119.63],[60.585,78.029]],"c":true}],"e":[{"i":[[3.22,-3.988],[0,0],[0,0],[-10.053,7.646]],"o":[[-6.145,7.61],[0,0],[0,0],[8.966,-6.819]],"v":[[72.843,90.019],[5.48,127.99],[0,119.63],[60.585,78.029]],"c":true}]},{"t":35}],"ix":2},"nm":"Path 1","mn":"ADBE Vector Shape - Group","hd":false},{"ty":"tr","p":{"a":0,"k":[-0.75,0],"ix":2},"a":{"a":0,"k":[0,0],"ix":1},"s":{"a":0,"k":[100,100],"ix":3},"r":{"a":0,"k":0,"ix":6},"o":{"a":0,"k":100,"ix":7},"sk":{"a":0,"k":0,"ix":4},"sa":{"a":0,"k":0,"ix":5},"nm":"Transform"}],"nm":"\nfore arm","np":1,"cix":2,"bm":0,"ix":1,"mn":"ADBE Vector Group","hd":false},{"ty":"fl","c":{"a":0,"k":[1,0.803921628466,0.658823529412,1],"ix":4},"o":{"a":0,"k":100,"ix":5},"r":1,"bm":0,"nm":"Fill 1","mn":"ADBE Vector Graphic - Fill","hd":false},{"ty":"tr","p":{"a":0,"k":[0,0],"ix":2},"a":{"a":0,"k":[0,0],"ix":1},"s":{"a":0,"k":[300,300],"ix":3},"r":{"a":0,"k":0,"ix":6},"o":{"a":0,"k":100,"ix":7},"sk":{"a":0,"k":0,"ix":4},"sa":{"a":0,"k":0,"ix":5},"nm":"Transform"}],"nm":"Combined Shape","np":2,"cix":2,"bm":0,"ix":1,"mn":"ADBE Vector Group","hd":false}],"ip":0,"op":1500,"st":0,"bm":0},{"ddd":0,"ind":24,"ty":4,"nm":"Upper Arm L","parent":23,"sr":1,"ks":{"o":{"a":0,"k":100,"ix":11},"r":{"a":1,"k":[{"i":{"x":[0.635],"y":[0.407]},"o":{"x":[0.308],"y":[0.893]},"t":0,"s":[52.138],"e":[29.192]},{"i":{"x":[0.6],"y":[0.827]},"o":{"x":[0.278],"y":[0.274]},"t":1,"s":[29.192],"e":[-46.489]},{"i":{"x":[0.618],"y":[0.768]},"o":{"x":[0.289],"y":[0.32]},"t":3,"s":[-46.489],"e":[-76.024]},{"i":{"x":[0.587],"y":[0.927]},"o":{"x":[0.262],"y":[0.598]},"t":5,"s":[-76.024],"e":[-95.683]},{"i":{"x":[0.618],"y":[1]},"o":{"x":[0.288],"y":[-0.734]},"t":10,"s":[-95.683],"e":[-94.316]},{"i":{"x":[0.618],"y":[1]},"o":{"x":[0.14],"y":[0]},"t":15,"s":[-94.316],"e":[-87.748]},{"i":{"x":[0.635],"y":[0.277]},"o":{"x":[0.308],"y":[0.972]},"t":20,"s":[-87.748],"e":[-66.658]},{"i":{"x":[0.633],"y":[0.547]},"o":{"x":[0.303],"y":[0.414]},"t":21,"s":[-66.658],"e":[-36.058]},{"i":{"x":[0.637],"y":[0.801]},"o":{"x":[0.305],"y":[0.279]},"t":22,"s":[-36.058],"e":[5.347]},{"i":{"x":[0.641],"y":[0.732]},"o":{"x":[0.309],"y":[0.261]},"t":23,"s":[5.347],"e":[32.132]},{"i":{"x":[0.645],"y":[0.634]},"o":{"x":[0.312],"y":[0.551]},"t":24,"s":[32.132],"e":[43.44]},{"i":{"x":[0.63],"y":[0.7]},"o":{"x":[0.299],"y":[0.632]},"t":25,"s":[43.44],"e":[54.461]},{"i":{"x":[0.626],"y":[0.707]},"o":{"x":[0.295],"y":[1.479]},"t":27,"s":[54.461],"e":[57.136]},{"i":{"x":[0.627],"y":[0.605]},"o":{"x":[0.295],"y":[-0.229]},"t":30,"s":[57.136],"e":[52.64]},{"t":35}],"ix":10},"p":{"a":0,"k":[200.18,252.754,0],"ix":2},"a":{"a":0,"k":[207.865,242.017,0],"ix":1},"s":{"a":0,"k":[94.444,94.444,100],"ix":6}},"ao":0,"shapes":[{"ty":"gr","it":[{"ty":"gr","it":[{"ind":0,"ty":"sh","ix":1,"ks":{"a":1,"k":[{"i":{"x":0.833,"y":0.833},"o":{"x":0.14,"y":1},"t":0,"s":[{"i":[[-0.769,19.085],[0,0],[3.022,-8.43],[3.145,11.15]],"o":[[0.328,-8.136],[0,0],[-3.022,8.43],[-3.1,-10.993]],"v":[[46.059,9.624],[58.054,-17.233],[77.862,80.42],[60.27,81.177]],"c":true}],"e":[{"i":[[-0.769,19.085],[0,0],[3.022,-8.43],[3.145,11.15]],"o":[[0.328,-8.136],[0,0],[-3.022,8.43],[-3.1,-10.993]],"v":[[45.127,4.137],[58.054,-17.233],[77.862,80.42],[60.27,81.177]],"c":true}]},{"i":{"x":0.833,"y":0.833},"o":{"x":0.167,"y":0.167},"t":1,"s":[{"i":[[-0.769,19.085],[0,0],[3.022,-8.43],[3.145,11.15]],"o":[[0.328,-8.136],[0,0],[-3.022,8.43],[-3.1,-10.993]],"v":[[45.127,4.137],[58.054,-17.233],[77.862,80.42],[60.27,81.177]],"c":true}],"e":[{"i":[[-0.769,19.085],[0,0],[3.022,-8.43],[3.145,11.15]],"o":[[0.328,-8.136],[0,0],[-3.022,8.43],[-3.1,-10.993]],"v":[[44.919,2.911],[73.534,-0.582],[77.862,80.42],[60.27,81.177]],"c":true}]},{"i":{"x":0.833,"y":0.833},"o":{"x":0.167,"y":0.167},"t":2,"s":[{"i":[[-0.769,19.085],[0,0],[3.022,-8.43],[3.145,11.15]],"o":[[0.328,-8.136],[0,0],[-3.022,8.43],[-3.1,-10.993]],"v":[[44.919,2.911],[73.534,-0.582],[77.862,80.42],[60.27,81.177]],"c":true}],"e":[{"i":[[-0.769,19.085],[0,0],[3.022,-8.43],[3.145,11.15]],"o":[[0.328,-8.136],[0,0],[-3.022,8.43],[-3.1,-10.993]],"v":[[49.639,33.96],[72.884,26.274],[77.862,80.42],[60.27,81.177]],"c":true}]},{"i":{"x":0.833,"y":0.833},"o":{"x":0.167,"y":0.167},"t":3,"s":[{"i":[[-0.769,19.085],[0,0],[3.022,-8.43],[3.145,11.15]],"o":[[0.328,-8.136],[0,0],[-3.022,8.43],[-3.1,-10.993]],"v":[[49.639,33.96],[72.884,26.274],[77.862,80.42],[60.27,81.177]],"c":true}],"e":[{"i":[[-1.707,18.806],[0,0],[3.022,-8.43],[3.145,11.15]],"o":[[0.739,-8.043],[0,0],[-3.022,8.43],[-3.1,-10.993]],"v":[[44.488,24.524],[63.543,16.804],[77.862,80.42],[60.27,81.177]],"c":true}]},{"i":{"x":0.833,"y":0.833},"o":{"x":0.167,"y":0.167},"t":4,"s":[{"i":[[-1.707,18.806],[0,0],[3.022,-8.43],[3.145,11.15]],"o":[[0.739,-8.043],[0,0],[-3.022,8.43],[-3.1,-10.993]],"v":[[44.488,24.524],[63.543,16.804],[77.862,80.42],[60.27,81.177]],"c":true}],"e":[{"i":[[-3.581,18.249],[0,0],[3.022,-8.43],[3.145,11.15]],"o":[[1.56,-7.857],[0,0],[-3.022,8.43],[-3.1,-10.993]],"v":[[42.443,2.566],[60.401,-4.784],[77.862,80.42],[60.27,81.177]],"c":true}]},{"i":{"x":0.833,"y":0.833},"o":{"x":0.167,"y":0.167},"t":6,"s":[{"i":[[-3.581,18.249],[0,0],[3.022,-8.43],[3.145,11.15]],"o":[[1.56,-7.857],[0,0],[-3.022,8.43],[-3.1,-10.993]],"v":[[42.443,2.566],[60.401,-4.784],[77.862,80.42],[60.27,81.177]],"c":true}],"e":[{"i":[[-2.878,18.458],[0,0],[3.022,-8.43],[3.145,11.15]],"o":[[1.252,-7.927],[0,0],[-3.022,8.43],[-3.1,-10.993]],"v":[[42.26,-9.666],[58.829,-18.867],[77.862,80.42],[60.27,81.177]],"c":true}]},{"i":{"x":0.833,"y":0.833},"o":{"x":0.167,"y":0.167},"t":8,"s":[{"i":[[-2.878,18.458],[0,0],[3.022,-8.43],[3.145,11.15]],"o":[[1.252,-7.927],[0,0],[-3.022,8.43],[-3.1,-10.993]],"v":[[42.26,-9.666],[58.829,-18.867],[77.862,80.42],[60.27,81.177]],"c":true}],"e":[{"i":[[-2.175,18.667],[0,0],[3.022,-8.43],[3.145,11.15]],"o":[[0.944,-7.997],[0,0],[-3.022,8.43],[-3.1,-10.993]],"v":[[42.302,-14.888],[57.483,-25.94],[77.862,80.42],[60.27,81.177]],"c":true}]},{"i":{"x":0.34,"y":1},"o":{"x":0.167,"y":0.167},"t":10,"s":[{"i":[[-2.175,18.667],[0,0],[3.022,-8.43],[3.145,11.15]],"o":[[0.944,-7.997],[0,0],[-3.022,8.43],[-3.1,-10.993]],"v":[[42.302,-14.888],[57.483,-25.94],[77.862,80.42],[60.27,81.177]],"c":true}],"e":[{"i":[[-0.769,19.085],[0,0],[3.022,-8.43],[3.145,11.15]],"o":[[0.328,-8.136],[0,0],[-3.022,8.43],[-3.1,-10.993]],"v":[[43.464,-11.665],[57.334,-27.484],[77.862,80.42],[60.27,81.177]],"c":true}]},{"i":{"x":0.833,"y":0.833},"o":{"x":0.14,"y":0},"t":15,"s":[{"i":[[-0.769,19.085],[0,0],[3.022,-8.43],[3.145,11.15]],"o":[[0.328,-8.136],[0,0],[-3.022,8.43],[-3.1,-10.993]],"v":[[43.464,-11.665],[57.334,-27.484],[77.862,80.42],[60.27,81.177]],"c":true}],"e":[{"i":[[-0.769,19.085],[0,0],[3.022,-8.43],[3.145,11.15]],"o":[[0.328,-8.136],[0,0],[-3.022,8.43],[-3.1,-10.993]],"v":[[40.5,-11.162],[54.371,-26.982],[77.862,80.42],[60.27,81.177]],"c":true}]},{"i":{"x":0.833,"y":0.833},"o":{"x":0.167,"y":0.167},"t":16,"s":[{"i":[[-0.769,19.085],[0,0],[3.022,-8.43],[3.145,11.15]],"o":[[0.328,-8.136],[0,0],[-3.022,8.43],[-3.1,-10.993]],"v":[[40.5,-11.162],[54.371,-26.982],[77.862,80.42],[60.27,81.177]],"c":true}],"e":[{"i":[[-0.769,19.085],[0,0],[3.022,-8.43],[3.145,11.15]],"o":[[0.328,-8.136],[0,0],[-3.022,8.43],[-3.1,-10.993]],"v":[[40.697,-7.808],[54.567,-23.628],[77.862,80.42],[60.27,81.177]],"c":true}]},{"i":{"x":0.34,"y":1},"o":{"x":0.167,"y":0.167},"t":17,"s":[{"i":[[-0.769,19.085],[0,0],[3.022,-8.43],[3.145,11.15]],"o":[[0.328,-8.136],[0,0],[-3.022,8.43],[-3.1,-10.993]],"v":[[40.697,-7.808],[54.567,-23.628],[77.862,80.42],[60.27,81.177]],"c":true}],"e":[{"i":[[-0.769,19.085],[0,0],[3.022,-8.43],[3.145,11.15]],"o":[[0.328,-8.136],[0,0],[-3.022,8.43],[-3.1,-10.993]],"v":[[44.183,-1.413],[58.054,-17.233],[77.862,80.42],[60.27,81.177]],"c":true}]},{"i":{"x":0.833,"y":0.833},"o":{"x":0.14,"y":1},"t":20,"s":[{"i":[[-0.769,19.085],[0,0],[3.022,-8.43],[3.145,11.15]],"o":[[0.328,-8.136],[0,0],[-3.022,8.43],[-3.1,-10.993]],"v":[[44.183,-1.413],[58.054,-17.233],[77.862,80.42],[60.27,81.177]],"c":true}],"e":[{"i":[[-0.769,19.085],[0,0],[3.022,-8.43],[3.145,11.15]],"o":[[0.328,-8.136],[0,0],[-3.022,8.43],[-3.1,-10.993]],"v":[[48.015,26.307],[60.953,5.001],[77.862,80.42],[60.27,81.177]],"c":true}]},{"i":{"x":0.833,"y":0.833},"o":{"x":0.167,"y":0.167},"t":21,"s":[{"i":[[-0.769,19.085],[0,0],[3.022,-8.43],[3.145,11.15]],"o":[[0.328,-8.136],[0,0],[-3.022,8.43],[-3.1,-10.993]],"v":[[48.015,26.307],[60.953,5.001],[77.862,80.42],[60.27,81.177]],"c":true}],"e":[{"i":[[-0.769,19.085],[0,0],[3.022,-8.43],[3.145,11.15]],"o":[[0.328,-8.136],[0,0],[-3.022,8.43],[-3.1,-10.993]],"v":[[51.505,38.808],[64.235,16.276],[77.862,80.42],[60.27,81.177]],"c":true}]},{"i":{"x":0.833,"y":0.833},"o":{"x":0.167,"y":0.167},"t":22,"s":[{"i":[[-0.769,19.085],[0,0],[3.022,-8.43],[3.145,11.15]],"o":[[0.328,-8.136],[0,0],[-3.022,8.43],[-3.1,-10.993]],"v":[[51.505,38.808],[64.235,16.276],[77.862,80.42],[60.27,81.177]],"c":true}],"e":[{"i":[[-0.769,19.085],[0,0],[3.022,-8.43],[3.145,11.15]],"o":[[0.328,-8.136],[0,0],[-3.022,8.43],[-3.1,-10.993]],"v":[[46.081,9.738],[58.078,-17.103],[77.862,80.42],[60.27,81.177]],"c":true}]},{"t":35}],"ix":2},"nm":"Path 1","mn":"ADBE Vector Shape - Group","hd":false},{"ty":"tr","p":{"a":0,"k":[-0.75,0],"ix":2},"a":{"a":0,"k":[0,0],"ix":1},"s":{"a":0,"k":[100,100],"ix":3},"r":{"a":0,"k":0,"ix":6},"o":{"a":0,"k":100,"ix":7},"sk":{"a":0,"k":0,"ix":4},"sa":{"a":0,"k":0,"ix":5},"nm":"Transform"}],"nm":"Upper arm","np":1,"cix":2,"bm":0,"ix":1,"mn":"ADBE Vector Group","hd":false},{"ty":"fl","c":{"a":0,"k":[1,0.803921628466,0.658823529412,1],"ix":4},"o":{"a":0,"k":100,"ix":5},"r":1,"bm":0,"nm":"Fill 1","mn":"ADBE Vector Graphic - Fill","hd":false},{"ty":"tr","p":{"a":0,"k":[0,0],"ix":2},"a":{"a":0,"k":[0,0],"ix":1},"s":{"a":0,"k":[300,300],"ix":3},"r":{"a":0,"k":0,"ix":6},"o":{"a":0,"k":100,"ix":7},"sk":{"a":0,"k":0,"ix":4},"sa":{"a":0,"k":0,"ix":5},"nm":"Transform"}],"nm":"Combined Shape","np":2,"cix":2,"bm":0,"ix":1,"mn":"ADBE Vector Group","hd":false}],"ip":0,"op":1500,"st":0,"bm":0},{"ddd":0,"ind":25,"ty":4,"nm":"Hand R","parent":2,"sr":1,"ks":{"o":{"a":0,"k":100,"ix":11},"r":{"a":0,"k":143.333,"ix":10},"p":{"a":0,"k":[-68.179,-179.458,0],"ix":2},"a":{"a":0,"k":[30.363,301.97,0],"ix":1},"s":{"a":0,"k":[34,34,100],"ix":6}},"ao":0,"shapes":[{"ty":"gr","it":[{"ty":"gr","it":[{"ty":"rc","d":1,"s":{"a":0,"k":[20,26],"ix":2},"p":{"a":0,"k":[57.46,114.15],"ix":3},"r":{"a":0,"k":86,"ix":4},"nm":"Rectangle Path 1","mn":"ADBE Vector Shape - Rect","hd":false},{"ty":"tr","p":{"a":0,"k":[-2.504,129.341],"ix":2},"a":{"a":0,"k":[67.46,127.15],"ix":1},"s":{"a":0,"k":[100,100],"ix":3},"r":{"a":0,"k":40,"ix":6},"o":{"a":0,"k":100,"ix":7},"sk":{"a":0,"k":0,"ix":4},"sa":{"a":0,"k":0,"ix":5},"nm":"Transform"}],"nm":"Hand","np":1,"cix":2,"bm":0,"ix":1,"mn":"ADBE Vector Group","hd":false},{"ty":"fl","c":{"a":0,"k":[1,0.803921628466,0.658823529412,1],"ix":4},"o":{"a":0,"k":100,"ix":5},"r":1,"bm":0,"nm":"Fill 1","mn":"ADBE Vector Graphic - Fill","hd":false},{"ty":"tr","p":{"a":0,"k":[0,0],"ix":2},"a":{"a":0,"k":[0,0],"ix":1},"s":{"a":0,"k":[300,300],"ix":3},"r":{"a":0,"k":0,"ix":6},"o":{"a":0,"k":100,"ix":7},"sk":{"a":0,"k":0,"ix":4},"sa":{"a":0,"k":0,"ix":5},"nm":"Transform"}],"nm":"Combined Shape","np":2,"cix":2,"bm":0,"ix":1,"mn":"ADBE Vector Group","hd":false}],"ip":0,"op":1500,"st":0,"bm":0},{"ddd":0,"ind":26,"ty":4,"nm":"Fore Arm R","parent":2,"sr":1,"ks":{"o":{"a":0,"k":100,"ix":11},"r":{"a":1,"k":[{"i":{"x":[0.32],"y":[1.146]},"o":{"x":[0.17],"y":[0.48]},"t":0,"s":[121.085],"e":[143.333]},{"i":{"x":[0.833],"y":[1]},"o":{"x":[0.325],"y":[0]},"t":15,"s":[143.333],"e":[143.333]},{"i":{"x":[0.32],"y":[1.27]},"o":{"x":[0.17],"y":[0.89]},"t":20,"s":[143.333],"e":[121.085]},{"t":35}],"ix":10},"p":{"a":0,"k":[-66.522,-194.612,0],"ix":2},"a":{"a":0,"k":[-2.25,383.97,0],"ix":1},"s":{"a":1,"k":[{"i":{"x":[0.32,0.32,0.32],"y":[1.27,1.27,1]},"o":{"x":[0.17,0.17,0.17],"y":[0.89,0.89,0]},"t":0,"s":[36,36,100],"e":[34,34,100]},{"i":{"x":[0.833,0.833,0.833],"y":[1,1,1]},"o":{"x":[0.325,0.325,0.325],"y":[0,0,0]},"t":15,"s":[34,34,100],"e":[34,34,100]},{"i":{"x":[0.32,0.32,0.32],"y":[1.27,1.27,1]},"o":{"x":[0.17,0.17,0.17],"y":[0.89,0.89,0]},"t":20,"s":[34,34,100],"e":[36,36,100]},{"t":35}],"ix":6}},"ao":0,"shapes":[{"ty":"gr","it":[{"ty":"gr","it":[{"ind":0,"ty":"sh","ix":1,"ks":{"a":1,"k":[{"i":{"x":0.32,"y":1},"o":{"x":0.17,"y":0.89},"t":0,"s":[{"i":[[3.22,-3.988],[0,0],[0,0],[-10.053,7.646]],"o":[[-6.145,7.61],[0,0],[0,0],[8.966,-6.819]],"v":[[72.843,90.019],[5.48,127.99],[0,119.63],[60.585,78.029]],"c":true}],"e":[{"i":[[5.805,-7.634],[0,0],[0,0],[-10.053,7.646]],"o":[[-5.921,7.786],[0,0],[0,0],[8.966,-6.819]],"v":[[72.843,90.019],[5.48,127.99],[0,119.63],[60.585,78.029]],"c":true}]},{"i":{"x":0.833,"y":1},"o":{"x":0.17,"y":0},"t":15,"s":[{"i":[[5.805,-7.634],[0,0],[0,0],[-10.053,7.646]],"o":[[-5.921,7.786],[0,0],[0,0],[8.966,-6.819]],"v":[[72.843,90.019],[5.48,127.99],[0,119.63],[60.585,78.029]],"c":true}],"e":[{"i":[[5.805,-7.634],[0,0],[0,0],[-10.053,7.646]],"o":[[-5.921,7.786],[0,0],[0,0],[8.966,-6.819]],"v":[[72.843,90.019],[5.48,127.99],[0,119.63],[60.585,78.029]],"c":true}]},{"i":{"x":0.32,"y":1},"o":{"x":0.17,"y":0.89},"t":20,"s":[{"i":[[5.805,-7.634],[0,0],[0,0],[-10.053,7.646]],"o":[[-5.921,7.786],[0,0],[0,0],[8.966,-6.819]],"v":[[72.843,90.019],[5.48,127.99],[0,119.63],[60.585,78.029]],"c":true}],"e":[{"i":[[3.22,-3.988],[0,0],[0,0],[-10.053,7.646]],"o":[[-6.145,7.61],[0,0],[0,0],[8.966,-6.819]],"v":[[72.843,90.019],[5.48,127.99],[0,119.63],[60.585,78.029]],"c":true}]},{"t":35}],"ix":2},"nm":"Path 1","mn":"ADBE Vector Shape - Group","hd":false},{"ty":"tr","p":{"a":0,"k":[-0.75,0],"ix":2},"a":{"a":0,"k":[0,0],"ix":1},"s":{"a":0,"k":[100,100],"ix":3},"r":{"a":0,"k":0,"ix":6},"o":{"a":0,"k":100,"ix":7},"sk":{"a":0,"k":0,"ix":4},"sa":{"a":0,"k":0,"ix":5},"nm":"Transform"}],"nm":"\nfore arm","np":1,"cix":2,"bm":0,"ix":1,"mn":"ADBE Vector Group","hd":false},{"ty":"fl","c":{"a":0,"k":[1,0.803921628466,0.658823529412,1],"ix":4},"o":{"a":0,"k":100,"ix":5},"r":1,"bm":0,"nm":"Fill 1","mn":"ADBE Vector Graphic - Fill","hd":false},{"ty":"tr","p":{"a":0,"k":[0,0],"ix":2},"a":{"a":0,"k":[0,0],"ix":1},"s":{"a":0,"k":[300,300],"ix":3},"r":{"a":0,"k":0,"ix":6},"o":{"a":0,"k":100,"ix":7},"sk":{"a":0,"k":0,"ix":4},"sa":{"a":0,"k":0,"ix":5},"nm":"Transform"}],"nm":"Combined Shape","np":2,"cix":2,"bm":0,"ix":1,"mn":"ADBE Vector Group","hd":false}],"ip":0,"op":1500,"st":0,"bm":0},{"ddd":0,"ind":27,"ty":4,"nm":"Upper Arm R","parent":26,"sr":1,"ks":{"o":{"a":0,"k":100,"ix":11},"r":{"a":1,"k":[{"i":{"x":[0.635],"y":[0.407]},"o":{"x":[0.308],"y":[0.893]},"t":0,"s":[52.138],"e":[29.192]},{"i":{"x":[0.6],"y":[0.827]},"o":{"x":[0.278],"y":[0.274]},"t":1,"s":[29.192],"e":[-46.489]},{"i":{"x":[0.618],"y":[0.768]},"o":{"x":[0.289],"y":[0.32]},"t":3,"s":[-46.489],"e":[-76.024]},{"i":{"x":[0.587],"y":[0.927]},"o":{"x":[0.262],"y":[0.598]},"t":5,"s":[-76.024],"e":[-95.683]},{"i":{"x":[0.618],"y":[1]},"o":{"x":[0.288],"y":[-0.734]},"t":10,"s":[-95.683],"e":[-94.316]},{"i":{"x":[0.618],"y":[1]},"o":{"x":[0.14],"y":[0]},"t":15,"s":[-94.316],"e":[-87.748]},{"i":{"x":[0.635],"y":[0.277]},"o":{"x":[0.308],"y":[0.972]},"t":20,"s":[-87.748],"e":[-66.658]},{"i":{"x":[0.633],"y":[0.547]},"o":{"x":[0.303],"y":[0.414]},"t":21,"s":[-66.658],"e":[-36.058]},{"i":{"x":[0.637],"y":[0.801]},"o":{"x":[0.305],"y":[0.279]},"t":22,"s":[-36.058],"e":[5.347]},{"i":{"x":[0.641],"y":[0.732]},"o":{"x":[0.309],"y":[0.261]},"t":23,"s":[5.347],"e":[32.132]},{"i":{"x":[0.645],"y":[0.634]},"o":{"x":[0.312],"y":[0.551]},"t":24,"s":[32.132],"e":[43.44]},{"i":{"x":[0.63],"y":[0.7]},"o":{"x":[0.299],"y":[0.632]},"t":25,"s":[43.44],"e":[54.461]},{"i":{"x":[0.626],"y":[0.707]},"o":{"x":[0.295],"y":[1.479]},"t":27,"s":[54.461],"e":[57.136]},{"i":{"x":[0.627],"y":[0.605]},"o":{"x":[0.295],"y":[-0.229]},"t":30,"s":[57.136],"e":[52.64]},{"t":35}],"ix":10},"p":{"a":0,"k":[200.18,252.754,0],"ix":2},"a":{"a":0,"k":[207.865,242.017,0],"ix":1},"s":{"a":0,"k":[94.444,94.444,100],"ix":6}},"ao":0,"shapes":[{"ty":"gr","it":[{"ty":"gr","it":[{"ind":0,"ty":"sh","ix":1,"ks":{"a":1,"k":[{"i":{"x":0.833,"y":0.833},"o":{"x":0.14,"y":1},"t":0,"s":[{"i":[[-0.769,19.085],[0,0],[3.022,-8.43],[3.145,11.15]],"o":[[0.328,-8.136],[0,0],[-3.022,8.43],[-3.1,-10.993]],"v":[[46.059,9.624],[58.054,-17.233],[77.862,80.42],[60.27,81.177]],"c":true}],"e":[{"i":[[-0.769,19.085],[0,0],[3.022,-8.43],[3.145,11.15]],"o":[[0.328,-8.136],[0,0],[-3.022,8.43],[-3.1,-10.993]],"v":[[45.127,4.137],[58.054,-17.233],[77.862,80.42],[60.27,81.177]],"c":true}]},{"i":{"x":0.833,"y":0.833},"o":{"x":0.167,"y":0.167},"t":1,"s":[{"i":[[-0.769,19.085],[0,0],[3.022,-8.43],[3.145,11.15]],"o":[[0.328,-8.136],[0,0],[-3.022,8.43],[-3.1,-10.993]],"v":[[45.127,4.137],[58.054,-17.233],[77.862,80.42],[60.27,81.177]],"c":true}],"e":[{"i":[[-0.769,19.085],[0,0],[3.022,-8.43],[3.145,11.15]],"o":[[0.328,-8.136],[0,0],[-3.022,8.43],[-3.1,-10.993]],"v":[[44.919,2.911],[73.534,-0.582],[77.862,80.42],[60.27,81.177]],"c":true}]},{"i":{"x":0.833,"y":0.833},"o":{"x":0.167,"y":0.167},"t":2,"s":[{"i":[[-0.769,19.085],[0,0],[3.022,-8.43],[3.145,11.15]],"o":[[0.328,-8.136],[0,0],[-3.022,8.43],[-3.1,-10.993]],"v":[[44.919,2.911],[73.534,-0.582],[77.862,80.42],[60.27,81.177]],"c":true}],"e":[{"i":[[-0.769,19.085],[0,0],[3.022,-8.43],[3.145,11.15]],"o":[[0.328,-8.136],[0,0],[-3.022,8.43],[-3.1,-10.993]],"v":[[49.639,33.96],[72.884,26.274],[77.862,80.42],[60.27,81.177]],"c":true}]},{"i":{"x":0.833,"y":0.833},"o":{"x":0.167,"y":0.167},"t":3,"s":[{"i":[[-0.769,19.085],[0,0],[3.022,-8.43],[3.145,11.15]],"o":[[0.328,-8.136],[0,0],[-3.022,8.43],[-3.1,-10.993]],"v":[[49.639,33.96],[72.884,26.274],[77.862,80.42],[60.27,81.177]],"c":true}],"e":[{"i":[[-1.707,18.806],[0,0],[3.022,-8.43],[3.145,11.15]],"o":[[0.739,-8.043],[0,0],[-3.022,8.43],[-3.1,-10.993]],"v":[[44.488,24.524],[63.543,16.804],[77.862,80.42],[60.27,81.177]],"c":true}]},{"i":{"x":0.833,"y":0.833},"o":{"x":0.167,"y":0.167},"t":4,"s":[{"i":[[-1.707,18.806],[0,0],[3.022,-8.43],[3.145,11.15]],"o":[[0.739,-8.043],[0,0],[-3.022,8.43],[-3.1,-10.993]],"v":[[44.488,24.524],[63.543,16.804],[77.862,80.42],[60.27,81.177]],"c":true}],"e":[{"i":[[-3.581,18.249],[0,0],[3.022,-8.43],[3.145,11.15]],"o":[[1.56,-7.857],[0,0],[-3.022,8.43],[-3.1,-10.993]],"v":[[42.443,2.566],[60.401,-4.784],[77.862,80.42],[60.27,81.177]],"c":true}]},{"i":{"x":0.833,"y":0.833},"o":{"x":0.167,"y":0.167},"t":6,"s":[{"i":[[-3.581,18.249],[0,0],[3.022,-8.43],[3.145,11.15]],"o":[[1.56,-7.857],[0,0],[-3.022,8.43],[-3.1,-10.993]],"v":[[42.443,2.566],[60.401,-4.784],[77.862,80.42],[60.27,81.177]],"c":true}],"e":[{"i":[[-2.878,18.458],[0,0],[3.022,-8.43],[3.145,11.15]],"o":[[1.252,-7.927],[0,0],[-3.022,8.43],[-3.1,-10.993]],"v":[[42.26,-9.666],[58.829,-18.867],[77.862,80.42],[60.27,81.177]],"c":true}]},{"i":{"x":0.833,"y":0.833},"o":{"x":0.167,"y":0.167},"t":8,"s":[{"i":[[-2.878,18.458],[0,0],[3.022,-8.43],[3.145,11.15]],"o":[[1.252,-7.927],[0,0],[-3.022,8.43],[-3.1,-10.993]],"v":[[42.26,-9.666],[58.829,-18.867],[77.862,80.42],[60.27,81.177]],"c":true}],"e":[{"i":[[-2.175,18.667],[0,0],[3.022,-8.43],[3.145,11.15]],"o":[[0.944,-7.997],[0,0],[-3.022,8.43],[-3.1,-10.993]],"v":[[42.302,-14.888],[57.483,-25.94],[77.862,80.42],[60.27,81.177]],"c":true}]},{"i":{"x":0.34,"y":1},"o":{"x":0.167,"y":0.167},"t":10,"s":[{"i":[[-2.175,18.667],[0,0],[3.022,-8.43],[3.145,11.15]],"o":[[0.944,-7.997],[0,0],[-3.022,8.43],[-3.1,-10.993]],"v":[[42.302,-14.888],[57.483,-25.94],[77.862,80.42],[60.27,81.177]],"c":true}],"e":[{"i":[[-0.769,19.085],[0,0],[3.022,-8.43],[3.145,11.15]],"o":[[0.328,-8.136],[0,0],[-3.022,8.43],[-3.1,-10.993]],"v":[[43.464,-11.665],[57.334,-27.484],[77.862,80.42],[60.27,81.177]],"c":true}]},{"i":{"x":0.833,"y":0.833},"o":{"x":0.14,"y":0},"t":15,"s":[{"i":[[-0.769,19.085],[0,0],[3.022,-8.43],[3.145,11.15]],"o":[[0.328,-8.136],[0,0],[-3.022,8.43],[-3.1,-10.993]],"v":[[43.464,-11.665],[57.334,-27.484],[77.862,80.42],[60.27,81.177]],"c":true}],"e":[{"i":[[-0.769,19.085],[0,0],[3.022,-8.43],[3.145,11.15]],"o":[[0.328,-8.136],[0,0],[-3.022,8.43],[-3.1,-10.993]],"v":[[40.5,-11.162],[54.371,-26.982],[77.862,80.42],[60.27,81.177]],"c":true}]},{"i":{"x":0.833,"y":0.833},"o":{"x":0.167,"y":0.167},"t":16,"s":[{"i":[[-0.769,19.085],[0,0],[3.022,-8.43],[3.145,11.15]],"o":[[0.328,-8.136],[0,0],[-3.022,8.43],[-3.1,-10.993]],"v":[[40.5,-11.162],[54.371,-26.982],[77.862,80.42],[60.27,81.177]],"c":true}],"e":[{"i":[[-0.769,19.085],[0,0],[3.022,-8.43],[3.145,11.15]],"o":[[0.328,-8.136],[0,0],[-3.022,8.43],[-3.1,-10.993]],"v":[[40.697,-7.808],[54.567,-23.628],[77.862,80.42],[60.27,81.177]],"c":true}]},{"i":{"x":0.34,"y":1},"o":{"x":0.167,"y":0.167},"t":17,"s":[{"i":[[-0.769,19.085],[0,0],[3.022,-8.43],[3.145,11.15]],"o":[[0.328,-8.136],[0,0],[-3.022,8.43],[-3.1,-10.993]],"v":[[40.697,-7.808],[54.567,-23.628],[77.862,80.42],[60.27,81.177]],"c":true}],"e":[{"i":[[-0.769,19.085],[0,0],[3.022,-8.43],[3.145,11.15]],"o":[[0.328,-8.136],[0,0],[-3.022,8.43],[-3.1,-10.993]],"v":[[44.183,-1.413],[58.054,-17.233],[77.862,80.42],[60.27,81.177]],"c":true}]},{"i":{"x":0.833,"y":0.833},"o":{"x":0.14,"y":1},"t":20,"s":[{"i":[[-0.769,19.085],[0,0],[3.022,-8.43],[3.145,11.15]],"o":[[0.328,-8.136],[0,0],[-3.022,8.43],[-3.1,-10.993]],"v":[[44.183,-1.413],[58.054,-17.233],[77.862,80.42],[60.27,81.177]],"c":true}],"e":[{"i":[[-0.769,19.085],[0,0],[3.022,-8.43],[3.145,11.15]],"o":[[0.328,-8.136],[0,0],[-3.022,8.43],[-3.1,-10.993]],"v":[[48.015,26.307],[60.953,5.001],[77.862,80.42],[60.27,81.177]],"c":true}]},{"i":{"x":0.833,"y":0.833},"o":{"x":0.167,"y":0.167},"t":21,"s":[{"i":[[-0.769,19.085],[0,0],[3.022,-8.43],[3.145,11.15]],"o":[[0.328,-8.136],[0,0],[-3.022,8.43],[-3.1,-10.993]],"v":[[48.015,26.307],[60.953,5.001],[77.862,80.42],[60.27,81.177]],"c":true}],"e":[{"i":[[-0.769,19.085],[0,0],[3.022,-8.43],[3.145,11.15]],"o":[[0.328,-8.136],[0,0],[-3.022,8.43],[-3.1,-10.993]],"v":[[51.505,38.808],[64.235,16.276],[77.862,80.42],[60.27,81.177]],"c":true}]},{"i":{"x":0.833,"y":0.833},"o":{"x":0.167,"y":0.167},"t":22,"s":[{"i":[[-0.769,19.085],[0,0],[3.022,-8.43],[3.145,11.15]],"o":[[0.328,-8.136],[0,0],[-3.022,8.43],[-3.1,-10.993]],"v":[[51.505,38.808],[64.235,16.276],[77.862,80.42],[60.27,81.177]],"c":true}],"e":[{"i":[[-0.769,19.085],[0,0],[3.022,-8.43],[3.145,11.15]],"o":[[0.328,-8.136],[0,0],[-3.022,8.43],[-3.1,-10.993]],"v":[[46.081,9.738],[58.078,-17.103],[77.862,80.42],[60.27,81.177]],"c":true}]},{"t":35}],"ix":2},"nm":"Path 1","mn":"ADBE Vector Shape - Group","hd":false},{"ty":"tr","p":{"a":0,"k":[-0.75,0],"ix":2},"a":{"a":0,"k":[0,0],"ix":1},"s":{"a":0,"k":[100,100],"ix":3},"r":{"a":0,"k":0,"ix":6},"o":{"a":0,"k":100,"ix":7},"sk":{"a":0,"k":0,"ix":4},"sa":{"a":0,"k":0,"ix":5},"nm":"Transform"}],"nm":"Upper arm","np":1,"cix":2,"bm":0,"ix":1,"mn":"ADBE Vector Group","hd":false},{"ty":"fl","c":{"a":0,"k":[1,0.803921628466,0.658823529412,1],"ix":4},"o":{"a":0,"k":100,"ix":5},"r":1,"bm":0,"nm":"Fill 1","mn":"ADBE Vector Graphic - Fill","hd":false},{"ty":"tr","p":{"a":0,"k":[0,0],"ix":2},"a":{"a":0,"k":[0,0],"ix":1},"s":{"a":0,"k":[300,300],"ix":3},"r":{"a":0,"k":0,"ix":6},"o":{"a":0,"k":100,"ix":7},"sk":{"a":0,"k":0,"ix":4},"sa":{"a":0,"k":0,"ix":5},"nm":"Transform"}],"nm":"Combined Shape","np":2,"cix":2,"bm":0,"ix":1,"mn":"ADBE Vector Group","hd":false}],"ip":0,"op":1500,"st":0,"bm":0},{"ddd":0,"ind":28,"ty":4,"nm":"Haltère SMALL","sr":1,"ks":{"o":{"a":0,"k":100,"ix":11},"r":{"a":0,"k":0,"ix":10},"p":{"a":0,"k":[927.5,620,0],"ix":2},"a":{"a":0,"k":[0,0,0],"ix":1},"s":{"a":0,"k":[200,200,100],"ix":6}},"ao":0,"shapes":[{"ty":"gr","it":[{"ind":0,"ty":"sh","ix":1,"ks":{"a":0,"k":{"i":[[-1.562,0],[0,0],[0,1.562],[0,0],[1.562,0],[0,0],[0,-1.562],[0,0]],"o":[[0,0],[1.562,0],[0,0],[0,-1.562],[0,0],[-1.562,0],[0,0],[0,1.562]],"v":[[-111.38,-35.859],[-111.036,-35.859],[-108.197,-38.699],[-108.197,-69.382],[-111.036,-72.222],[-111.38,-72.222],[-114.219,-69.382],[-114.219,-38.699]],"c":true},"ix":2},"nm":"Mask 1","mn":"ADBE Vector Shape - Group","hd":false},{"ind":1,"ty":"sh","ix":2,"ks":{"a":0,"k":{"i":[[-1.562,0],[0,0],[0,1.562],[0,0],[1.562,0],[0,0],[0,-1.562],[0,0]],"o":[[0,0],[1.562,0],[0,0],[0,-1.562],[0,0],[-1.562,0],[0,0],[0,1.562]],"v":[[-105.357,-41.143],[-105.014,-41.143],[-102.174,-43.983],[-102.174,-64.098],[-105.014,-66.938],[-105.357,-66.938],[-108.197,-64.098],[-108.197,-43.983]],"c":true},"ix":2},"nm":"Mask 2","mn":"ADBE Vector Shape - Group","hd":false},{"ind":2,"ty":"sh","ix":3,"ks":{"a":0,"k":{"i":[[-1.562,0],[0,0],[0,1.562],[0,0],[1.562,0],[0,0],[0,-1.562],[0,0]],"o":[[0,0],[1.562,0],[0,0],[0,-1.562],[0,0],[-1.562,0],[0,0],[0,1.562]],"v":[[-99.335,-45.632],[-98.991,-45.632],[-96.152,-48.471],[-96.152,-59.61],[-98.991,-62.449],[-99.335,-62.449],[-102.174,-59.61],[-102.174,-48.471]],"c":true},"ix":2},"nm":"Mask 3","mn":"ADBE Vector Shape - Group","hd":false},{"ind":3,"ty":"sh","ix":4,"ks":{"a":0,"k":{"i":[[1.562,0],[0,0],[0,1.562],[0,0],[-1.562,0],[0,0],[0,-1.562],[0,0]],"o":[[0,0],[-1.562,0],[0,0],[0,-1.562],[0,0],[1.562,0],[0,0],[0,1.562]],"v":[[-145.25,-35.859],[-145.594,-35.859],[-148.433,-38.699],[-148.433,-69.382],[-145.594,-72.222],[-145.25,-72.222],[-142.41,-69.382],[-142.41,-38.699]],"c":true},"ix":2},"nm":"Mask 5","mn":"ADBE Vector Shape - Group","hd":false},{"ind":4,"ty":"sh","ix":5,"ks":{"a":0,"k":{"i":[[1.562,0],[0,0],[0,1.562],[0,0],[-1.562,0],[0,0],[0,-1.562],[0,0]],"o":[[0,0],[-1.562,0],[0,0],[0,-1.562],[0,0],[1.562,0],[0,0],[0,1.562]],"v":[[-151.272,-41.143],[-151.616,-41.143],[-154.456,-43.983],[-154.456,-64.098],[-151.616,-66.938],[-151.272,-66.938],[-148.433,-64.098],[-148.433,-43.983]],"c":true},"ix":2},"nm":"Mask 6","mn":"ADBE Vector Shape - Group","hd":false},{"ind":5,"ty":"sh","ix":6,"ks":{"a":0,"k":{"i":[[1.562,0],[0,0],[0,1.562],[0,0],[-1.562,0],[0,0],[0,-1.562],[0,0]],"o":[[0,0],[-1.562,0],[0,0],[0,-1.562],[0,0],[1.562,0],[0,0],[0,1.562]],"v":[[-157.295,-45.632],[-157.639,-45.632],[-160.478,-48.471],[-160.478,-59.61],[-157.639,-62.449],[-157.295,-62.449],[-154.456,-59.61],[-154.456,-48.471]],"c":true},"ix":2},"nm":"Mask 7","mn":"ADBE Vector Shape - Group","hd":false},{"ty":"fl","c":{"a":0,"k":[0,0.666666666667,0.6,1],"ix":4},"o":{"a":0,"k":100,"ix":5},"r":1,"bm":0,"nm":"Fill 1","mn":"ADBE Vector Graphic - Fill","hd":false},{"ty":"tr","p":{"a":0,"k":[128.815,54.541],"ix":2},"a":{"a":0,"k":[0,0],"ix":1},"s":{"a":0,"k":[100,100],"ix":3},"r":{"a":0,"k":0,"ix":6},"o":{"a":0,"k":100,"ix":7},"sk":{"a":0,"k":0,"ix":4},"sa":{"a":0,"k":0,"ix":5},"nm":"Transform"}],"nm":"Poids","np":7,"cix":2,"bm":0,"ix":1,"mn":"ADBE Vector Group","hd":false},{"ty":"gr","it":[{"ind":0,"ty":"sh","ix":1,"ks":{"a":0,"k":{"i":[[0,0],[0,1.26],[1.26,0]],"o":[[1.26,0],[0,-1.26],[0,0]],"v":[[-86.72,-1.747],[-84.439,-4.027],[-86.72,-6.308]],"c":false},"ix":2},"nm":"Mask 4","mn":"ADBE Vector Shape - Group","hd":false},{"ind":1,"ty":"sh","ix":2,"ks":{"a":0,"k":{"i":[[0,0],[0,1.26],[-1.26,0]],"o":[[-1.26,0],[0,-1.26],[0,0]],"v":[[-151.046,-1.747],[-153.327,-4.027],[-151.046,-6.308]],"c":false},"ix":2},"nm":"Mask 8","mn":"ADBE Vector Shape - Group","hd":false},{"ind":2,"ty":"sh","ix":3,"ks":{"a":0,"k":{"i":[[0,0],[0,0],[0,0],[0,0]],"o":[[0,0],[0,0],[0,0],[0,0]],"v":[[-104.788,-1.747],[-132.979,-1.747],[-132.979,-7.217],[-104.788,-7.217]],"c":true},"ix":2},"nm":"Mask 9","mn":"ADBE Vector Shape - Group","hd":false},{"ty":"fl","c":{"a":0,"k":[0.03137254902,0.905882352941,0.847058823529,1],"ix":4},"o":{"a":0,"k":100,"ix":5},"r":1,"bm":0,"nm":"Fill 1","mn":"ADBE Vector Graphic - Fill","hd":false},{"ty":"tr","p":{"a":0,"k":[119.383,5.27],"ix":2},"a":{"a":0,"k":[0,0],"ix":1},"s":{"a":0,"k":[100,100],"ix":3},"r":{"a":0,"k":0,"ix":6},"o":{"a":0,"k":100,"ix":7},"sk":{"a":0,"k":0,"ix":4},"sa":{"a":0,"k":0,"ix":5},"nm":"Transform"}],"nm":"Barre","np":4,"cix":2,"bm":0,"ix":2,"mn":"ADBE Vector Group","hd":false}],"ip":0,"op":326,"st":0,"bm":0},{"ddd":0,"ind":33,"ty":4,"nm":"Shadow MASK","parent":38,"sr":1,"ks":{"o":{"a":0,"k":100,"ix":11},"r":{"a":0,"k":0,"ix":10},"p":{"a":0,"k":[-201.25,267.48,0],"ix":2},"a":{"a":0,"k":[-201.25,261.48,0],"ix":1},"s":{"a":0,"k":[100,100,100],"ix":6}},"ao":0,"shapes":[{"ty":"gr","it":[{"ty":"rc","d":1,"s":{"a":0,"k":[32.124,8.96],"ix":2},"p":{"a":0,"k":[0,0],"ix":3},"r":{"a":0,"k":0,"ix":4},"nm":"Rectangle Path 1","mn":"ADBE Vector Shape - Rect","hd":false},{"ty":"fl","c":{"a":0,"k":[0,0.709803938866,0.662745118141,0],"ix":4},"o":{"a":0,"k":100,"ix":5},"r":1,"bm":0,"nm":"Fill 1","mn":"ADBE Vector Graphic - Fill","hd":false},{"ty":"tr","p":{"a":0,"k":[-185.188,261.48],"ix":2},"a":{"a":0,"k":[0,0],"ix":1},"s":{"a":0,"k":[100,100],"ix":3},"r":{"a":0,"k":0,"ix":6},"o":{"a":0,"k":100,"ix":7},"sk":{"a":0,"k":0,"ix":4},"sa":{"a":0,"k":0,"ix":5},"nm":"Transform"}],"nm":"Rectangle 1","np":3,"cix":2,"bm":0,"ix":1,"mn":"ADBE Vector Group","hd":false},{"ty":"gr","it":[{"ty":"rc","d":1,"s":{"a":0,"k":[32.124,8.96],"ix":2},"p":{"a":0,"k":[0,0],"ix":3},"r":{"a":0,"k":0,"ix":4},"nm":"Rectangle Path 1","mn":"ADBE Vector Shape - Rect","hd":false},{"ty":"fl","c":{"a":0,"k":[0,0.709803938866,0.662745118141,0],"ix":4},"o":{"a":0,"k":100,"ix":5},"r":1,"bm":0,"nm":"Fill 1","mn":"ADBE Vector Graphic - Fill","hd":false},{"ty":"tr","p":{"a":0,"k":[177.675,261.48],"ix":2},"a":{"a":0,"k":[0,0],"ix":1},"s":{"a":0,"k":[100,100],"ix":3},"r":{"a":0,"k":0,"ix":6},"o":{"a":0,"k":100,"ix":7},"sk":{"a":0,"k":0,"ix":4},"sa":{"a":0,"k":0,"ix":5},"nm":"Transform"}],"nm":"Rectangle 2","np":3,"cix":2,"bm":0,"ix":2,"mn":"ADBE Vector Group","hd":false}],"ip":0,"op":326,"st":0,"bm":0},{"ddd":0,"ind":34,"ty":4,"nm":"Poteau L","parent":1,"sr":1,"ks":{"o":{"a":0,"k":100,"ix":11},"r":{"a":0,"k":0,"ix":10},"p":{"a":0,"k":[183,22,0],"ix":2},"a":{"a":0,"k":[-187,24,0],"ix":1},"s":{"a":0,"k":[100,100,100],"ix":6}},"ao":0,"shapes":[{"ty":"gr","it":[{"ind":0,"ty":"sh","ix":1,"ks":{"a":0,"k":{"i":[[0,0],[0,0]],"o":[[0,0],[0,0]],"v":[[-187,-210],[-187,329.5]],"c":false},"ix":2},"nm":"Path 1","mn":"ADBE Vector Shape - Group","hd":false},{"ty":"st","c":{"a":0,"k":[0.03137254902,0.905882352941,0.847058823529,1],"ix":3},"o":{"a":0,"k":100,"ix":4},"w":{"a":0,"k":20,"ix":5},"lc":2,"lj":2,"bm":0,"nm":"Stroke 1","mn":"ADBE Vector Graphic - Stroke","hd":false},{"ty":"tr","p":{"a":0,"k":[0,0],"ix":2},"a":{"a":0,"k":[0,0],"ix":1},"s":{"a":0,"k":[100,100],"ix":3},"r":{"a":0,"k":0,"ix":6},"o":{"a":0,"k":100,"ix":7},"sk":{"a":0,"k":0,"ix":4},"sa":{"a":0,"k":0,"ix":5},"nm":"Transform"}],"nm":"Shape 1","np":2,"cix":2,"bm":0,"ix":1,"mn":"ADBE Vector Group","hd":false}],"ip":0,"op":326,"st":0,"bm":0},{"ddd":0,"ind":35,"ty":4,"nm":"Poteau R","parent":1,"sr":1,"ks":{"o":{"a":0,"k":100,"ix":11},"r":{"a":0,"k":0,"ix":10},"p":{"a":0,"k":[-187,22,0],"ix":2},"a":{"a":0,"k":[-187,24,0],"ix":1},"s":{"a":0,"k":[100,100,100],"ix":6}},"ao":0,"shapes":[{"ty":"gr","it":[{"ind":0,"ty":"sh","ix":1,"ks":{"a":0,"k":{"i":[[0,0],[0,0]],"o":[[0,0],[0,0]],"v":[[-187,-210],[-187,331.5]],"c":false},"ix":2},"nm":"Path 1","mn":"ADBE Vector Shape - Group","hd":false},{"ty":"st","c":{"a":0,"k":[0.03137254902,0.905882352941,0.847058823529,1],"ix":3},"o":{"a":0,"k":100,"ix":4},"w":{"a":0,"k":20,"ix":5},"lc":2,"lj":2,"bm":0,"nm":"Stroke 1","mn":"ADBE Vector Graphic - Stroke","hd":false},{"ty":"tr","p":{"a":0,"k":[0,0],"ix":2},"a":{"a":0,"k":[0,0],"ix":1},"s":{"a":0,"k":[100,100],"ix":3},"r":{"a":0,"k":0,"ix":6},"o":{"a":0,"k":100,"ix":7},"sk":{"a":0,"k":0,"ix":4},"sa":{"a":0,"k":0,"ix":5},"nm":"Transform"}],"nm":"Shape 1","np":2,"cix":2,"bm":0,"ix":1,"mn":"ADBE Vector Group","hd":false}],"ip":0,"op":326,"st":0,"bm":0},{"ddd":0,"ind":36,"ty":4,"nm":"Barre","parent":1,"sr":1,"ks":{"o":{"a":0,"k":100,"ix":11},"r":{"a":0,"k":0,"ix":10},"p":{"a":0,"k":[-2.375,-198.25,0],"ix":2},"a":{"a":0,"k":[-372.375,-196.25,0],"ix":1},"s":{"a":0,"k":[100,100,100],"ix":6}},"ao":0,"shapes":[{"ty":"gr","it":[{"ind":0,"ty":"sh","ix":1,"ks":{"a":0,"k":{"i":[[0,0],[0,0]],"o":[[0,0],[0,0]],"v":[[-573,-196.25],[-171.75,-196.25]],"c":false},"ix":2},"nm":"Path 1","mn":"ADBE Vector Shape - Group","hd":false},{"ty":"st","c":{"a":0,"k":[0,0.709803921569,0.662745098039,1],"ix":3},"o":{"a":0,"k":100,"ix":4},"w":{"a":0,"k":8,"ix":5},"lc":2,"lj":2,"bm":0,"nm":"Stroke 1","mn":"ADBE Vector Graphic - Stroke","hd":false},{"ty":"tr","p":{"a":0,"k":[0,0],"ix":2},"a":{"a":0,"k":[0,0],"ix":1},"s":{"a":0,"k":[100,100],"ix":3},"r":{"a":0,"k":0,"ix":6},"o":{"a":0,"k":100,"ix":7},"sk":{"a":0,"k":0,"ix":4},"sa":{"a":0,"k":0,"ix":5},"nm":"Transform"}],"nm":"Shape 1","np":2,"cix":2,"bm":0,"ix":1,"mn":"ADBE Vector Group","hd":false}],"ip":0,"op":326,"st":0,"bm":0},{"ddd":0,"ind":37,"ty":4,"nm":"Shadow Haltere","sr":1,"ks":{"o":{"a":0,"k":100,"ix":11},"r":{"a":0,"k":0,"ix":10},"p":{"a":0,"k":[928.25,658.61,0],"ix":2},"a":{"a":0,"k":[0,263.137,0],"ix":1},"s":{"a":0,"k":[25.507,57.745,100],"ix":6}},"ao":0,"shapes":[{"ty":"gr","it":[{"d":1,"ty":"el","s":{"a":0,"k":[494.137,30],"ix":2},"p":{"a":0,"k":[0,0],"ix":3},"nm":"Ellipse Path 1","mn":"ADBE Vector Shape - Ellipse","hd":false},{"ty":"fl","c":{"a":0,"k":[0,0.709803938866,0.662745118141,0],"ix":4},"o":{"a":0,"k":100,"ix":5},"r":1,"bm":0,"nm":"Fill 1","mn":"ADBE Vector Graphic - Fill","hd":false},{"ty":"tr","p":{"a":0,"k":[0,263.137],"ix":2},"a":{"a":0,"k":[0,0],"ix":1},"s":{"a":0,"k":[100,100],"ix":3},"r":{"a":0,"k":0,"ix":6},"o":{"a":0,"k":100,"ix":7},"sk":{"a":0,"k":0,"ix":4},"sa":{"a":0,"k":0,"ix":5},"nm":"Transform"}],"nm":"Ellipse 1","np":2,"cix":2,"bm":0,"ix":1,"mn":"ADBE Vector Group","hd":false}],"ip":0,"op":326,"st":0,"bm":0},{"ddd":0,"ind":38,"ty":4,"nm":"Shadow","sr":1,"ks":{"o":{"a":0,"k":100,"ix":11},"r":{"a":0,"k":0,"ix":10},"p":{"a":0,"k":[540,658.272,0],"ix":2},"a":{"a":0,"k":[0,263.137,0],"ix":1},"s":{"a":0,"k":[100,100,100],"ix":6}},"ao":0,"shapes":[{"ty":"gr","it":[{"d":1,"ty":"el","s":{"a":0,"k":[494.137,30],"ix":2},"p":{"a":0,"k":[0,0],"ix":3},"nm":"Ellipse Path 1","mn":"ADBE Vector Shape - Ellipse","hd":false},{"ty":"fl","c":{"a":0,"k":[0,0.709803938866,0.662745118141,0],"ix":4},"o":{"a":0,"k":100,"ix":5},"r":1,"bm":0,"nm":"Fill 1","mn":"ADBE Vector Graphic - Fill","hd":false},{"ty":"tr","p":{"a":0,"k":[0,263.137],"ix":2},"a":{"a":0,"k":[0,0],"ix":1},"s":{"a":0,"k":[100,100],"ix":3},"r":{"a":0,"k":0,"ix":6},"o":{"a":0,"k":100,"ix":7},"sk":{"a":0,"k":0,"ix":4},"sa":{"a":0,"k":0,"ix":5},"nm":"Transform"}],"nm":"Ellipse 1","np":2,"cix":2,"bm":0,"ix":1,"mn":"ADBE Vector Group","hd":false}],"ip":0,"op":326,"st":0,"bm":0},{"ddd":0,"ind":39,"ty":4,"nm":"BG","sr":1,"ks":{"o":{"a":0,"k":100,"ix":11},"r":{"a":0,"k":0,"ix":10},"p":{"a":0,"k":[540,362,0],"ix":2},"a":{"a":0,"k":[0,0,0],"ix":1},"s":{"a":0,"k":[100,100,100],"ix":6}},"ao":0,"shapes":[{"ty":"gr","it":[{"ty":"rc","d":1,"s":{"a":0,"k":[1080,724],"ix":2},"p":{"a":0,"k":[0,0],"ix":3},"r":{"a":0,"k":0,"ix":4},"nm":"Rectangle Path 1","mn":"ADBE Vector Shape - Rect","hd":false},{"ty":"fl","c":{"a":0,"k":[0,0.831372559071,0.776470601559,0],"ix":4},"o":{"a":0,"k":100,"ix":5},"r":1,"bm":0,"nm":"Fill 1","mn":"ADBE Vector Graphic - Fill","hd":false},{"ty":"tr","p":{"a":0,"k":[0,0],"ix":2},"a":{"a":0,"k":[0,0],"ix":1},"s":{"a":0,"k":[100,100],"ix":3},"r":{"a":0,"k":0,"ix":6},"o":{"a":0,"k":100,"ix":7},"sk":{"a":0,"k":0,"ix":4},"sa":{"a":0,"k":0,"ix":5},"nm":"Transform"}],"nm":"Rectangle 1","np":2,"cix":2,"bm":0,"ix":1,"mn":"ADBE Vector Group","hd":false}],"ip":0,"op":326,"st":0,"bm":0}],"markers":[]}