{"v":"5.5.7","meta":{"g":"LottieFiles AE 0.1.20","a":"","k":"","d":"","tc":""},"fr":25,"ip":0,"op":26,"w":1000,"h":1000,"nm":"women skipping","ddd":0,"assets":[],"layers":[{"ddd":0,"ind":1,"ty":3,"nm":"Null 1","sr":1,"ks":{"o":{"a":0,"k":0,"ix":11},"r":{"a":0,"k":0,"ix":10},"p":{"a":1,"k":[{"i":{"x":0,"y":0.915},"o":{"x":0.333,"y":0},"t":0,"s":[516,582,0],"to":[0,-16.833,0],"ti":[0,0,0]},{"i":{"x":0,"y":0.915},"o":{"x":0.333,"y":0},"t":13,"s":[516,481,0],"to":[0,0,0],"ti":[0,-16.833,0]},{"t":26,"s":[516,582,0]}],"ix":2},"a":{"a":0,"k":[0,0,0],"ix":1},"s":{"a":0,"k":[189,189,100],"ix":6}},"ao":0,"ip":0,"op":386,"st":0,"bm":0},{"ddd":0,"ind":2,"ty":4,"nm":"thread Outlines 2","parent":1,"sr":1,"ks":{"o":{"a":0,"k":100,"ix":11},"r":{"a":0,"k":0,"ix":10},"p":{"a":0,"k":[-22.469,76.643,0],"ix":2},"a":{"a":0,"k":[335.531,314.643,0],"ix":1},"s":{"a":0,"k":[100,100,100],"ix":6}},"ao":0,"shapes":[{"ty":"gr","it":[{"ind":0,"ty":"sh","ix":1,"ks":{"a":1,"k":[{"i":{"x":0.833,"y":0.833},"o":{"x":0.333,"y":0},"t":0,"s":[{"i":[[0,0],[-17.988,-56.582],[-16.548,-2.563],[0.861,99.524]],"o":[[0,0],[6.975,21.942],[75.922,11.761],[0,0]],"v":[[-53.205,-102.051],[-42.676,49.636],[-8.351,90.29],[53.878,-101.454]],"c":false}]},{"i":{"x":0.833,"y":1},"o":{"x":0.167,"y":0.167},"t":6,"s":[{"i":[[0,0],[12.993,-64.779],[-19.709,1.176],[-21.293,2.952]],"o":[[0,0],[-10.287,46.861],[68.386,-3.586],[0,0]],"v":[[-56.843,-112.3],[-46.991,-72.919],[22.219,-24.323],[60.84,-119.486]],"c":false}]},{"i":{"x":0.833,"y":0.833},"o":{"x":0.167,"y":0},"t":13,"s":[{"i":[[0,0],[-41.104,42.843],[-31.731,-20.299],[37.785,-51.306]],"o":[[0,0],[39.102,-40.756],[64.718,41.401],[0,0]],"v":[[-74.898,-118.718],[-83.417,-280.787],[65.194,-300.715],[83.508,-132.406]],"c":false}]},{"i":{"x":0.833,"y":0.833},"o":{"x":0.167,"y":0.167},"t":16,"s":[{"i":[[0,0],[-34.565,44.872],[-30.59,-10.351],[7.412,-23.315]],"o":[[0,0],[27.34,-35.551],[68.108,17.873],[0,0]],"v":[[-70.693,-118.956],[-72.713,-211.536],[56.744,-234.761],[78.465,-130.908]],"c":false}]},{"i":{"x":0.667,"y":1},"o":{"x":0.167,"y":0.167},"t":19,"s":[{"i":[[0,0],[15.316,-67.807],[-68.804,5.084],[-31.64,12.674]],"o":[[0,0],[-23.838,92.511],[93.63,-19.255],[0,0]],"v":[[-60.45,-113.821],[-56.457,-65.886],[31.896,18.367],[63.515,-119.911]],"c":false}]},{"t":26,"s":[{"i":[[0,0],[-17.988,-56.582],[-16.548,-2.563],[0.861,99.524]],"o":[[0,0],[6.975,21.942],[75.922,11.761],[0,0]],"v":[[-53.205,-102.051],[-42.676,49.636],[-8.351,90.29],[53.878,-101.454]],"c":false}]}],"ix":2},"nm":"Path 1","mn":"ADBE Vector Shape - Group","hd":false},{"ty":"st","c":{"a":0,"k":[0.071799521353,0.037808478112,0.079762013753,1],"ix":3},"o":{"a":0,"k":100,"ix":4},"w":{"a":0,"k":3,"ix":5},"lc":1,"lj":1,"ml":10,"bm":0,"nm":"Stroke 1","mn":"ADBE Vector Graphic - Stroke","hd":false},{"ty":"tr","p":{"a":0,"k":[331.416,325.681],"ix":2},"a":{"a":0,"k":[0,0],"ix":1},"s":{"a":0,"k":[100,100],"ix":3},"r":{"a":0,"k":0,"ix":6},"o":{"a":0,"k":100,"ix":7},"sk":{"a":0,"k":0,"ix":4},"sa":{"a":0,"k":0,"ix":5},"nm":"Transform"}],"nm":"Group 1","np":2,"cix":2,"bm":0,"ix":1,"mn":"ADBE Vector Group","hd":false}],"ip":13,"op":386,"st":0,"bm":0},{"ddd":0,"ind":4,"ty":4,"nm":"head Outlines 2","parent":5,"sr":1,"ks":{"o":{"a":0,"k":100,"ix":11},"r":{"a":0,"k":0,"ix":10},"p":{"a":0,"k":[329.49,90.862,0],"ix":2},"a":{"a":0,"k":[20.699,24.917,0],"ix":1},"s":{"a":0,"k":[85.185,85.185,100],"ix":6}},"ao":0,"shapes":[{"ty":"gr","it":[{"ind":0,"ty":"sh","ix":1,"ks":{"a":0,"k":{"i":[[0,0],[15.295,5.949],[0,0],[0,0]],"o":[[0,0],[0,0],[0,0],[0,0]],"v":[[15.394,-4.372],[-15.394,3.317],[-15.394,-4.372],[-7.407,-9.266]],"c":true},"ix":2},"nm":"Path 1","mn":"ADBE Vector Shape - Group","hd":false},{"ty":"fl","c":{"a":0,"k":[0.141855352065,0.053647908977,0.170643765319,1],"ix":4},"o":{"a":0,"k":100,"ix":5},"r":1,"bm":0,"nm":"Fill 1","mn":"ADBE Vector Graphic - Fill","hd":false},{"ty":"tr","p":{"a":0,"k":[21.168,16.629],"ix":2},"a":{"a":0,"k":[0,0],"ix":1},"s":{"a":0,"k":[100,100],"ix":3},"r":{"a":0,"k":0,"ix":6},"o":{"a":0,"k":100,"ix":7},"sk":{"a":0,"k":0,"ix":4},"sa":{"a":0,"k":0,"ix":5},"nm":"Transform"}],"nm":"Group 1","np":2,"cix":2,"bm":0,"ix":1,"mn":"ADBE Vector Group","hd":false},{"ty":"gr","it":[{"ind":0,"ty":"sh","ix":1,"ks":{"a":0,"k":{"i":[[0.228,-0.04],[0.533,-0.498],[0.279,-0.721],[-0.153,0.143],[-0.403,0.433],[-0.398,-0.146],[0.134,0.252],[0.314,0.214],[-0.44,0.476]],"o":[[-0.737,0.128],[-0.557,0.52],[-0.087,0.227],[0.431,-0.402],[0.286,0.309],[0.306,0.113],[-0.174,-0.324],[0.529,-0.408],[0.167,-0.182]],"v":[[1.6,-1.768],[-0.422,-0.447],[-1.909,1.442],[-1.527,1.665],[-0.347,0.35],[0.629,1.12],[1.029,0.601],[0.222,-0.17],[1.829,-1.374]],"c":true},"ix":2},"nm":"Path 1","mn":"ADBE Vector Shape - Group","hd":false},{"ty":"fl","c":{"a":0,"k":[0.894779100605,0.420403903138,0.226170708151,1],"ix":4},"o":{"a":0,"k":100,"ix":5},"r":1,"bm":0,"nm":"Fill 1","mn":"ADBE Vector Graphic - Fill","hd":false},{"ty":"tr","p":{"a":0,"k":[34.665,30.243],"ix":2},"a":{"a":0,"k":[0,0],"ix":1},"s":{"a":0,"k":[100,100],"ix":3},"r":{"a":0,"k":0,"ix":6},"o":{"a":0,"k":100,"ix":7},"sk":{"a":0,"k":0,"ix":4},"sa":{"a":0,"k":0,"ix":5},"nm":"Transform"}],"nm":"Group 2","np":2,"cix":2,"bm":0,"ix":2,"mn":"ADBE Vector Group","hd":false},{"ty":"gr","it":[{"ind":0,"ty":"sh","ix":1,"ks":{"a":0,"k":{"i":[[-1.622,1.912],[-3.328,-2.962],[5.09,0.626]],"o":[[0,0],[3.329,2.961],[0,0]],"v":[[-3.572,-1.594],[1.865,-4.22],[-4.496,6.556]],"c":true},"ix":2},"nm":"Path 1","mn":"ADBE Vector Shape - Group","hd":false},{"ty":"fl","c":{"a":0,"k":[0.976046693091,0.598385261087,0.42380658318,1],"ix":4},"o":{"a":0,"k":100,"ix":5},"r":1,"bm":0,"nm":"Fill 1","mn":"ADBE Vector Graphic - Fill","hd":false},{"ty":"tr","p":{"a":0,"k":[35.954,30.153],"ix":2},"a":{"a":0,"k":[0,0],"ix":1},"s":{"a":0,"k":[100,100],"ix":3},"r":{"a":0,"k":0,"ix":6},"o":{"a":0,"k":100,"ix":7},"sk":{"a":0,"k":0,"ix":4},"sa":{"a":0,"k":0,"ix":5},"nm":"Transform"}],"nm":"Group 3","np":2,"cix":2,"bm":0,"ix":3,"mn":"ADBE Vector Group","hd":false},{"ty":"gr","it":[{"ind":0,"ty":"sh","ix":1,"ks":{"a":0,"k":{"i":[[5.302,-5.513],[0.145,-4.458],[-6.891,-0.742],[-1.484,12.512],[2.276,2.702]],"o":[[-1.728,1.796],[-0.436,13.491],[6.892,0.743],[0.743,-6.255],[-3.393,-4.029]],"v":[[-11.575,-11.982],[-13.59,-1.697],[-3.093,16.751],[12.493,2.331],[11.751,-12.406]],"c":true},"ix":2},"nm":"Path 1","mn":"ADBE Vector Shape - Group","hd":false},{"ty":"fl","c":{"a":0,"k":[0.976046693091,0.598385261087,0.42380658318,1],"ix":4},"o":{"a":0,"k":100,"ix":5},"r":1,"bm":0,"nm":"Fill 1","mn":"ADBE Vector Graphic - Fill","hd":false},{"ty":"tr","p":{"a":0,"k":[20.848,28.033],"ix":2},"a":{"a":0,"k":[0,0],"ix":1},"s":{"a":0,"k":[100,100],"ix":3},"r":{"a":0,"k":0,"ix":6},"o":{"a":0,"k":100,"ix":7},"sk":{"a":0,"k":0,"ix":4},"sa":{"a":0,"k":0,"ix":5},"nm":"Transform"}],"nm":"Group 4","np":2,"cix":2,"bm":0,"ix":4,"mn":"ADBE Vector Group","hd":false},{"ty":"gr","it":[{"ind":0,"ty":"sh","ix":1,"ks":{"a":0,"k":{"i":[[0,0],[3.243,1.818],[0,0]],"o":[[-3.024,13.73],[0,0],[11.385,2.323]],"v":[[10.042,-6.865],[-10.042,4.107],[-9.462,-2.095]],"c":true},"ix":2},"nm":"Path 1","mn":"ADBE Vector Shape - Group","hd":false},{"ty":"fl","c":{"a":0,"k":[0.894779100605,0.420403903138,0.226170708151,1],"ix":4},"o":{"a":0,"k":100,"ix":5},"r":1,"bm":0,"nm":"Fill 1","mn":"ADBE Vector Graphic - Fill","hd":false},{"ty":"tr","p":{"a":0,"k":[22.737,42.718],"ix":2},"a":{"a":0,"k":[0,0],"ix":1},"s":{"a":0,"k":[100,100],"ix":3},"r":{"a":0,"k":0,"ix":6},"o":{"a":0,"k":100,"ix":7},"sk":{"a":0,"k":0,"ix":4},"sa":{"a":0,"k":0,"ix":5},"nm":"Transform"}],"nm":"Group 5","np":2,"cix":2,"bm":0,"ix":5,"mn":"ADBE Vector Group","hd":false},{"ty":"gr","it":[{"ind":0,"ty":"sh","ix":1,"ks":{"a":0,"k":{"i":[[0.39,1.343],[2.599,-3.119],[-3.379,-0.263]],"o":[[0,0],[-2.6,3.12],[0,0]],"v":[[3.705,-3.118],[-1.494,-3.118],[3.705,6.236]],"c":true},"ix":2},"nm":"Path 1","mn":"ADBE Vector Shape - Group","hd":false},{"ty":"fl","c":{"a":0,"k":[0.894779100605,0.420403903138,0.226170708151,1],"ix":4},"o":{"a":0,"k":100,"ix":5},"r":1,"bm":0,"nm":"Fill 1","mn":"ADBE Vector Graphic - Fill","hd":false},{"ty":"tr","p":{"a":0,"k":[4.975,28.189],"ix":2},"a":{"a":0,"k":[0,0],"ix":1},"s":{"a":0,"k":[100,100],"ix":3},"r":{"a":0,"k":0,"ix":6},"o":{"a":0,"k":100,"ix":7},"sk":{"a":0,"k":0,"ix":4},"sa":{"a":0,"k":0,"ix":5},"nm":"Transform"}],"nm":"Group 6","np":2,"cix":2,"bm":0,"ix":6,"mn":"ADBE Vector Group","hd":false},{"ty":"gr","it":[{"ind":0,"ty":"sh","ix":1,"ks":{"a":0,"k":{"i":[[-0.633,-0.78],[-0.605,-0.454],[-2.362,0.006],[-1.574,-0.191],[-1.315,0.017],[-0.323,1.137],[-0.503,1.259],[-1.551,0.846],[-0.503,1.947],[-0.609,2.353],[0.109,1.718],[1.46,0.911],[1.83,1.633],[0.941,0.758],[2.795,-0.03],[3.742,0.57],[1.912,-2.186],[-0.039,-2.647],[-0.992,-2.075],[-2.726,-2.999],[-1.194,-1.659]],"o":[[0.357,0.441],[1.889,1.418],[1.612,-0.004],[1.168,0.141],[1.183,-0.015],[0.371,-1.304],[0.655,-1.641],[1.765,-0.962],[0.609,-2.354],[0.432,-1.667],[-0.109,-1.717],[-2.082,-1.296],[-0.9,-0.804],[-2.177,-1.753],[-3.785,0.041],[-2.87,-0.437],[-1.744,1.992],[0.033,2.288],[1.75,3.656],[1.359,1.497],[0.693,0.961]],"v":[[-8.379,15.063],[-6.983,16.394],[-0.568,19.092],[4.147,18.465],[7.578,19.512],[10.345,17.699],[10.28,13.68],[14.818,11.279],[17.749,6.213],[19.576,-0.85],[20.332,-5.934],[18.016,-10.331],[11.1,-12.57],[8.824,-15.369],[0.694,-15.354],[-9.93,-19.092],[-17.719,-16.083],[-20.402,-8.545],[-18.243,-2.949],[-14.378,8.443],[-10.103,12.52]],"c":true},"ix":2},"nm":"Path 1","mn":"ADBE Vector Shape - Group","hd":false},{"ty":"fl","c":{"a":0,"k":[0.141855352065,0.053647908977,0.170643765319,1],"ix":4},"o":{"a":0,"k":100,"ix":5},"r":1,"bm":0,"nm":"Fill 1","mn":"ADBE Vector Graphic - Fill","hd":false},{"ty":"tr","p":{"a":0,"k":[20.691,19.78],"ix":2},"a":{"a":0,"k":[0,0],"ix":1},"s":{"a":0,"k":[100,100],"ix":3},"r":{"a":0,"k":0,"ix":6},"o":{"a":0,"k":100,"ix":7},"sk":{"a":0,"k":0,"ix":4},"sa":{"a":0,"k":0,"ix":5},"nm":"Transform"}],"nm":"Group 7","np":2,"cix":2,"bm":0,"ix":7,"mn":"ADBE Vector Group","hd":false}],"ip":0,"op":386,"st":0,"bm":0},{"ddd":0,"ind":5,"ty":3,"nm":"head Outlines","parent":18,"sr":1,"ks":{"o":{"a":0,"k":100,"ix":11},"r":{"a":0,"k":0,"ix":10},"p":{"a":0,"k":[328.785,91.627,0],"ix":2},"a":{"a":0,"k":[328.785,91.627,0],"ix":1},"s":{"a":0,"k":[100,100,100],"ix":6}},"ao":0,"ip":0,"op":386,"st":0,"bm":0},{"ddd":0,"ind":6,"ty":4,"nm":"body Outlines 2","parent":18,"sr":1,"ks":{"o":{"a":0,"k":100,"ix":11},"r":{"a":0,"k":0,"ix":10},"p":{"a":0,"k":[329.023,152.077,0],"ix":2},"a":{"a":0,"k":[31.307,60.197,0],"ix":1},"s":{"a":0,"k":[85.185,85.185,100],"ix":6}},"ao":0,"shapes":[{"ty":"gr","it":[{"ind":0,"ty":"sh","ix":1,"ks":{"a":0,"k":{"i":[[0,0],[0,0],[0.147,5.829],[0.003,0.098],[0,0],[-0.039,8.725],[-2.313,0.137],[-8.94,1.098],[-1.568,9.686],[-1.099,0.02],[-0.511,0.039],[-0.235,-0.862],[0.019,-0.215],[0.078,-0.804],[0.02,-0.177]],"o":[[-27.018,12.705],[2.137,-6.059],[-0.003,-0.117],[-0.009,-0.412],[5.687,-13.155],[2.549,-0.372],[0.902,9.744],[8.666,-1.078],[1.549,0.373],[0.509,0],[-0.785,13.293],[-0.039,0.216],[-0.117,0.726],[-0.02,0.157],[-1.706,16.861]],"v":[[28.194,38.801],[-28.194,39.86],[-27.802,-2.608],[-27.822,-2.922],[-27.861,-3.569],[-21.528,-50.781],[-13.979,-51.506],[-0.941,-17.901],[13.842,-50.879],[18.823,-50.546],[20.372,-50.624],[27.194,-8.49],[27.116,-7.843],[26.822,-5.549],[26.763,-5.039]],"c":true},"ix":2},"nm":"Path 1","mn":"ADBE Vector Shape - Group","hd":false},{"ty":"fl","c":{"a":0,"k":[0.648549337948,0.470262086158,0.598809096392,1],"ix":4},"o":{"a":0,"k":100,"ix":5},"r":1,"bm":0,"nm":"Fill 1","mn":"ADBE Vector Graphic - Fill","hd":false},{"ty":"tr","p":{"a":0,"k":[30.679,68.637],"ix":2},"a":{"a":0,"k":[0,0],"ix":1},"s":{"a":0,"k":[100,100],"ix":3},"r":{"a":0,"k":0,"ix":6},"o":{"a":0,"k":100,"ix":7},"sk":{"a":0,"k":0,"ix":4},"sa":{"a":0,"k":0,"ix":5},"nm":"Transform"}],"nm":"Group 1","np":2,"cix":2,"bm":0,"ix":1,"mn":"ADBE Vector Group","hd":false},{"ty":"gr","it":[{"ind":0,"ty":"sh","ix":1,"ks":{"a":0,"k":{"i":[[0.412,-4.411],[1.019,-5.118],[0.137,-0.882],[0.138,-1.118],[0.019,-0.216],[0.078,-0.805],[0,0],[0,0],[0.099,0.862],[1.196,14.313],[0.003,0.098],[0,0],[0.391,6.059],[-0.118,6.038],[-3.548,0.499],[-2.313,0.137],[-1.176,0],[-0.176,0],[0,0],[0,0.039],[0,0],[-0.412,-0.039],[-0.744,-0.032],[-0.881,0.078],[-0.411,0.059],[-0.235,0.019],[-0.765,0.216],[-0.47,0.157],[-1.209,0.852],[-0.059,0.04],[-0.137,0.099],[-0.039,0.039],[0.024,-0.196],[0.117,-2.509],[0.059,-1.49],[-1.059,-0.745],[-0.488,-0.107],[-1.099,0.02],[-0.511,0.039],[-1.078,-0.685],[-1.157,-1.372],[-0.275,-1.47],[-0.118,-0.824]],"o":[[-0.49,5.196],[-0.197,0.921],[-0.099,0.648],[-0.039,0.216],[-0.117,0.725],[-0.02,0.156],[-23.528,6.469],[0,0],[-0.392,-4],[0,-0.117],[-0.01,-0.413],[-0.51,-6.059],[-0.706,-10.548],[0.039,-2.216],[2.608,-0.366],[2.176,-0.118],[0.216,-0.019],[0,0],[0,0],[0,0],[0.391,0.078],[0.763,0.137],[1.001,0.042],[0.432,-0.04],[0.255,-0.039],[0.844,-0.138],[0.49,-0.137],[2.843,-0.941],[0.138,-0.097],[0.219,-0.153],[0.197,-0.137],[-0.078,0.431],[-0.246,1.967],[-0.118,1.726],[-0.039,1.353],[0.274,0.197],[1.556,0.343],[0.509,0],[1.274,-0.078],[2.686,1.708],[0.98,1.137],[0.136,0.824],[0.588,4.372]],"v":[[30.645,-12.803],[27.45,2.255],[26.939,4.96],[26.567,7.607],[26.489,8.255],[26.195,10.549],[22.411,45.821],[-25.507,45.821],[-25.645,44.507],[-28.429,13.489],[-28.45,13.176],[-28.489,12.529],[-29.88,-5.902],[-30.473,-30.194],[-22.213,-34.684],[-14.606,-35.409],[-9.391,-35.586],[-8.804,-35.605],[-8.079,-35.605],[-7.764,-39.095],[-6.96,-47.554],[-5.764,-47.349],[-3.51,-47.114],[-0.706,-47.153],[0.588,-47.291],[1.313,-47.388],[3.745,-47.918],[5.196,-48.369],[11.391,-51.447],[11.646,-51.623],[12.175,-52.016],[12.528,-52.29],[12.391,-51.486],[11.744,-44.487],[11.508,-39.566],[12.019,-35.233],[13.214,-34.782],[18.196,-34.449],[19.744,-34.527],[24.033,-33.246],[28.701,-30.451],[29.998,-28.488],[30.37,-26.037]],"c":true},"ix":2},"nm":"Path 1","mn":"ADBE Vector Shape - Group","hd":false},{"ty":"fl","c":{"a":0,"k":[0.976046693091,0.598385261087,0.42380658318,1],"ix":4},"o":{"a":0,"k":100,"ix":5},"r":1,"bm":0,"nm":"Fill 1","mn":"ADBE Vector Graphic - Fill","hd":false},{"ty":"tr","p":{"a":0,"k":[31.306,52.54],"ix":2},"a":{"a":0,"k":[0,0],"ix":1},"s":{"a":0,"k":[100,100],"ix":3},"r":{"a":0,"k":0,"ix":6},"o":{"a":0,"k":100,"ix":7},"sk":{"a":0,"k":0,"ix":4},"sa":{"a":0,"k":0,"ix":5},"nm":"Transform"}],"nm":"Group 2","np":2,"cix":2,"bm":0,"ix":2,"mn":"ADBE Vector Group","hd":false}],"ip":0,"op":386,"st":0,"bm":0},{"ddd":0,"ind":7,"ty":4,"nm":"Rfinger Outlines 2","parent":8,"sr":1,"ks":{"o":{"a":0,"k":100,"ix":11},"r":{"a":0,"k":0,"ix":10},"p":{"a":0,"k":[270.841,217.24,0],"ix":2},"a":{"a":0,"k":[11.737,11.738,0],"ix":1},"s":{"a":0,"k":[85.185,85.185,100],"ix":6}},"ao":0,"shapes":[{"ty":"gr","it":[{"ind":0,"ty":"sh","ix":1,"ks":{"a":0,"k":{"i":[[3.284,-4.531],[4.53,3.284],[-3.283,4.531],[-4.531,-3.285]],"o":[[-3.284,4.531],[-4.531,-3.284],[3.284,-4.53],[4.53,3.283]],"v":[[8.203,5.947],[-5.946,8.204],[-8.204,-5.947],[5.946,-8.202]],"c":true},"ix":2},"nm":"Path 1","mn":"ADBE Vector Shape - Group","hd":false},{"ty":"fl","c":{"a":0,"k":[0.972110703412,0.595416319604,0.42163032083,1],"ix":4},"o":{"a":0,"k":100,"ix":5},"r":1,"bm":0,"nm":"Fill 1","mn":"ADBE Vector Graphic - Fill","hd":false},{"ty":"tr","p":{"a":0,"k":[11.737,11.738],"ix":2},"a":{"a":0,"k":[0,0],"ix":1},"s":{"a":0,"k":[100,100],"ix":3},"r":{"a":0,"k":0,"ix":6},"o":{"a":0,"k":100,"ix":7},"sk":{"a":0,"k":0,"ix":4},"sa":{"a":0,"k":0,"ix":5},"nm":"Transform"}],"nm":"Group 1","np":2,"cix":2,"bm":0,"ix":1,"mn":"ADBE Vector Group","hd":false}],"ip":0,"op":386,"st":0,"bm":0},{"ddd":0,"ind":8,"ty":3,"nm":"Rfinger Outlines","parent":22,"sr":1,"ks":{"o":{"a":0,"k":100,"ix":11},"r":{"a":0,"k":0,"ix":10},"p":{"a":1,"k":[{"i":{"x":0.667,"y":1},"o":{"x":0.333,"y":0},"t":0,"s":[273.361,213.32,0],"to":[0.309,0.595,0],"ti":[0,0,0]},{"i":{"x":0.667,"y":1},"o":{"x":0.333,"y":0},"t":13,"s":[275.213,216.892,0],"to":[0,0,0],"ti":[0.309,0.595,0]},{"t":26,"s":[273.361,213.32,0]}],"ix":2},"a":{"a":0,"k":[273.361,213.32,0],"ix":1},"s":{"a":0,"k":[100,100,100],"ix":6}},"ao":0,"ip":0,"op":386,"st":0,"bm":0},{"ddd":0,"ind":9,"ty":4,"nm":"Rhandle Outlines","parent":8,"sr":1,"ks":{"o":{"a":0,"k":100,"ix":11},"r":{"a":1,"k":[{"i":{"x":[0.667],"y":[1]},"o":{"x":[0.333],"y":[0]},"t":0,"s":[0]},{"i":{"x":[0.667],"y":[1]},"o":{"x":[0.333],"y":[0]},"t":13,"s":[-172]},{"t":26,"s":[0]}],"ix":10},"p":{"a":1,"k":[{"i":{"x":0.667,"y":1},"o":{"x":0.333,"y":0},"t":0,"s":[276.272,220.199,0],"to":[0,0,0],"ti":[0,0,0]},{"i":{"x":0.667,"y":1},"o":{"x":0.333,"y":0},"t":13,"s":[269.51,212.848,0],"to":[0,0,0],"ti":[0,0,0]},{"t":26,"s":[276.272,220.199,0]}],"ix":2},"a":{"a":0,"k":[276.272,220.199,0],"ix":1},"s":{"a":0,"k":[100,100,100],"ix":6}},"ao":0,"shapes":[{"ty":"gr","it":[{"ind":0,"ty":"sh","ix":1,"ks":{"a":0,"k":{"i":[[1.072,1.153],[-1.136,1.068],[0,0],[-1.076,-1.144],[1.146,-1.074],[0,0]],"o":[[-1.075,-1.144],[0,0],[1.151,-1.068],[1.071,1.15],[0,0],[-1.145,1.069]],"v":[[-3.536,3.3],[-3.407,-0.711],[-0.48,-3.447],[3.54,-3.313],[3.404,0.707],[0.478,3.445]],"c":true},"ix":2},"nm":"Path 1","mn":"ADBE Vector Shape - Group","hd":false},{"ty":"fl","c":{"a":0,"k":[0.071799521353,0.037808478112,0.079762013753,1],"ix":4},"o":{"a":0,"k":100,"ix":5},"r":1,"bm":0,"nm":"Fill 1","mn":"ADBE Vector Graphic - Fill","hd":false},{"ty":"tr","p":{"a":0,"k":[279.127,223.631],"ix":2},"a":{"a":0,"k":[0,0],"ix":1},"s":{"a":0,"k":[100,100],"ix":3},"r":{"a":0,"k":0,"ix":6},"o":{"a":0,"k":100,"ix":7},"sk":{"a":0,"k":0,"ix":4},"sa":{"a":0,"k":0,"ix":5},"nm":"Transform"}],"nm":"Group 1","np":4,"cix":2,"bm":0,"ix":1,"mn":"ADBE Vector Group","hd":false},{"ty":"gr","it":[{"ind":0,"ty":"sh","ix":1,"ks":{"a":0,"k":{"i":[[1.305,1.4],[-1.401,1.309],[-1.311,-1.394],[1.403,-1.308]],"o":[[-1.308,-1.397],[1.406,-1.308],[1.308,1.404],[-1.401,1.308]],"v":[[-2.536,2.369],[-2.376,-2.539],[2.537,-2.376],[2.372,2.538]],"c":true},"ix":2},"nm":"Path 1","mn":"ADBE Vector Shape - Group","hd":false},{"ty":"fl","c":{"a":0,"k":[0.071799521353,0.037808478112,0.079762013753,1],"ix":4},"o":{"a":0,"k":100,"ix":5},"r":1,"bm":0,"nm":"Fill 1","mn":"ADBE Vector Graphic - Fill","hd":false},{"ty":"tr","p":{"a":0,"k":[268.208,211.946],"ix":2},"a":{"a":0,"k":[0,0],"ix":1},"s":{"a":0,"k":[100,100],"ix":3},"r":{"a":0,"k":0,"ix":6},"o":{"a":0,"k":100,"ix":7},"sk":{"a":0,"k":0,"ix":4},"sa":{"a":0,"k":0,"ix":5},"nm":"Transform"}],"nm":"Group 2","np":4,"cix":2,"bm":0,"ix":2,"mn":"ADBE Vector Group","hd":false},{"ty":"gr","it":[{"ind":0,"ty":"sh","ix":1,"ks":{"a":0,"k":{"i":[[0,0],[0,0],[0,0],[0,0]],"o":[[0,0],[0,0],[0,0],[0,0]],"v":[[-7.801,-3.259],[-2.728,-8.004],[7.8,3.265],[2.726,8.004]],"c":true},"ix":2},"nm":"Path 1","mn":"ADBE Vector Shape - Group","hd":false},{"ty":"fl","c":{"a":0,"k":[0.071799521353,0.037808478112,0.079762013753,1],"ix":4},"o":{"a":0,"k":100,"ix":5},"r":1,"bm":0,"nm":"Fill 1","mn":"ADBE Vector Graphic - Fill","hd":false},{"ty":"tr","p":{"a":0,"k":[273.472,217.575],"ix":2},"a":{"a":0,"k":[0,0],"ix":1},"s":{"a":0,"k":[100,100],"ix":3},"r":{"a":0,"k":0,"ix":6},"o":{"a":0,"k":100,"ix":7},"sk":{"a":0,"k":0,"ix":4},"sa":{"a":0,"k":0,"ix":5},"nm":"Transform"}],"nm":"Group 3","np":2,"cix":2,"bm":0,"ix":3,"mn":"ADBE Vector Group","hd":false}],"ip":0,"op":386,"st":0,"bm":0},{"ddd":0,"ind":10,"ty":4,"nm":"Lfinger Outlines 2","parent":11,"sr":1,"ks":{"o":{"a":0,"k":100,"ix":11},"r":{"a":0,"k":0,"ix":10},"p":{"a":0,"k":[390.433,214.19,0],"ix":2},"a":{"a":0,"k":[11.736,11.737,0],"ix":1},"s":{"a":0,"k":[85.185,85.185,100],"ix":6}},"ao":0,"shapes":[{"ty":"gr","it":[{"ind":0,"ty":"sh","ix":1,"ks":{"a":0,"k":{"i":[[3.283,-4.53],[4.53,3.284],[-3.283,4.53],[-4.53,-3.284]],"o":[[-3.284,4.53],[-4.532,-3.284],[3.284,-4.531],[4.531,3.284]],"v":[[8.204,5.946],[-5.946,8.203],[-8.204,-5.946],[5.945,-8.203]],"c":true},"ix":2},"nm":"Path 1","mn":"ADBE Vector Shape - Group","hd":false},{"ty":"fl","c":{"a":0,"k":[0.972110703412,0.595416319604,0.42163032083,1],"ix":4},"o":{"a":0,"k":100,"ix":5},"r":1,"bm":0,"nm":"Fill 1","mn":"ADBE Vector Graphic - Fill","hd":false},{"ty":"tr","p":{"a":0,"k":[11.736,11.737],"ix":2},"a":{"a":0,"k":[0,0],"ix":1},"s":{"a":0,"k":[100,100],"ix":3},"r":{"a":0,"k":0,"ix":6},"o":{"a":0,"k":100,"ix":7},"sk":{"a":0,"k":0,"ix":4},"sa":{"a":0,"k":0,"ix":5},"nm":"Transform"}],"nm":"Group 1","np":2,"cix":2,"bm":0,"ix":1,"mn":"ADBE Vector Group","hd":false}],"ip":0,"op":386,"st":0,"bm":0},{"ddd":0,"ind":11,"ty":3,"nm":"Lfinger Outlines","parent":17,"sr":1,"ks":{"o":{"a":0,"k":100,"ix":11},"r":{"a":0,"k":0,"ix":10},"p":{"a":0,"k":[387.118,211.204,0],"ix":2},"a":{"a":0,"k":[387.118,211.204,0],"ix":1},"s":{"a":0,"k":[100,100,100],"ix":6}},"ao":0,"ip":0,"op":386,"st":0,"bm":0},{"ddd":0,"ind":12,"ty":4,"nm":"Lhandle Outlines","parent":11,"sr":1,"ks":{"o":{"a":0,"k":100,"ix":11},"r":{"a":1,"k":[{"i":{"x":[0.667],"y":[1]},"o":{"x":[0.333],"y":[0]},"t":0,"s":[0]},{"i":{"x":[0.667],"y":[1]},"o":{"x":[0.333],"y":[0]},"t":13,"s":[191]},{"t":26,"s":[0]}],"ix":10},"p":{"a":1,"k":[{"i":{"x":0.667,"y":1},"o":{"x":0.333,"y":0},"t":0,"s":[388.97,219.14,0],"to":[0,0,0],"ti":[0,0,0]},{"i":{"x":0.667,"y":1},"o":{"x":0.333,"y":0},"t":13,"s":[389.566,209.504,0],"to":[0,0,0],"ti":[0,0,0]},{"t":26,"s":[388.97,219.14,0]}],"ix":2},"a":{"a":0,"k":[388.97,219.14,0],"ix":1},"s":{"a":0,"k":[100,100,100],"ix":6}},"ao":0,"shapes":[{"ty":"gr","it":[{"ind":0,"ty":"sh","ix":1,"ks":{"a":0,"k":{"i":[[-0.811,1.352],[1.349,0.804],[0,0],[0.813,-1.343],[-1.345,-0.811],[0,0]],"o":[[0.81,-1.342],[0,0],[-1.344,-0.807],[-0.808,1.348],[0,0],[1.345,0.807]],"v":[[4.152,2.49],[3.18,-1.404],[-0.25,-3.469],[-4.154,-2.5],[-3.183,1.403],[0.251,3.47]],"c":true},"ix":2},"nm":"Path 1","mn":"ADBE Vector Shape - Group","hd":false},{"ty":"fl","c":{"a":0,"k":[0.071799521353,0.037808478112,0.079762013753,1],"ix":4},"o":{"a":0,"k":100,"ix":5},"r":1,"bm":0,"nm":"Fill 1","mn":"ADBE Vector Graphic - Fill","hd":false},{"ty":"tr","p":{"a":0,"k":[385.294,224.227],"ix":2},"a":{"a":0,"k":[0,0],"ix":1},"s":{"a":0,"k":[100,100],"ix":3},"r":{"a":0,"k":0,"ix":6},"o":{"a":0,"k":100,"ix":7},"sk":{"a":0,"k":0,"ix":4},"sa":{"a":0,"k":0,"ix":5},"nm":"Transform"}],"nm":"Group 1","np":4,"cix":2,"bm":0,"ix":1,"mn":"ADBE Vector Group","hd":false},{"ty":"gr","it":[{"ind":0,"ty":"sh","ix":1,"ks":{"a":0,"k":{"i":[[-0.987,1.643],[1.643,0.988],[0.988,-1.636],[-1.642,-0.987]],"o":[[0.991,-1.64],[-1.642,-0.987],[-0.989,1.646],[1.649,0.986]],"v":[[2.974,1.788],[1.788,-2.977],[-2.977,-1.794],[-1.796,2.978]],"c":true},"ix":2},"nm":"Path 1","mn":"ADBE Vector Shape - Group","hd":false},{"ty":"fl","c":{"a":0,"k":[0.071799521353,0.037808478112,0.079762013753,1],"ix":4},"o":{"a":0,"k":100,"ix":5},"r":1,"bm":0,"nm":"Fill 1","mn":"ADBE Vector Graphic - Fill","hd":false},{"ty":"tr","p":{"a":0,"k":[393.54,210.521],"ix":2},"a":{"a":0,"k":[0,0],"ix":1},"s":{"a":0,"k":[100,100],"ix":3},"r":{"a":0,"k":0,"ix":6},"o":{"a":0,"k":100,"ix":7},"sk":{"a":0,"k":0,"ix":4},"sa":{"a":0,"k":0,"ix":5},"nm":"Transform"}],"nm":"Group 2","np":4,"cix":2,"bm":0,"ix":2,"mn":"ADBE Vector Group","hd":false},{"ty":"gr","it":[{"ind":0,"ty":"sh","ix":1,"ks":{"a":0,"k":{"i":[[0,0],[0,0],[0,0],[0,0]],"o":[[0,0],[0,0],[0,0],[0,0]],"v":[[6.948,-4.815],[0.997,-8.396],[-6.948,4.821],[-0.997,8.396]],"c":true},"ix":2},"nm":"Path 1","mn":"ADBE Vector Shape - Group","hd":false},{"ty":"fl","c":{"a":0,"k":[0.071799521353,0.037808478112,0.079762013753,1],"ix":4},"o":{"a":0,"k":100,"ix":5},"r":1,"bm":0,"nm":"Fill 1","mn":"ADBE Vector Graphic - Fill","hd":false},{"ty":"tr","p":{"a":0,"k":[389.567,217.123],"ix":2},"a":{"a":0,"k":[0,0],"ix":1},"s":{"a":0,"k":[100,100],"ix":3},"r":{"a":0,"k":0,"ix":6},"o":{"a":0,"k":100,"ix":7},"sk":{"a":0,"k":0,"ix":4},"sa":{"a":0,"k":0,"ix":5},"nm":"Transform"}],"nm":"Group 3","np":2,"cix":2,"bm":0,"ix":3,"mn":"ADBE Vector Group","hd":false}],"ip":0,"op":386,"st":0,"bm":0},{"ddd":0,"ind":13,"ty":4,"nm":"groin Outlines","parent":1,"sr":1,"ks":{"o":{"a":0,"k":100,"ix":11},"r":{"a":0,"k":0,"ix":10},"p":{"a":0,"k":[-28.818,-40.024,0],"ix":2},"a":{"a":0,"k":[329.182,197.976,0],"ix":1},"s":{"a":0,"k":[100,100,100],"ix":6}},"ao":0,"shapes":[{"ty":"gr","it":[{"ind":0,"ty":"sh","ix":1,"ks":{"a":0,"k":{"i":[[0,0],[0,0],[0,0],[0,0]],"o":[[0,0],[0,0],[0,0],[0,0]],"v":[[21.169,-3.213],[-21.178,-3.213],[-22.48,3.213],[22.48,3.213]],"c":true},"ix":2},"nm":"Path 1","mn":"ADBE Vector Shape - Group","hd":false},{"ty":"fl","c":{"a":0,"k":[0.138469277176,0.058545561398,0.15905827541,1],"ix":4},"o":{"a":0,"k":100,"ix":5},"r":1,"bm":0,"nm":"Fill 1","mn":"ADBE Vector Graphic - Fill","hd":false},{"ty":"tr","p":{"a":0,"k":[328.29,188.653],"ix":2},"a":{"a":0,"k":[0,0],"ix":1},"s":{"a":0,"k":[100,100],"ix":3},"r":{"a":0,"k":0,"ix":6},"o":{"a":0,"k":100,"ix":7},"sk":{"a":0,"k":0,"ix":4},"sa":{"a":0,"k":0,"ix":5},"nm":"Transform"}],"nm":"Group 1","np":4,"cix":2,"bm":0,"ix":1,"mn":"ADBE Vector Group","hd":false},{"ty":"gr","it":[{"ind":0,"ty":"sh","ix":1,"ks":{"a":0,"k":{"i":[[6.391,-0.108],[4.268,-0.001],[0.962,0.4],[0.744,-8.675],[-1.071,-12.049],[-2.085,-8.136],[-0.448,0.241],[0,0],[-0.59,6.652],[2.541,11.224],[3.01,-0.442]],"o":[[-4.268,0.072],[-1.05,0],[-5.339,-2.215],[-0.902,10.494],[0.593,6.652],[0,0],[0.461,0.241],[2.079,-8.136],[1.143,-12.798],[-1.157,-5.112],[-6.326,0.928]],"v":[[-1.75,-18.528],[-14.564,-18.334],[-16.306,-21.548],[-23.486,-14.406],[-24.594,17.11],[-1.354,11.397],[-0.038,11.397],[1.289,11.397],[24.521,17.11],[22.219,-18.354],[17.284,-20.877]],"c":true},"ix":2},"nm":"Path 1","mn":"ADBE Vector Shape - Group","hd":false},{"ty":"fl","c":{"a":0,"k":[0.138469277176,0.058545561398,0.15905827541,1],"ix":4},"o":{"a":0,"k":100,"ix":5},"r":1,"bm":0,"nm":"Fill 1","mn":"ADBE Vector Graphic - Fill","hd":false},{"ty":"tr","p":{"a":0,"k":[328.552,210.219],"ix":2},"a":{"a":0,"k":[0,0],"ix":1},"s":{"a":0,"k":[100,100],"ix":3},"r":{"a":0,"k":0,"ix":6},"o":{"a":0,"k":100,"ix":7},"sk":{"a":0,"k":0,"ix":4},"sa":{"a":0,"k":0,"ix":5},"nm":"Transform"}],"nm":"Group 2","np":4,"cix":2,"bm":0,"ix":2,"mn":"ADBE Vector Group","hd":false}],"ip":0,"op":386,"st":0,"bm":0},{"ddd":0,"ind":14,"ty":4,"nm":"Larm Outlines 2","parent":15,"sr":1,"ks":{"o":{"a":0,"k":100,"ix":11},"r":{"a":0,"k":5.899,"ix":10},"p":{"a":0,"k":[348.912,125.632,0],"ix":2},"a":{"a":0,"k":[13.46,13.168,0],"ix":1},"s":{"a":0,"k":[85.185,85.185,100],"ix":6}},"ao":0,"shapes":[{"ty":"gr","it":[{"ind":0,"ty":"sh","ix":1,"ks":{"a":0,"k":{"i":[[0,0],[5.054,7.062],[5.456,8.397],[-1.599,4.83],[-1.666,1.15],[-0.499,0.266],[-5.134,-6.414],[-3.061,-4.426],[-2.261,-4.913],[-1.656,-3.905]],"o":[[-4.251,-7.541],[-5.827,-8.143],[-2.496,-3.842],[0.636,-1.921],[0.486,-0.336],[7.446,-3.963],[3.45,4.309],[3.045,4.406],[5.032,10.94],[0,0]],"v":[[10.954,34.658],[-4.494,13.255],[-21.421,-11.559],[-25.587,-25.151],[-21.839,-29.793],[-20.36,-30.694],[0.889,-24.532],[8.587,-10.42],[16.122,3.435],[27.186,28.493]],"c":false},"ix":2},"nm":"Path 1","mn":"ADBE Vector Shape - Group","hd":false},{"ty":"fl","c":{"a":0,"k":[0.976046693091,0.598385261087,0.42380658318,1],"ix":4},"o":{"a":0,"k":100,"ix":5},"r":1,"bm":0,"nm":"Fill 1","mn":"ADBE Vector Graphic - Fill","hd":false},{"ty":"tr","p":{"a":0,"k":[27.435,34.908],"ix":2},"a":{"a":0,"k":[0,0],"ix":1},"s":{"a":0,"k":[100,100],"ix":3},"r":{"a":0,"k":0,"ix":6},"o":{"a":0,"k":100,"ix":7},"sk":{"a":0,"k":0,"ix":4},"sa":{"a":0,"k":0,"ix":5},"nm":"Transform"}],"nm":"Group 1","np":2,"cix":2,"bm":0,"ix":1,"mn":"ADBE Vector Group","hd":false}],"ip":0,"op":386,"st":0,"bm":0},{"ddd":0,"ind":15,"ty":3,"nm":"Larm Outlines","parent":18,"sr":1,"ks":{"o":{"a":0,"k":100,"ix":11},"r":{"a":1,"k":[{"i":{"x":[0.667],"y":[1]},"o":{"x":[0.333],"y":[0]},"t":0,"s":[0]},{"i":{"x":[0.667],"y":[1]},"o":{"x":[0.333],"y":[0]},"t":13,"s":[-13]},{"t":26,"s":[0]}],"ix":10},"p":{"a":1,"k":[{"i":{"x":0.667,"y":0.667},"o":{"x":0.333,"y":0.333},"t":0,"s":[351.139,112.527,0],"to":[0,0,0],"ti":[0,0,0]},{"t":26,"s":[351.139,112.527,0]}],"ix":2},"a":{"a":0,"k":[351.139,112.527,0],"ix":1},"s":{"a":0,"k":[100,100,100],"ix":6}},"ao":0,"ip":0,"op":386,"st":0,"bm":0},{"ddd":0,"ind":16,"ty":4,"nm":"Lhand Outlines 2","parent":17,"sr":1,"ks":{"o":{"a":0,"k":100,"ix":11},"r":{"a":0,"k":-4.955,"ix":10},"p":{"a":0,"k":[372.432,173.511,0],"ix":2},"a":{"a":0,"k":[9.778,10.1,0],"ix":1},"s":{"a":0,"k":[85.185,85.185,100],"ix":6}},"ao":0,"shapes":[{"ty":"gr","it":[{"ind":0,"ty":"sh","ix":1,"ks":{"a":0,"k":{"i":[[0,0],[0,0],[0,0],[0.32,1.998],[5.762,13.532],[2.043,-6.874]],"o":[[3.453,6.124],[5.066,4.598],[0,0],[-1.361,-8.676],[-5.939,-4.017],[0,0]],"v":[[-14.003,-18.884],[2.645,24.467],[14.003,24.652],[13.516,21.478],[2.227,-25.048],[-13.886,-19.281]],"c":true},"ix":2},"nm":"Path 1","mn":"ADBE Vector Shape - Group","hd":false},{"ty":"fl","c":{"a":0,"k":[0.976046693091,0.598385261087,0.42380658318,1],"ix":4},"o":{"a":0,"k":100,"ix":5},"r":1,"bm":0,"nm":"Fill 1","mn":"ADBE Vector Graphic - Fill","hd":false},{"ty":"tr","p":{"a":0,"k":[14.254,29.316],"ix":2},"a":{"a":0,"k":[0,0],"ix":1},"s":{"a":0,"k":[100,100],"ix":3},"r":{"a":0,"k":0,"ix":6},"o":{"a":0,"k":100,"ix":7},"sk":{"a":0,"k":0,"ix":4},"sa":{"a":0,"k":0,"ix":5},"nm":"Transform"}],"nm":"Group 1","np":2,"cix":2,"bm":0,"ix":1,"mn":"ADBE Vector Group","hd":false}],"ip":0,"op":386,"st":0,"bm":0},{"ddd":0,"ind":17,"ty":3,"nm":"Lhand Outlines","parent":15,"sr":1,"ks":{"o":{"a":0,"k":100,"ix":11},"r":{"a":0,"k":0,"ix":10},"p":{"a":0,"k":[371.51,171.521,0],"ix":2},"a":{"a":0,"k":[371.51,171.521,0],"ix":1},"s":{"a":0,"k":[100,100,100],"ix":6}},"ao":0,"ip":0,"op":386,"st":0,"bm":0},{"ddd":0,"ind":18,"ty":3,"nm":"body Outlines","parent":1,"sr":1,"ks":{"o":{"a":0,"k":100,"ix":11},"r":{"a":0,"k":0,"ix":10},"p":{"a":0,"k":[-29.612,-82.352,0],"ix":2},"a":{"a":0,"k":[328.388,155.648,0],"ix":1},"s":{"a":0,"k":[100,100,100],"ix":6}},"ao":0,"ip":0,"op":386,"st":0,"bm":0},{"ddd":0,"ind":19,"ty":4,"nm":"Rarm Outlines 2","parent":20,"sr":1,"ks":{"o":{"a":0,"k":100,"ix":11},"r":{"a":0,"k":-3.39,"ix":10},"p":{"a":0,"k":[306.803,124.178,0],"ix":2},"a":{"a":0,"k":[32.613,11.1,0],"ix":1},"s":{"a":0,"k":[85.185,85.185,100],"ix":6}},"ao":0,"shapes":[{"ty":"gr","it":[{"ind":0,"ty":"sh","ix":1,"ks":{"a":0,"k":{"i":[[0,0],[-4.031,7.693],[-4.245,9.07],[2.251,4.563],[1.809,0.909],[0.531,0.194],[4.198,-7.062],[2.419,-4.807],[1.56,-5.178],[1.1,-4.096]],"o":[[3.169,-8.055],[4.647,-8.87],[1.941,-4.151],[-0.895,-1.815],[-0.528,-0.265],[-7.923,-2.897],[-2.822,4.744],[-2.408,4.784],[-3.473,11.531],[0,0]],"v":[[-6.627,35.973],[5.717,12.643],[19.056,-14.271],[21.303,-28.308],[16.95,-32.389],[15.361,-33.076],[-4.832,-24.04],[-10.508,-8.998],[-16.057,5.764],[-23.554,32.11]],"c":false},"ix":2},"nm":"Path 1","mn":"ADBE Vector Shape - Group","hd":false},{"ty":"fl","c":{"a":0,"k":[0.976046693091,0.598385261087,0.42380658318,1],"ix":4},"o":{"a":0,"k":100,"ix":5},"r":1,"bm":0,"nm":"Fill 1","mn":"ADBE Vector Graphic - Fill","hd":false},{"ty":"tr","p":{"a":0,"k":[23.804,36.223],"ix":2},"a":{"a":0,"k":[0,0],"ix":1},"s":{"a":0,"k":[100,100],"ix":3},"r":{"a":0,"k":0,"ix":6},"o":{"a":0,"k":100,"ix":7},"sk":{"a":0,"k":0,"ix":4},"sa":{"a":0,"k":0,"ix":5},"nm":"Transform"}],"nm":"Group 1","np":2,"cix":2,"bm":0,"ix":1,"mn":"ADBE Vector Group","hd":false}],"ip":0,"op":386,"st":0,"bm":0},{"ddd":0,"ind":20,"ty":3,"nm":"Rarm Outlines","parent":18,"sr":1,"ks":{"o":{"a":0,"k":100,"ix":11},"r":{"a":1,"k":[{"i":{"x":[0.667],"y":[1]},"o":{"x":[0.333],"y":[0]},"t":0,"s":[0]},{"i":{"x":[0.667],"y":[1]},"o":{"x":[0.333],"y":[0]},"t":13,"s":[7]},{"t":26,"s":[0]}],"ix":10},"p":{"a":1,"k":[{"i":{"x":0.667,"y":0.667},"o":{"x":0.333,"y":0.333},"t":0,"s":[303.256,111.468,0],"to":[0,0,0],"ti":[0,0,0]},{"t":26,"s":[303.256,111.468,0]}],"ix":2},"a":{"a":0,"k":[303.256,111.468,0],"ix":1},"s":{"a":0,"k":[100,100,100],"ix":6}},"ao":0,"ip":0,"op":386,"st":0,"bm":0},{"ddd":0,"ind":21,"ty":4,"nm":"Rhand Outlines 2","parent":22,"sr":1,"ks":{"o":{"a":0,"k":100,"ix":11},"r":{"a":0,"k":12.944,"ix":10},"p":{"a":0,"k":[283.626,192.468,0],"ix":2},"a":{"a":0,"k":[11.113,29.826,0],"ix":1},"s":{"a":0,"k":[85.185,85.185,100],"ix":6}},"ao":0,"shapes":[{"ty":"gr","it":[{"ind":0,"ty":"sh","ix":1,"ks":{"a":0,"k":{"i":[[0,0],[0,0],[0,0],[-0.041,2.023],[-3.837,14.198],[0,0],[-2.973,-6.526]],"o":[[-2.573,6.542],[-4.382,5.254],[0,0],[0.15,-8.781],[0,0],[5.327,-4.799],[0,0]],"v":[[10.863,-20.913],[0.36,24.322],[-10.863,26.074],[-10.82,22.863],[-6.066,-24.776],[-6.064,-24.776],[10.69,-21.29]],"c":true},"ix":2},"nm":"Path 1","mn":"ADBE Vector Shape - Group","hd":false},{"ty":"fl","c":{"a":0,"k":[0.976046693091,0.598385261087,0.42380658318,1],"ix":4},"o":{"a":0,"k":100,"ix":5},"r":1,"bm":0,"nm":"Fill 1","mn":"ADBE Vector Graphic - Fill","hd":false},{"ty":"tr","p":{"a":0,"k":[11.112,29.826],"ix":2},"a":{"a":0,"k":[0,0],"ix":1},"s":{"a":0,"k":[100,100],"ix":3},"r":{"a":0,"k":0,"ix":6},"o":{"a":0,"k":100,"ix":7},"sk":{"a":0,"k":0,"ix":4},"sa":{"a":0,"k":0,"ix":5},"nm":"Transform"}],"nm":"Group 1","np":2,"cix":2,"bm":0,"ix":1,"mn":"ADBE Vector Group","hd":false}],"ip":0,"op":386,"st":0,"bm":0},{"ddd":0,"ind":22,"ty":3,"nm":"Rhand Outlines","parent":20,"sr":1,"ks":{"o":{"a":0,"k":100,"ix":11},"r":{"a":0,"k":0,"ix":10},"p":{"a":0,"k":[287.383,171.521,0],"ix":2},"a":{"a":0,"k":[287.383,171.521,0],"ix":1},"s":{"a":0,"k":[100,100,100],"ix":6}},"ao":0,"ip":0,"op":386,"st":0,"bm":0},{"ddd":0,"ind":23,"ty":4,"nm":"Lshoe Outlines 2","parent":24,"sr":1,"ks":{"o":{"a":0,"k":100,"ix":11},"r":{"a":0,"k":0,"ix":10},"p":{"a":0,"k":[342.532,371.384,0],"ix":2},"a":{"a":0,"k":[9.955,20.729,0],"ix":1},"s":{"a":0,"k":[85.185,85.185,100],"ix":6}},"ao":0,"shapes":[{"ty":"gr","it":[{"ind":0,"ty":"sh","ix":1,"ks":{"a":0,"k":{"i":[[0.907,0.394],[1.264,-3.351],[-0.374,0.211],[-2.756,-1.155]],"o":[[-2.511,-1.088],[-0.17,0.45],[2.581,-1.461],[0.904,0.379]],"v":[[4.628,-0.186],[-5.365,1.271],[-4.589,1.868],[3.955,1.41]],"c":true},"ix":2},"nm":"Path 1","mn":"ADBE Vector Shape - Group","hd":false},{"ty":"fl","c":{"a":0,"k":[0.093308699365,0.04861314063,0.105985095454,1],"ix":4},"o":{"a":0,"k":100,"ix":5},"r":1,"bm":0,"nm":"Fill 1","mn":"ADBE Vector Graphic - Fill","hd":false},{"ty":"tr","p":{"a":0,"k":[9.814,14.238],"ix":2},"a":{"a":0,"k":[0,0],"ix":1},"s":{"a":0,"k":[100,100],"ix":3},"r":{"a":0,"k":0,"ix":6},"o":{"a":0,"k":100,"ix":7},"sk":{"a":0,"k":0,"ix":4},"sa":{"a":0,"k":0,"ix":5},"nm":"Transform"}],"nm":"Group 1","np":2,"cix":2,"bm":0,"ix":1,"mn":"ADBE Vector Group","hd":false},{"ty":"gr","it":[{"ind":0,"ty":"sh","ix":1,"ks":{"a":0,"k":{"i":[[0.696,0.238],[1.751,-2.092],[-0.45,0.052],[-1.459,0.042],[-1.451,0.089]],"o":[[-2.304,-0.79],[-0.232,0.276],[1.399,-0.159],[1.467,-0.041],[0.73,-0.045]],"v":[[4.265,-0.399],[-4.729,0.615],[-4.393,1.425],[-0.291,0.628],[4.094,0.865]],"c":true},"ix":2},"nm":"Path 1","mn":"ADBE Vector Shape - Group","hd":false},{"ty":"fl","c":{"a":0,"k":[0.093308699365,0.04861314063,0.105985095454,1],"ix":4},"o":{"a":0,"k":100,"ix":5},"r":1,"bm":0,"nm":"Fill 1","mn":"ADBE Vector Graphic - Fill","hd":false},{"ty":"tr","p":{"a":0,"k":[9.067,9.388],"ix":2},"a":{"a":0,"k":[0,0],"ix":1},"s":{"a":0,"k":[100,100],"ix":3},"r":{"a":0,"k":0,"ix":6},"o":{"a":0,"k":100,"ix":7},"sk":{"a":0,"k":0,"ix":4},"sa":{"a":0,"k":0,"ix":5},"nm":"Transform"}],"nm":"Group 2","np":2,"cix":2,"bm":0,"ix":2,"mn":"ADBE Vector Group","hd":false},{"ty":"gr","it":[{"ind":0,"ty":"sh","ix":1,"ks":{"a":0,"k":{"i":[[1.863,-10.822],[0.864,-1.412],[3.45,10.234],[-0.373,14.645],[-4.784,0.392],[-2,1.627],[0.099,-0.49]],"o":[[-0.353,2.137],[-3.254,5.293],[-2.117,-6.157],[0.588,-0.039],[2.666,-0.217],[0.019,0.412],[0,0]],"v":[[7.843,9.753],[6.038,15.186],[-6.235,10.225],[-9.333,-20.439],[-1.176,-17.204],[6.196,-20.225],[6.038,-18.833]],"c":true},"ix":2},"nm":"Path 1","mn":"ADBE Vector Shape - Group","hd":false},{"ty":"fl","c":{"a":0,"k":[0.648549337948,0.470262086158,0.598809096392,1],"ix":4},"o":{"a":0,"k":100,"ix":5},"r":1,"bm":0,"nm":"Fill 1","mn":"ADBE Vector Graphic - Fill","hd":false},{"ty":"tr","p":{"a":0,"k":[9.955,20.728],"ix":2},"a":{"a":0,"k":[0,0],"ix":1},"s":{"a":0,"k":[100,100],"ix":3},"r":{"a":0,"k":0,"ix":6},"o":{"a":0,"k":100,"ix":7},"sk":{"a":0,"k":0,"ix":4},"sa":{"a":0,"k":0,"ix":5},"nm":"Transform"}],"nm":"Group 3","np":2,"cix":2,"bm":0,"ix":3,"mn":"ADBE Vector Group","hd":false}],"ip":0,"op":386,"st":0,"bm":0},{"ddd":0,"ind":24,"ty":3,"nm":"Lshoe Outlines","parent":30,"sr":1,"ks":{"o":{"a":0,"k":100,"ix":11},"r":{"a":0,"k":0,"ix":10},"p":{"a":0,"k":[338.044,360.146,0],"ix":2},"a":{"a":0,"k":[338.044,360.146,0],"ix":1},"s":{"a":0,"k":[100,100,100],"ix":6}},"ao":0,"ip":0,"op":386,"st":0,"bm":0},{"ddd":0,"ind":25,"ty":4,"nm":"Rshoe Outlines 2","parent":26,"sr":1,"ks":{"o":{"a":0,"k":100,"ix":11},"r":{"a":0,"k":-3.701,"ix":10},"p":{"a":0,"k":[319.579,370.578,0],"ix":2},"a":{"a":0,"k":[9.955,20.729,0],"ix":1},"s":{"a":0,"k":[85.185,85.185,100],"ix":6}},"ao":0,"shapes":[{"ty":"gr","it":[{"ind":0,"ty":"sh","ix":1,"ks":{"a":0,"k":{"i":[[-0.906,0.394],[-1.265,-3.35],[0.373,0.211],[2.757,-1.156]],"o":[[2.512,-1.089],[0.17,0.451],[-2.581,-1.461],[-0.903,0.379]],"v":[[-4.629,-0.186],[5.365,1.27],[4.589,1.868],[-3.956,1.41]],"c":true},"ix":2},"nm":"Path 1","mn":"ADBE Vector Shape - Group","hd":false},{"ty":"fl","c":{"a":0,"k":[0.093308699365,0.04861314063,0.105985095454,1],"ix":4},"o":{"a":0,"k":100,"ix":5},"r":1,"bm":0,"nm":"Fill 1","mn":"ADBE Vector Graphic - Fill","hd":false},{"ty":"tr","p":{"a":0,"k":[10.096,14.238],"ix":2},"a":{"a":0,"k":[0,0],"ix":1},"s":{"a":0,"k":[100,100],"ix":3},"r":{"a":0,"k":0,"ix":6},"o":{"a":0,"k":100,"ix":7},"sk":{"a":0,"k":0,"ix":4},"sa":{"a":0,"k":0,"ix":5},"nm":"Transform"}],"nm":"Group 1","np":2,"cix":2,"bm":0,"ix":1,"mn":"ADBE Vector Group","hd":false},{"ty":"gr","it":[{"ind":0,"ty":"sh","ix":1,"ks":{"a":0,"k":{"i":[[-0.696,0.238],[-1.751,-2.092],[0.45,0.052],[1.459,0.042],[1.45,0.089]],"o":[[2.304,-0.79],[0.231,0.276],[-1.4,-0.159],[-1.466,-0.041],[-0.73,-0.045]],"v":[[-4.265,-0.399],[4.73,0.615],[4.394,1.425],[0.291,0.628],[-4.093,0.865]],"c":true},"ix":2},"nm":"Path 1","mn":"ADBE Vector Shape - Group","hd":false},{"ty":"fl","c":{"a":0,"k":[0.093308699365,0.04861314063,0.105985095454,1],"ix":4},"o":{"a":0,"k":100,"ix":5},"r":1,"bm":0,"nm":"Fill 1","mn":"ADBE Vector Graphic - Fill","hd":false},{"ty":"tr","p":{"a":0,"k":[10.843,9.388],"ix":2},"a":{"a":0,"k":[0,0],"ix":1},"s":{"a":0,"k":[100,100],"ix":3},"r":{"a":0,"k":0,"ix":6},"o":{"a":0,"k":100,"ix":7},"sk":{"a":0,"k":0,"ix":4},"sa":{"a":0,"k":0,"ix":5},"nm":"Transform"}],"nm":"Group 2","np":2,"cix":2,"bm":0,"ix":2,"mn":"ADBE Vector Group","hd":false},{"ty":"gr","it":[{"ind":0,"ty":"sh","ix":1,"ks":{"a":0,"k":{"i":[[-1.862,-10.822],[-0.863,-1.412],[-3.451,10.234],[0.372,14.645],[4.783,0.393],[2,1.627],[-0.098,-0.49]],"o":[[0.354,2.137],[3.255,5.293],[2.117,-6.157],[-0.589,-0.039],[-2.667,-0.216],[-0.019,0.412],[0,0]],"v":[[-7.843,9.753],[-6.039,15.186],[6.235,10.225],[9.333,-20.439],[1.177,-17.206],[-6.196,-20.225],[-6.039,-18.833]],"c":true},"ix":2},"nm":"Path 1","mn":"ADBE Vector Shape - Group","hd":false},{"ty":"fl","c":{"a":0,"k":[0.648549337948,0.470262086158,0.598809096392,1],"ix":4},"o":{"a":0,"k":100,"ix":5},"r":1,"bm":0,"nm":"Fill 1","mn":"ADBE Vector Graphic - Fill","hd":false},{"ty":"tr","p":{"a":0,"k":[9.955,20.729],"ix":2},"a":{"a":0,"k":[0,0],"ix":1},"s":{"a":0,"k":[100,100],"ix":3},"r":{"a":0,"k":0,"ix":6},"o":{"a":0,"k":100,"ix":7},"sk":{"a":0,"k":0,"ix":4},"sa":{"a":0,"k":0,"ix":5},"nm":"Transform"}],"nm":"Group 3","np":2,"cix":2,"bm":0,"ix":3,"mn":"ADBE Vector Group","hd":false}],"ip":0,"op":386,"st":0,"bm":0},{"ddd":0,"ind":26,"ty":3,"nm":"Rshoe Outlines","parent":34,"sr":1,"ks":{"o":{"a":0,"k":100,"ix":11},"r":{"a":0,"k":0,"ix":10},"p":{"a":0,"k":[320.055,361.336,0],"ix":2},"a":{"a":0,"k":[320.055,361.336,0],"ix":1},"s":{"a":0,"k":[100,100,100],"ix":6}},"ao":0,"ip":0,"op":386,"st":0,"bm":0},{"ddd":0,"ind":27,"ty":4,"nm":"Lthigh Outlines","parent":28,"sr":1,"ks":{"o":{"a":0,"k":100,"ix":11},"r":{"a":0,"k":0,"ix":10},"p":{"a":0,"k":[339.063,238.424,0],"ix":2},"a":{"a":0,"k":[22.226,64.875,0],"ix":1},"s":{"a":0,"k":[85.185,85.185,100],"ix":6}},"ao":0,"shapes":[{"ty":"gr","it":[{"ind":0,"ty":"sh","ix":1,"ks":{"a":0,"k":{"i":[[0,0],[2.741,22.114],[-0.785,12.94],[-1.741,4.021],[-0.51,0.842],[-6.823,-10.862],[-1.294,-4.117],[6.293,-63.153],[7.411,5.141]],"o":[[0,0],[-2.261,-18.235],[0.372,-6.078],[0.432,-0.999],[5.549,-9.647],[1.667,2.666],[0,0],[-6.181,6.567],[0,0]],"v":[[-8.237,59.295],[-16.603,18.073],[-21.191,-32.568],[-16.092,-49.331],[-12.518,-54.978],[8.702,-50.951],[13.193,-40.815],[15.683,57.002],[-7.965,59.484]],"c":true},"ix":2},"nm":"Path 1","mn":"ADBE Vector Shape - Group","hd":false},{"ty":"fl","c":{"a":0,"k":[0.138469277176,0.058545561398,0.15905827541,1],"ix":4},"o":{"a":0,"k":100,"ix":5},"r":1,"bm":0,"nm":"Fill 1","mn":"ADBE Vector Graphic - Fill","hd":false},{"ty":"tr","p":{"a":0,"k":[22.226,64.875],"ix":2},"a":{"a":0,"k":[0,0],"ix":1},"s":{"a":0,"k":[100,100],"ix":3},"r":{"a":0,"k":0,"ix":6},"o":{"a":0,"k":100,"ix":7},"sk":{"a":0,"k":0,"ix":4},"sa":{"a":0,"k":0,"ix":5},"nm":"Transform"}],"nm":"Group 1","np":2,"cix":2,"bm":0,"ix":1,"mn":"ADBE Vector Group","hd":false}],"ip":0,"op":386,"st":0,"bm":0},{"ddd":0,"ind":28,"ty":3,"nm":"LThigh Outlines","parent":13,"sr":1,"ks":{"o":{"a":0,"k":100,"ix":11},"r":{"a":0,"k":0,"ix":10},"p":{"a":0,"k":[345.055,218.347,0],"ix":2},"a":{"a":0,"k":[345.055,218.347,0],"ix":1},"s":{"a":0,"k":[100,100,100],"ix":6}},"ao":0,"ip":0,"op":386,"st":0,"bm":0},{"ddd":0,"ind":29,"ty":4,"nm":"LLeg Outlines","parent":30,"sr":1,"ks":{"o":{"a":0,"k":100,"ix":11},"r":{"a":0,"k":1.803,"ix":10},"p":{"a":0,"k":[342.187,320.651,0],"ix":2},"a":{"a":0,"k":[13.857,50.045,0],"ix":1},"s":{"a":0,"k":[85.185,85.185,100],"ix":6}},"ao":0,"shapes":[{"ty":"gr","it":[{"ind":0,"ty":"sh","ix":1,"ks":{"a":0,"k":{"i":[[0,0],[0,0.176],[1.313,14.469],[0,11.666],[-0.471,5.372],[0,0],[-6.306,-6.195],[1.587,-28.095],[2.452,-13.274],[0.098,-0.49],[3.529,4.966]],"o":[[0,-0.177],[-0.843,-5.627],[-1,-10.999],[0,-5.961],[0,0],[5.934,-6.551],[-0.353,3.567],[-0.609,10.941],[-0.097,0.49],[-4.063,4.54],[0,0]],"v":[[-7.999,43.648],[-7.979,43.119],[-11.823,10.788],[-13.607,-24.17],[-12.921,-41.306],[-11.435,-42.947],[11,-43.6],[12.02,7.219],[7.647,43.785],[7.372,45.255],[-7.447,44.424]],"c":true},"ix":2},"nm":"Path 1","mn":"ADBE Vector Shape - Group","hd":false},{"ty":"fl","c":{"a":0,"k":[0.138469277176,0.058545561398,0.15905827541,1],"ix":4},"o":{"a":0,"k":100,"ix":5},"r":1,"bm":0,"nm":"Fill 1","mn":"ADBE Vector Graphic - Fill","hd":false},{"ty":"tr","p":{"a":0,"k":[13.856,50.045],"ix":2},"a":{"a":0,"k":[0,0],"ix":1},"s":{"a":0,"k":[100,100],"ix":3},"r":{"a":0,"k":0,"ix":6},"o":{"a":0,"k":100,"ix":7},"sk":{"a":0,"k":0,"ix":4},"sa":{"a":0,"k":0,"ix":5},"nm":"Transform"}],"nm":"Group 1","np":2,"cix":2,"bm":0,"ix":1,"mn":"ADBE Vector Group","hd":false}],"ip":0,"op":386,"st":0,"bm":0},{"ddd":0,"ind":30,"ty":3,"nm":"Lleg Outlines","parent":28,"sr":1,"ks":{"o":{"a":0,"k":100,"ix":11},"r":{"a":0,"k":0,"ix":10},"p":{"a":0,"k":[338.573,292.95,0],"ix":2},"a":{"a":0,"k":[338.573,292.95,0],"ix":1},"s":{"a":0,"k":[100,100,100],"ix":6}},"ao":0,"ip":0,"op":386,"st":0,"bm":0},{"ddd":0,"ind":31,"ty":4,"nm":"Rthigh Outlines 2","parent":32,"sr":1,"ks":{"o":{"a":0,"k":100,"ix":11},"r":{"a":0,"k":-4.317,"ix":10},"p":{"a":0,"k":[316.566,238.941,0],"ix":2},"a":{"a":0,"k":[22.226,64.875,0],"ix":1},"s":{"a":0,"k":[85.185,85.185,100],"ix":6}},"ao":0,"shapes":[{"ty":"gr","it":[{"ind":0,"ty":"sh","ix":1,"ks":{"a":0,"k":{"i":[[0,0],[-2.742,22.114],[0.784,12.94],[1.741,4.021],[0.511,0.843],[6.823,-10.861],[1.294,-4.117],[-6.294,-63.152],[-7.41,5.141]],"o":[[0,0],[2.261,-18.236],[-0.373,-6.078],[-0.432,-1],[-5.548,-9.646],[-1.666,2.667],[0,0],[6.181,6.568],[0,0]],"v":[[8.237,59.295],[16.604,18.073],[21.192,-32.568],[16.093,-49.331],[12.518,-54.979],[-8.702,-50.952],[-13.193,-40.815],[-15.682,57.001],[7.965,59.484]],"c":true},"ix":2},"nm":"Path 1","mn":"ADBE Vector Shape - Group","hd":false},{"ty":"fl","c":{"a":0,"k":[0.138469277176,0.058545561398,0.15905827541,1],"ix":4},"o":{"a":0,"k":100,"ix":5},"r":1,"bm":0,"nm":"Fill 1","mn":"ADBE Vector Graphic - Fill","hd":false},{"ty":"tr","p":{"a":0,"k":[22.226,64.875],"ix":2},"a":{"a":0,"k":[0,0],"ix":1},"s":{"a":0,"k":[100,100],"ix":3},"r":{"a":0,"k":0,"ix":6},"o":{"a":0,"k":100,"ix":7},"sk":{"a":0,"k":0,"ix":4},"sa":{"a":0,"k":0,"ix":5},"nm":"Transform"}],"nm":"Group 1","np":2,"cix":2,"bm":0,"ix":1,"mn":"ADBE Vector Group","hd":false}],"ip":0,"op":386,"st":0,"bm":0},{"ddd":0,"ind":32,"ty":3,"nm":"Rthigh Outlines","parent":13,"sr":1,"ks":{"o":{"a":0,"k":100,"ix":11},"r":{"a":0,"k":0,"ix":10},"p":{"a":0,"k":[313.573,219.67,0],"ix":2},"a":{"a":0,"k":[313.573,219.67,0],"ix":1},"s":{"a":0,"k":[100,100,100],"ix":6}},"ao":0,"ip":0,"op":386,"st":0,"bm":0},{"ddd":0,"ind":33,"ty":4,"nm":"Rleg Outlines 2","parent":34,"sr":1,"ks":{"o":{"a":0,"k":100,"ix":11},"r":{"a":0,"k":-2.427,"ix":10},"p":{"a":0,"k":[317.939,318.257,0],"ix":2},"a":{"a":0,"k":[13.856,50.045,0],"ix":1},"s":{"a":0,"k":[85.185,85.185,100],"ix":6}},"ao":0,"shapes":[{"ty":"gr","it":[{"ind":0,"ty":"sh","ix":1,"ks":{"a":0,"k":{"i":[[0,0],[0,0.175],[-1.313,14.469],[0,11.665],[0.471,5.372],[0,0],[6.306,-6.195],[-1.587,-28.096],[-2.451,-13.274],[-0.099,-0.49],[-3.53,4.966]],"o":[[0,-0.177],[0.843,-5.627],[1,-10.999],[0,-5.961],[0,0],[-5.935,-6.551],[0.352,3.567],[0.609,10.941],[0.098,0.49],[4.063,4.54],[0,0]],"v":[[8,43.648],[7.979,43.119],[11.823,10.788],[13.607,-24.17],[12.921,-41.306],[11.435,-42.947],[-10.999,-43.6],[-12.02,7.219],[-7.647,43.785],[-7.371,45.255],[7.448,44.424]],"c":true},"ix":2},"nm":"Path 1","mn":"ADBE Vector Shape - Group","hd":false},{"ty":"fl","c":{"a":0,"k":[0.138469277176,0.058545561398,0.15905827541,1],"ix":4},"o":{"a":0,"k":100,"ix":5},"r":1,"bm":0,"nm":"Fill 1","mn":"ADBE Vector Graphic - Fill","hd":false},{"ty":"tr","p":{"a":0,"k":[13.856,50.045],"ix":2},"a":{"a":0,"k":[0,0],"ix":1},"s":{"a":0,"k":[100,100],"ix":3},"r":{"a":0,"k":0,"ix":6},"o":{"a":0,"k":100,"ix":7},"sk":{"a":0,"k":0,"ix":4},"sa":{"a":0,"k":0,"ix":5},"nm":"Transform"}],"nm":"Group 1","np":2,"cix":2,"bm":0,"ix":1,"mn":"ADBE Vector Group","hd":false}],"ip":0,"op":386,"st":0,"bm":0},{"ddd":0,"ind":34,"ty":3,"nm":"Rleg Outlines","parent":32,"sr":1,"ks":{"o":{"a":0,"k":100,"ix":11},"r":{"a":0,"k":0,"ix":10},"p":{"a":0,"k":[319.658,290.569,0],"ix":2},"a":{"a":0,"k":[319.658,290.569,0],"ix":1},"s":{"a":0,"k":[100,100,100],"ix":6}},"ao":0,"ip":0,"op":386,"st":0,"bm":0},{"ddd":0,"ind":35,"ty":4,"nm":"neck Outlines","parent":18,"sr":1,"ks":{"o":{"a":0,"k":100,"ix":11},"r":{"a":0,"k":0,"ix":10},"p":{"a":0,"k":[329.182,95.066,0],"ix":2},"a":{"a":0,"k":[329.182,95.066,0],"ix":1},"s":{"a":0,"k":[100,100,100],"ix":6}},"ao":0,"shapes":[{"ty":"gr","it":[{"ind":0,"ty":"sh","ix":1,"ks":{"a":0,"k":{"i":[[6.83,0.227],[2.884,-3.959],[1.079,1.991],[-1.198,3.564]],"o":[[0,0],[-2.884,3.952],[-1.418,-2.609],[0,0]],"v":[[-6.787,-7.762],[-6.787,3.81],[8.592,4.31],[8.117,-7.762]],"c":true},"ix":2},"nm":"Path 1","mn":"ADBE Vector Shape - Group","hd":false},{"ty":"fl","c":{"a":0,"k":[0.972110703412,0.595416319604,0.42163032083,1],"ix":4},"o":{"a":0,"k":100,"ix":5},"r":1,"bm":0,"nm":"Fill 1","mn":"ADBE Vector Graphic - Fill","hd":false},{"ty":"tr","p":{"a":0,"k":[327.851,97.04],"ix":2},"a":{"a":0,"k":[0,0],"ix":1},"s":{"a":0,"k":[100,100],"ix":3},"r":{"a":0,"k":0,"ix":6},"o":{"a":0,"k":100,"ix":7},"sk":{"a":0,"k":0,"ix":4},"sa":{"a":0,"k":0,"ix":5},"nm":"Transform"}],"nm":"Group 1","np":4,"cix":2,"bm":0,"ix":1,"mn":"ADBE Vector Group","hd":false}],"ip":0,"op":386,"st":0,"bm":0},{"ddd":0,"ind":37,"ty":4,"nm":"thread Outlines 3","parent":1,"sr":1,"ks":{"o":{"a":0,"k":100,"ix":11},"r":{"a":0,"k":0,"ix":10},"p":{"a":0,"k":[-22.469,76.643,0],"ix":2},"a":{"a":0,"k":[335.531,314.643,0],"ix":1},"s":{"a":0,"k":[100,100,100],"ix":6}},"ao":0,"shapes":[{"ty":"gr","it":[{"ind":0,"ty":"sh","ix":1,"ks":{"a":1,"k":[{"i":{"x":0.833,"y":0.833},"o":{"x":0.333,"y":0},"t":0,"s":[{"i":[[0,0],[-17.988,-56.582],[-10.89,-6.421],[-3.727,-0.577],[0.861,99.524]],"o":[[0,0],[5.404,16.999],[3.166,1.867],[75.922,11.761],[0,0]],"v":[[-53.205,-102.051],[-42.676,49.636],[-18.68,86.579],[-8.351,90.29],[53.878,-101.454]],"c":false}]},{"i":{"x":0.833,"y":1},"o":{"x":0.167,"y":0.167},"t":6,"s":[{"i":[[0,0],[12.993,-64.779],[-22.729,-9.148],[-5.313,0.317],[-21.293,2.952]],"o":[[0,0],[-14.784,64.057],[12.6,5.071],[76.323,3.292],[0,0]],"v":[[-56.843,-112.3],[-49.637,-71.332],[-18.82,9.876],[26.452,12.714],[60.84,-119.486]],"c":false}]},{"i":{"x":0.833,"y":0.833},"o":{"x":0.167,"y":0},"t":13,"s":[{"i":[[0,0],[-41.104,42.843],[-37.325,-7.981],[-7.147,-4.572],[37.785,-51.306]],"o":[[0,0],[30.294,-31.576],[10.852,2.32],[64.718,41.401],[0,0]],"v":[[-74.898,-118.718],[-83.417,-280.787],[37.711,-311.177],[65.194,-300.715],[83.508,-132.406]],"c":false}]},{"i":{"x":0.667,"y":1},"o":{"x":0.167,"y":0.167},"t":19,"s":[{"i":[[0,0],[-0.557,-65.955],[-23.271,0.384],[-6.56,0.549],[-31.64,12.674]],"o":[[0,0],[-0.022,42.978],[6.766,-0.112],[55.005,-3.382],[0,0]],"v":[[-60.45,-113.821],[-47.462,-63.24],[-2.622,-14.141],[17.611,-15.496],[63.515,-119.911]],"c":false}]},{"t":26,"s":[{"i":[[0,0],[-17.988,-56.582],[-10.89,-6.421],[-3.727,-0.577],[0.861,99.524]],"o":[[0,0],[5.404,16.999],[3.166,1.867],[75.922,11.761],[0,0]],"v":[[-53.205,-102.051],[-42.676,49.636],[-18.68,86.579],[-8.351,90.29],[53.878,-101.454]],"c":false}]}],"ix":2},"nm":"Path 1","mn":"ADBE Vector Shape - Group","hd":false},{"ty":"st","c":{"a":0,"k":[0.071799521353,0.037808478112,0.079762013753,1],"ix":3},"o":{"a":0,"k":100,"ix":4},"w":{"a":0,"k":3,"ix":5},"lc":1,"lj":1,"ml":10,"bm":0,"nm":"Stroke 1","mn":"ADBE Vector Graphic - Stroke","hd":false},{"ty":"tr","p":{"a":0,"k":[331.416,325.681],"ix":2},"a":{"a":0,"k":[0,0],"ix":1},"s":{"a":0,"k":[100,100],"ix":3},"r":{"a":0,"k":0,"ix":6},"o":{"a":0,"k":100,"ix":7},"sk":{"a":0,"k":0,"ix":4},"sa":{"a":0,"k":0,"ix":5},"nm":"Transform"}],"nm":"Group 1","np":2,"cix":2,"bm":0,"ix":1,"mn":"ADBE Vector Group","hd":false}],"ip":0,"op":13,"st":0,"bm":0},{"ddd":0,"ind":38,"ty":1,"nm":"White Solid 1","sr":1,"ks":{"o":{"a":0,"k":100,"ix":11},"r":{"a":0,"k":0,"ix":10},"p":{"a":0,"k":[500,500,0],"ix":2},"a":{"a":0,"k":[500,500,0],"ix":1},"s":{"a":0,"k":[100,100,100],"ix":6}},"ao":0,"sw":1000,"sh":1000,"sc":"#ffffff","ip":0,"op":386,"st":0,"bm":0}],"markers":[]}