{"v":"5.1.16","fr":25,"ip":0,"op":102,"w":300,"h":300,"nm":"3DFlipAssets","ddd":0,"assets":[],"layers":[{"ddd":0,"ind":1,"ty":4,"nm":"barbell Outlines","sr":1,"ks":{"o":{"a":0,"k":100,"ix":11},"r":{"a":0,"k":0,"ix":10},"p":{"a":0,"k":[150,150,0],"ix":2},"a":{"a":0,"k":[150,150,0],"ix":1},"s":{"a":1,"k":[{"i":{"x":[0.25,0.25,0.667],"y":[1,1,1]},"o":{"x":[0.167,0.167,0.167],"y":[0.167,0,0]},"n":["0p25_1_0p167_0p167","0p25_1_0p167_0","0p667_1_0p167_0"],"t":85,"s":[0,100,100],"e":[100,100,100]},{"i":{"x":[0.833,0.833,0.833],"y":[0.833,1,1]},"o":{"x":[0.75,0.75,0.333],"y":[0,0,0]},"n":["0p833_0p833_0p75_0","0p833_1_0p75_0","0p833_1_0p333_0"],"t":93.64,"s":[100,100,100],"e":[0,100,100]},{"t":103}],"ix":6}},"ao":0,"shapes":[{"ty":"gr","it":[{"ind":0,"ty":"sh","ix":1,"ks":{"a":0,"k":{"i":[[1.96,-1.96],[0,0],[1.96,1.96],[-1.959,1.96],[0,0],[-1.96,-1.96]],"o":[[0,0],[-1.959,1.959],[-1.96,-1.96],[0,0],[1.96,-1.96],[1.96,1.96]],"v":[[31.619,-24.523],[-24.522,31.618],[-31.618,31.618],[-31.618,24.521],[24.522,-31.618],[31.619,-31.618]],"c":true},"ix":2},"nm":"Path 1","mn":"ADBE Vector Shape - Group","hd":false},{"ty":"fl","c":{"a":0,"k":[0,0,0,1],"ix":4},"o":{"a":0,"k":100,"ix":5},"r":1,"nm":"Fill 1","mn":"ADBE Vector Graphic - Fill","hd":false},{"ty":"tr","p":{"a":0,"k":[161.672,158.367],"ix":2},"a":{"a":0,"k":[0,0],"ix":1},"s":{"a":0,"k":[100,100],"ix":3},"r":{"a":0,"k":0,"ix":6},"o":{"a":0,"k":100,"ix":7},"sk":{"a":0,"k":0,"ix":4},"sa":{"a":0,"k":0,"ix":5},"nm":"Transform"}],"nm":"Group 1","np":2,"cix":2,"ix":1,"mn":"ADBE Vector Group","hd":false},{"ty":"gr","it":[{"ind":0,"ty":"sh","ix":1,"ks":{"a":0,"k":{"i":[[1.96,-1.96],[0,0],[1.96,1.96],[-1.96,1.959],[0,0],[-1.96,-1.96]],"o":[[0,0],[-1.959,1.959],[-1.96,-1.961],[0,0],[1.96,-1.96],[1.96,1.96]],"v":[[31.618,-24.523],[-24.523,31.618],[-31.618,31.618],[-31.618,24.521],[24.521,-31.618],[31.618,-31.618]],"c":true},"ix":2},"nm":"Path 1","mn":"ADBE Vector Shape - Group","hd":false},{"ty":"fl","c":{"a":0,"k":[0,0,0,1],"ix":4},"o":{"a":0,"k":100,"ix":5},"r":1,"nm":"Fill 1","mn":"ADBE Vector Graphic - Fill","hd":false},{"ty":"tr","p":{"a":0,"k":[141.16,137.854],"ix":2},"a":{"a":0,"k":[0,0],"ix":1},"s":{"a":0,"k":[100,100],"ix":3},"r":{"a":0,"k":0,"ix":6},"o":{"a":0,"k":100,"ix":7},"sk":{"a":0,"k":0,"ix":4},"sa":{"a":0,"k":0,"ix":5},"nm":"Transform"}],"nm":"Group 2","np":2,"cix":2,"ix":2,"mn":"ADBE Vector Group","hd":false},{"ty":"gr","it":[{"ind":0,"ty":"sh","ix":1,"ks":{"a":0,"k":{"i":[[5.05,-5.05],[0,0],[1.96,1.96],[-1.96,1.96],[0,0],[2.447,2.448],[0,0],[0.656,-0.656],[0,0],[1.959,1.96],[-1.96,1.96],[0,0],[-6.227,-6.228],[0,0]],"o":[[0,0],[-1.96,1.96],[-1.96,-1.96],[0,0],[0.657,-0.655],[0,0],[-2.449,-2.448],[0,0],[-1.96,1.96],[-1.96,-1.959],[0,0],[5.05,-5.05],[0,0],[6.229,6.228]],"v":[[31.663,26.175],[23.085,34.753],[15.988,34.753],[15.988,27.656],[24.566,19.078],[22.466,13.16],[-13.16,-22.465],[-19.079,-24.566],[-27.656,-15.99],[-34.753,-15.99],[-34.753,-23.086],[-26.176,-31.663],[-6.064,-29.561],[29.561,6.064]],"c":true},"ix":2},"nm":"Path 1","mn":"ADBE Vector Shape - Group","hd":false},{"ty":"fl","c":{"a":0,"k":[0,0,0,1],"ix":4},"o":{"a":0,"k":100,"ix":5},"r":1,"nm":"Fill 1","mn":"ADBE Vector Graphic - Fill","hd":false},{"ty":"tr","p":{"a":0,"k":[231.203,68.324],"ix":2},"a":{"a":0,"k":[0,0],"ix":1},"s":{"a":0,"k":[100,100],"ix":3},"r":{"a":0,"k":0,"ix":6},"o":{"a":0,"k":100,"ix":7},"sk":{"a":0,"k":0,"ix":4},"sa":{"a":0,"k":0,"ix":5},"nm":"Transform"}],"nm":"Group 3","np":2,"cix":2,"ix":3,"mn":"ADBE Vector Group","hd":false},{"ty":"gr","it":[{"ind":0,"ty":"sh","ix":1,"ks":{"a":0,"k":{"i":[[0,0],[-2.172,-2.173],[0,0],[-1.542,1.542],[0,0],[2.173,2.173],[0,0],[1.543,-1.543]],"o":[[-1.542,1.542],[0,0],[2.172,2.173],[0,0],[1.543,-1.543],[0,0],[-2.172,-2.173],[0,0]],"v":[[-46.197,-23.358],[-45.034,-16.505],[16.505,45.034],[23.358,46.197],[46.196,23.359],[45.034,16.504],[-16.504,-45.035],[-23.359,-46.196]],"c":true},"ix":2},"nm":"Path 1","mn":"ADBE Vector Shape - Group","hd":false},{"ind":1,"ty":"sh","ix":2,"ks":{"a":0,"k":{"i":[[5.484,-5.483],[0,0],[6.124,6.123],[0,0],[-5.482,5.481],[0,0],[-6.122,-6.123],[0,0]],"o":[[0,0],[-5.481,5.482],[0,0],[-6.123,-6.123],[0,0],[5.483,-5.483],[0,0],[6.122,6.123]],"v":[[53.291,30.456],[30.453,53.293],[9.408,52.13],[-52.13,-9.409],[-53.293,-30.454],[-30.455,-53.292],[-9.408,-52.131],[52.131,9.408]],"c":true},"ix":2},"nm":"Path 2","mn":"ADBE Vector Shape - Group","hd":false},{"ty":"mm","mm":1,"nm":"Merge Paths 1","mn":"ADBE Vector Filter - Merge","hd":false},{"ty":"fl","c":{"a":0,"k":[0,0,0,1],"ix":4},"o":{"a":0,"k":100,"ix":5},"r":1,"nm":"Fill 1","mn":"ADBE Vector Graphic - Fill","hd":false},{"ty":"tr","p":{"a":0,"k":[197.84,101.687],"ix":2},"a":{"a":0,"k":[0,0],"ix":1},"s":{"a":0,"k":[100,100],"ix":3},"r":{"a":0,"k":0,"ix":6},"o":{"a":0,"k":100,"ix":7},"sk":{"a":0,"k":0,"ix":4},"sa":{"a":0,"k":0,"ix":5},"nm":"Transform"}],"nm":"Group 4","np":4,"cix":2,"ix":4,"mn":"ADBE Vector Group","hd":false},{"ty":"gr","it":[{"ind":0,"ty":"sh","ix":1,"ks":{"a":0,"k":{"i":[[1.959,-1.96],[0,0],[6.228,6.228],[0,0],[-5.05,5.05],[0,0],[-1.96,-1.96],[1.959,-1.959],[0,0],[-2.449,-2.449],[0,0],[-0.656,0.657],[0,0],[-1.96,-1.96]],"o":[[0,0],[-5.05,5.05],[0,0],[-6.228,-6.228],[0,0],[1.96,-1.96],[1.959,1.959],[0,0],[-0.655,0.655],[0,0],[2.447,2.447],[0,0],[1.959,-1.959],[1.96,1.96]],"v":[[34.752,23.086],[26.176,31.662],[6.064,29.563],[-29.562,-6.063],[-31.662,-26.176],[-23.086,-34.752],[-15.989,-34.752],[-15.989,-27.656],[-24.566,-19.079],[-22.465,-13.159],[13.161,22.467],[19.08,24.565],[27.656,15.989],[34.752,15.989]],"c":true},"ix":2},"nm":"Path 1","mn":"ADBE Vector Shape - Group","hd":false},{"ty":"fl","c":{"a":0,"k":[0,0,0,1],"ix":4},"o":{"a":0,"k":100,"ix":5},"r":1,"nm":"Fill 1","mn":"ADBE Vector Graphic - Fill","hd":false},{"ty":"tr","p":{"a":0,"k":[67.852,231.675],"ix":2},"a":{"a":0,"k":[0,0],"ix":1},"s":{"a":0,"k":[100,100],"ix":3},"r":{"a":0,"k":0,"ix":6},"o":{"a":0,"k":100,"ix":7},"sk":{"a":0,"k":0,"ix":4},"sa":{"a":0,"k":0,"ix":5},"nm":"Transform"}],"nm":"Group 5","np":2,"cix":2,"ix":5,"mn":"ADBE Vector Group","hd":false},{"ty":"gr","it":[{"ind":0,"ty":"sh","ix":1,"ks":{"a":0,"k":{"i":[[0,0],[-2.173,-2.172],[0,0],[-1.543,1.543],[0,0],[2.172,2.173],[0,0],[1.543,-1.543]],"o":[[-1.543,1.543],[0,0],[2.173,2.172],[0,0],[1.544,-1.543],[0,0],[-2.172,-2.172],[0,0]],"v":[[-46.197,-23.358],[-45.035,-16.504],[16.503,45.035],[23.357,46.197],[46.195,23.359],[45.035,16.504],[-16.505,-45.035],[-23.359,-46.196]],"c":true},"ix":2},"nm":"Path 1","mn":"ADBE Vector Shape - Group","hd":false},{"ind":1,"ty":"sh","ix":2,"ks":{"a":0,"k":{"i":[[5.483,-5.482],[0,0],[6.123,6.123],[0,0],[-5.482,5.482],[0,0],[-6.123,-6.124],[0,0]],"o":[[0,0],[-5.483,5.483],[0,0],[-6.123,-6.123],[0,0],[5.482,-5.483],[0,0],[6.123,6.123]],"v":[[53.292,30.455],[30.455,53.292],[9.408,52.131],[-52.132,-9.407],[-53.292,-30.454],[-30.454,-53.292],[-9.408,-52.13],[52.131,9.408]],"c":true},"ix":2},"nm":"Path 2","mn":"ADBE Vector Shape - Group","hd":false},{"ty":"mm","mm":1,"nm":"Merge Paths 1","mn":"ADBE Vector Filter - Merge","hd":false},{"ty":"fl","c":{"a":0,"k":[0,0,0,1],"ix":4},"o":{"a":0,"k":100,"ix":5},"r":1,"nm":"Fill 1","mn":"ADBE Vector Graphic - Fill","hd":false},{"ty":"tr","p":{"a":0,"k":[101.215,198.311],"ix":2},"a":{"a":0,"k":[0,0],"ix":1},"s":{"a":0,"k":[100,100],"ix":3},"r":{"a":0,"k":0,"ix":6},"o":{"a":0,"k":100,"ix":7},"sk":{"a":0,"k":0,"ix":4},"sa":{"a":0,"k":0,"ix":5},"nm":"Transform"}],"nm":"Group 6","np":4,"cix":2,"ix":6,"mn":"ADBE Vector Group","hd":false}],"ip":85,"op":102,"st":85,"bm":0},{"ddd":0,"ind":2,"ty":4,"nm":"clipboard Outlines","sr":1,"ks":{"o":{"a":0,"k":100,"ix":11},"r":{"a":0,"k":0,"ix":10},"p":{"a":0,"k":[150,150,0],"ix":2},"a":{"a":0,"k":[150,150,0],"ix":1},"s":{"a":1,"k":[{"i":{"x":[0.25,0.25,0.667],"y":[1,1,1]},"o":{"x":[0.167,0.167,0.167],"y":[0.167,0,0]},"n":["0p25_1_0p167_0p167","0p25_1_0p167_0","0p667_1_0p167_0"],"t":68,"s":[0,100,100],"e":[100,100,100]},{"i":{"x":[0.833,0.833,0.833],"y":[0.833,1,1]},"o":{"x":[0.75,0.75,0.333],"y":[0,0,0]},"n":["0p833_0p833_0p75_0","0p833_1_0p75_0","0p833_1_0p333_0"],"t":76.64,"s":[100,100,100],"e":[0,100,100]},{"t":86}],"ix":6}},"ao":0,"shapes":[{"ty":"gr","it":[{"ind":0,"ty":"sh","ix":1,"ks":{"a":0,"k":{"i":[[0.843,2.64],[2.645,-0.851],[4.441,-8.513],[0.595,0.239],[1.028,-2.574],[-2.574,-1.028],[-3.467,-11.082],[-2.185,0],[-0.071,0.003],[-0.495,2.217],[-22.447,7.172]],"o":[[-0.844,-2.639],[-16.824,5.374],[-7.353,-8.917],[-2.573,-1.027],[-1.027,2.572],[0.148,0.058],[0.658,2.1],[0.07,0],[2.269,-0.094],[0.193,-0.864],[2.64,-0.844]],"v":[[30.91,-17.276],[24.603,-20.529],[-5.508,4.747],[-24.205,-8.791],[-30.726,-5.991],[-27.926,0.53],[-9.464,17.87],[-4.675,21.38],[-4.463,21.375],[0.227,17.445],[27.657,-10.969]],"c":true},"ix":2},"nm":"Path 1","mn":"ADBE Vector Shape - Group","hd":false},{"ty":"fl","c":{"a":0,"k":[0,0,0,1],"ix":4},"o":{"a":0,"k":100,"ix":5},"r":1,"nm":"Fill 1","mn":"ADBE Vector Graphic - Fill","hd":false},{"ty":"tr","p":{"a":0,"k":[192.562,226.448],"ix":2},"a":{"a":0,"k":[0,0],"ix":1},"s":{"a":0,"k":[100,100],"ix":3},"r":{"a":0,"k":0,"ix":6},"o":{"a":0,"k":100,"ix":7},"sk":{"a":0,"k":0,"ix":4},"sa":{"a":0,"k":0,"ix":5},"nm":"Transform"}],"nm":"Group 1","np":2,"cix":2,"ix":1,"mn":"ADBE Vector Group","hd":false},{"ty":"gr","it":[{"ind":0,"ty":"sh","ix":1,"ks":{"a":0,"k":{"i":[[24.907,0],[0,24.906],[-24.906,0],[0,-24.906]],"o":[[-24.906,0],[0,-24.906],[24.907,0],[0,24.906]],"v":[[0,45.171],[-45.169,0],[0,-45.171],[45.171,0]],"c":true},"ix":2},"nm":"Path 1","mn":"ADBE Vector Shape - Group","hd":false},{"ind":1,"ty":"sh","ix":2,"ks":{"a":0,"k":{"i":[[30.441,0],[0,-30.44],[-30.439,0],[0,30.441]],"o":[[-30.439,0],[0,30.441],[30.441,0],[0,-30.44]],"v":[[0,-55.206],[-55.205,0],[0,55.206],[55.206,0]],"c":true},"ix":2},"nm":"Path 2","mn":"ADBE Vector Shape - Group","hd":false},{"ty":"mm","mm":1,"nm":"Merge Paths 1","mn":"ADBE Vector Filter - Merge","hd":false},{"ty":"fl","c":{"a":0,"k":[0,0,0,1],"ix":4},"o":{"a":0,"k":100,"ix":5},"r":1,"nm":"Fill 1","mn":"ADBE Vector Graphic - Fill","hd":false},{"ty":"tr","p":{"a":0,"k":[190.988,224.751],"ix":2},"a":{"a":0,"k":[0,0],"ix":1},"s":{"a":0,"k":[100,100],"ix":3},"r":{"a":0,"k":0,"ix":6},"o":{"a":0,"k":100,"ix":7},"sk":{"a":0,"k":0,"ix":4},"sa":{"a":0,"k":0,"ix":5},"nm":"Transform"}],"nm":"Group 2","np":4,"cix":2,"ix":2,"mn":"ADBE Vector Group","hd":false},{"ty":"gr","it":[{"ind":0,"ty":"sh","ix":1,"ks":{"a":0,"k":{"i":[[2.771,0],[0,0],[0,-2.771],[-2.771,0],[0,0],[0,2.771]],"o":[[0,0],[-2.771,0],[0,2.771],[0,0],[2.771,0],[0,-2.771]],"v":[[22.886,-5.018],[-22.886,-5.018],[-27.904,0],[-22.886,5.018],[22.886,5.018],[27.904,0]],"c":true},"ix":2},"nm":"Path 1","mn":"ADBE Vector Shape - Group","hd":false},{"ty":"fl","c":{"a":0,"k":[0,0,0,1],"ix":4},"o":{"a":0,"k":100,"ix":5},"r":1,"nm":"Fill 1","mn":"ADBE Vector Graphic - Fill","hd":false},{"ty":"tr","p":{"a":0,"k":[109.081,180.185],"ix":2},"a":{"a":0,"k":[0,0],"ix":1},"s":{"a":0,"k":[100,100],"ix":3},"r":{"a":0,"k":0,"ix":6},"o":{"a":0,"k":100,"ix":7},"sk":{"a":0,"k":0,"ix":4},"sa":{"a":0,"k":0,"ix":5},"nm":"Transform"}],"nm":"Group 3","np":2,"cix":2,"ix":3,"mn":"ADBE Vector Group","hd":false},{"ty":"gr","it":[{"ind":0,"ty":"sh","ix":1,"ks":{"a":0,"k":{"i":[[-2.771,0],[0,0],[0,2.772],[2.771,0],[0,0],[0,-2.771]],"o":[[0,0],[2.771,0],[0,-2.771],[0,0],[-2.771,0],[0,2.772]],"v":[[-41.355,5.017],[41.355,5.017],[46.373,-0.001],[41.355,-5.018],[-41.355,-5.018],[-46.373,-0.001]],"c":true},"ix":2},"nm":"Path 1","mn":"ADBE Vector Shape - Group","hd":false},{"ty":"fl","c":{"a":0,"k":[0,0,0,1],"ix":4},"o":{"a":0,"k":100,"ix":5},"r":1,"nm":"Fill 1","mn":"ADBE Vector Graphic - Fill","hd":false},{"ty":"tr","p":{"a":0,"k":[127.55,153.686],"ix":2},"a":{"a":0,"k":[0,0],"ix":1},"s":{"a":0,"k":[100,100],"ix":3},"r":{"a":0,"k":0,"ix":6},"o":{"a":0,"k":100,"ix":7},"sk":{"a":0,"k":0,"ix":4},"sa":{"a":0,"k":0,"ix":5},"nm":"Transform"}],"nm":"Group 4","np":2,"cix":2,"ix":4,"mn":"ADBE Vector Group","hd":false},{"ty":"gr","it":[{"ind":0,"ty":"sh","ix":1,"ks":{"a":0,"k":{"i":[[-2.771,0],[0,0],[0,2.771],[2.771,0],[0,0],[0,-2.771]],"o":[[0,0],[2.771,0],[0,-2.771],[0,0],[-2.771,0],[0,2.771]],"v":[[-41.355,5.018],[41.355,5.018],[46.373,0],[41.355,-5.018],[-41.355,-5.018],[-46.373,0]],"c":true},"ix":2},"nm":"Path 1","mn":"ADBE Vector Shape - Group","hd":false},{"ty":"fl","c":{"a":0,"k":[0,0,0,1],"ix":4},"o":{"a":0,"k":100,"ix":5},"r":1,"nm":"Fill 1","mn":"ADBE Vector Graphic - Fill","hd":false},{"ty":"tr","p":{"a":0,"k":[127.55,128.792],"ix":2},"a":{"a":0,"k":[0,0],"ix":1},"s":{"a":0,"k":[100,100],"ix":3},"r":{"a":0,"k":0,"ix":6},"o":{"a":0,"k":100,"ix":7},"sk":{"a":0,"k":0,"ix":4},"sa":{"a":0,"k":0,"ix":5},"nm":"Transform"}],"nm":"Group 5","np":2,"cix":2,"ix":5,"mn":"ADBE Vector Group","hd":false},{"ty":"gr","it":[{"ind":0,"ty":"sh","ix":1,"ks":{"a":0,"k":{"i":[[0,0],[-2.853,0],[0,0],[0,2.771],[0,0],[-6.749,0],[0,-5.413],[0,0],[-2.771,0],[0,0],[0,-2.07],[0,0],[2.854,0],[0,0],[0,2.07]],"o":[[0,-2.07],[0,0],[2.771,0],[0,0],[0,-5.413],[6.749,0],[0,0],[0,2.771],[0,0],[2.854,0],[0,0],[0,2.07],[0,0],[-2.853,0],[0,0]],"v":[[-37.943,3.788],[-32.678,-0.032],[-17.258,-0.032],[-12.241,-5.049],[-12.241,-12.941],[-0.001,-22.757],[12.24,-12.941],[12.24,-5.049],[17.257,-0.032],[32.678,-0.032],[37.943,3.788],[37.943,18.939],[32.678,22.759],[-32.678,22.759],[-37.943,18.939]],"c":true},"ix":2},"nm":"Path 1","mn":"ADBE Vector Shape - Group","hd":false},{"ind":1,"ty":"sh","ix":2,"ks":{"a":0,"k":{"i":[[-8.436,0],[0,0],[0,7.64],[0,0],[8.437,0],[0,0],[0,0],[12.283,0],[0,-10.947],[0,0],[0,0],[0,-7.64],[0,0]],"o":[[0,0],[8.437,0],[0,0],[0,-7.64],[0,0],[0,0],[0,-10.947],[-12.283,0],[0,0],[0,0],[-8.436,0],[0,0],[0,7.64]],"v":[[-32.678,32.794],[32.678,32.794],[47.979,18.939],[47.979,3.788],[32.678,-10.067],[22.275,-10.067],[22.275,-12.941],[-0.001,-32.794],[-22.277,-12.941],[-22.277,-10.067],[-32.678,-10.067],[-47.979,3.788],[-47.979,18.939]],"c":true},"ix":2},"nm":"Path 2","mn":"ADBE Vector Shape - Group","hd":false},{"ty":"mm","mm":1,"nm":"Merge Paths 1","mn":"ADBE Vector Filter - Merge","hd":false},{"ty":"fl","c":{"a":0,"k":[0,0,0,1],"ix":4},"o":{"a":0,"k":100,"ix":5},"r":1,"nm":"Fill 1","mn":"ADBE Vector Graphic - Fill","hd":false},{"ty":"tr","p":{"a":0,"k":[129.558,52.835],"ix":2},"a":{"a":0,"k":[0,0],"ix":1},"s":{"a":0,"k":[100,100],"ix":3},"r":{"a":0,"k":0,"ix":6},"o":{"a":0,"k":100,"ix":7},"sk":{"a":0,"k":0,"ix":4},"sa":{"a":0,"k":0,"ix":5},"nm":"Transform"}],"nm":"Group 6","np":4,"cix":2,"ix":6,"mn":"ADBE Vector Group","hd":false},{"ty":"gr","it":[{"ind":0,"ty":"sh","ix":1,"ks":{"a":0,"k":{"i":[[-2.771,0],[0,-3.432],[0,0],[-2.77,0],[0,2.771],[0,0],[8.965,0],[0,-2.771]],"o":[[3.432,0],[0,0],[0,2.771],[2.772,0],[0,0],[0,-8.966],[-2.771,0],[0,2.771]],"v":[[-5.62,-37.542],[0.604,-31.317],[0.604,42.559],[5.621,47.577],[10.639,42.559],[10.639,-31.317],[-5.62,-47.577],[-10.638,-42.559]],"c":true},"ix":2},"nm":"Path 1","mn":"ADBE Vector Shape - Group","hd":false},{"ty":"fl","c":{"a":0,"k":[0,0,0,1],"ix":4},"o":{"a":0,"k":100,"ix":5},"r":1,"nm":"Fill 1","mn":"ADBE Vector Graphic - Fill","hd":false},{"ty":"tr","p":{"a":0,"k":[193.798,113.535],"ix":2},"a":{"a":0,"k":[0,0],"ix":1},"s":{"a":0,"k":[100,100],"ix":3},"r":{"a":0,"k":0,"ix":6},"o":{"a":0,"k":100,"ix":7},"sk":{"a":0,"k":0,"ix":4},"sa":{"a":0,"k":0,"ix":5},"nm":"Transform"}],"nm":"Group 7","np":2,"cix":2,"ix":7,"mn":"ADBE Vector Group","hd":false},{"ty":"gr","it":[{"ind":0,"ty":"sh","ix":1,"ks":{"a":0,"k":{"i":[[2.771,0],[0,0],[0,3.432],[0,0],[-3.432,0],[0,2.771],[2.771,0],[0,-8.966],[0,0],[-8.965,0],[0,0],[0,2.771]],"o":[[0,0],[-3.432,0],[0,0],[0,-3.432],[2.771,0],[0,-2.771],[-8.965,0],[0,0],[0,8.966],[0,0],[2.771,0],[0,-2.772]],"v":[[34.128,82.51],[-22.887,82.51],[-29.111,76.286],[-29.111,-76.286],[-22.887,-82.51],[-17.868,-87.527],[-22.887,-92.546],[-39.146,-76.286],[-39.146,76.286],[-22.887,92.546],[34.128,92.546],[39.145,87.529]],"c":true},"ix":2},"nm":"Path 1","mn":"ADBE Vector Shape - Group","hd":false},{"ty":"fl","c":{"a":0,"k":[0,0,0,1],"ix":4},"o":{"a":0,"k":100,"ix":5},"r":1,"nm":"Fill 1","mn":"ADBE Vector Graphic - Fill","hd":false},{"ty":"tr","p":{"a":0,"k":[93.825,158.503],"ix":2},"a":{"a":0,"k":[0,0],"ix":1},"s":{"a":0,"k":[100,100],"ix":3},"r":{"a":0,"k":0,"ix":6},"o":{"a":0,"k":100,"ix":7},"sk":{"a":0,"k":0,"ix":4},"sa":{"a":0,"k":0,"ix":5},"nm":"Transform"}],"nm":"Group 8","np":2,"cix":2,"ix":8,"mn":"ADBE Vector Group","hd":false}],"ip":68,"op":86,"st":68,"bm":0},{"ddd":0,"ind":3,"ty":4,"nm":"scale Outlines","sr":1,"ks":{"o":{"a":0,"k":100,"ix":11},"r":{"a":0,"k":0,"ix":10},"p":{"a":0,"k":[150,150,0],"ix":2},"a":{"a":0,"k":[150,150,0],"ix":1},"s":{"a":1,"k":[{"i":{"x":[0.25,0.25,0.667],"y":[1,1,1]},"o":{"x":[0.167,0.167,0.167],"y":[0.167,0,0]},"n":["0p25_1_0p167_0p167","0p25_1_0p167_0","0p667_1_0p167_0"],"t":51,"s":[0,100,100],"e":[100,100,100]},{"i":{"x":[0.833,0.833,0.833],"y":[0.833,1,1]},"o":{"x":[0.75,0.75,0.333],"y":[0,0,0]},"n":["0p833_0p833_0p75_0","0p833_1_0p75_0","0p833_1_0p333_0"],"t":59.64,"s":[100,100,100],"e":[0,100,100]},{"t":69}],"ix":6}},"ao":0,"shapes":[{"ty":"gr","it":[{"ind":0,"ty":"sh","ix":1,"ks":{"a":0,"k":{"i":[[1.464,-4.024],[-0.227,-0.944],[0,0],[8.702,0],[0,0],[0,0],[2.771,0],[0,-2.772],[0,0],[0,0],[1.903,8.491],[0,0],[0.157,0.573],[0,3.296],[-20.292,0],[0,0],[0,-20.29]],"o":[[-0.34,0.937],[0,0],[-1.903,8.491],[0,0],[0,0],[0,-2.772],[-2.772,0],[0,0],[0,0],[-8.703,0],[0,0],[0.047,-0.578],[-0.88,-3.197],[0,-20.291],[0,0],[20.29,0],[0,4.319]],"v":[[93.971,-40.114],[93.807,-37.23],[68.909,73.82],[49.344,89.486],[5.019,89.486],[5.019,52.688],[0.001,47.67],[-5.017,52.688],[-5.017,89.486],[-49.342,89.486],[-68.908,73.82],[-94.687,-41.165],[-94.85,-42.904],[-96.176,-52.688],[-59.377,-89.486],[59.379,-89.484],[96.176,-52.688]],"c":true},"ix":2},"nm":"Path 1","mn":"ADBE Vector Shape - Group","hd":false},{"ind":1,"ty":"sh","ix":2,"ks":{"a":0,"k":{"i":[[0,4.66],[25.824,0],[0,0],[0,-25.825],[-0.849,-3.564],[-0.101,-0.448],[0,0],[-13.283,0],[0,0],[-2.906,12.962],[0,0],[0.073,0.573]],"o":[[0,-25.824],[0,0],[-25.825,0],[0,3.651],[-0.023,0.448],[0,0],[2.906,12.962],[0,0],[13.283,0],[0,0],[0.13,-0.578],[1.345,-4.414]],"v":[[106.212,-52.688],[59.379,-99.521],[-59.377,-99.521],[-106.212,-52.688],[-104.933,-41.827],[-104.818,-40.479],[-78.701,76.015],[-49.342,99.521],[49.344,99.521],[78.702,76.015],[104.106,-37.292],[104.187,-39.031]],"c":true},"ix":2},"nm":"Path 2","mn":"ADBE Vector Shape - Group","hd":false},{"ty":"mm","mm":1,"nm":"Merge Paths 1","mn":"ADBE Vector Filter - Merge","hd":false},{"ty":"fl","c":{"a":0,"k":[0,0,0,1],"ix":4},"o":{"a":0,"k":100,"ix":5},"r":1,"nm":"Fill 1","mn":"ADBE Vector Graphic - Fill","hd":false},{"ty":"tr","p":{"a":0,"k":[150,150],"ix":2},"a":{"a":0,"k":[0,0],"ix":1},"s":{"a":0,"k":[100,100],"ix":3},"r":{"a":0,"k":0,"ix":6},"o":{"a":0,"k":100,"ix":7},"sk":{"a":0,"k":0,"ix":4},"sa":{"a":0,"k":0,"ix":5},"nm":"Transform"}],"nm":"Group 1","np":4,"cix":2,"ix":1,"mn":"ADBE Vector Group","hd":false},{"ty":"gr","it":[{"ind":0,"ty":"sh","ix":1,"ks":{"a":0,"k":{"i":[[0,0],[0,0],[0,0],[-16.305,0],[-10.592,-8.493]],"o":[[0,0],[0,0],[10.593,-8.493],[16.307,0],[0,0]],"v":[[21.792,32.616],[-21.791,32.616],[-42.514,-19.115],[0,-32.615],[42.515,-19.115]],"c":true},"ix":2},"nm":"Path 1","mn":"ADBE Vector Shape - Group","hd":false},{"ind":1,"ty":"sh","ix":2,"ks":{"a":0,"k":{"i":[[1.741,1.608],[20.34,0],[12.535,-11.577],[-1.115,-1.98],[-0.212,-0.528],[0,0],[-2.051,0],[0,0],[-0.762,1.904],[0,0],[-0.029,0.539]],"o":[[-12.533,-11.577],[-20.338,0],[-1.741,1.609],[0.028,0.538],[0,0],[0.762,1.904],[0,0],[2.05,0],[0,0],[0.211,-0.529],[1.114,-1.98]],"v":[[51.726,-24.435],[0,-42.651],[-51.726,-24.435],[-52.684,-18.294],[-52.351,-16.686],[-29.845,39.5],[-25.187,42.651],[25.188,42.651],[29.845,39.5],[52.352,-16.686],[52.685,-18.296]],"c":true},"ix":2},"nm":"Path 2","mn":"ADBE Vector Shape - Group","hd":false},{"ty":"mm","mm":1,"nm":"Merge Paths 1","mn":"ADBE Vector Filter - Merge","hd":false},{"ty":"fl","c":{"a":0,"k":[0,0,0,1],"ix":4},"o":{"a":0,"k":100,"ix":5},"r":1,"nm":"Fill 1","mn":"ADBE Vector Graphic - Fill","hd":false},{"ty":"tr","p":{"a":0,"k":[151.301,108.742],"ix":2},"a":{"a":0,"k":[0,0],"ix":1},"s":{"a":0,"k":[100,100],"ix":3},"r":{"a":0,"k":0,"ix":6},"o":{"a":0,"k":100,"ix":7},"sk":{"a":0,"k":0,"ix":4},"sa":{"a":0,"k":0,"ix":5},"nm":"Transform"}],"nm":"Group 2","np":4,"cix":2,"ix":2,"mn":"ADBE Vector Group","hd":false},{"ty":"gr","it":[{"ind":0,"ty":"sh","ix":1,"ks":{"a":0,"k":{"i":[[3.25,0.818],[0.126,0.34],[0,0],[2.6,-0.968],[-0.964,-2.599],[0,0],[-0.442,-0.472],[0,-1.112],[-4.137,0],[0,4.136]],"o":[[-0.051,-0.344],[0,0],[-0.963,-2.598],[-2.597,0.964],[0,0],[0.238,0.644],[-0.435,0.949],[0,4.136],[4.136,0],[0,-3.505]],"v":[[8.039,10.092],[7.78,9.064],[-3.333,-20.895],[-9.783,-23.854],[-12.742,-17.404],[-1.628,12.554],[-0.581,14.226],[-1.274,17.333],[6.216,24.822],[13.706,17.333]],"c":true},"ix":2},"nm":"Path 1","mn":"ADBE Vector Shape - Group","hd":false},{"ty":"fl","c":{"a":0,"k":[0,0,0,1],"ix":4},"o":{"a":0,"k":100,"ix":5},"r":1,"nm":"Fill 1","mn":"ADBE Vector Graphic - Fill","hd":false},{"ty":"tr","p":{"a":0,"k":[143.821,112.077],"ix":2},"a":{"a":0,"k":[0,0],"ix":1},"s":{"a":0,"k":[100,100],"ix":3},"r":{"a":0,"k":0,"ix":6},"o":{"a":0,"k":100,"ix":7},"sk":{"a":0,"k":0,"ix":4},"sa":{"a":0,"k":0,"ix":5},"nm":"Transform"}],"nm":"Group 3","np":2,"cix":2,"ix":3,"mn":"ADBE Vector Group","hd":false}],"ip":51,"op":69,"st":51,"bm":0},{"ddd":0,"ind":4,"ty":4,"nm":"stopwatch Outlines","sr":1,"ks":{"o":{"a":0,"k":100,"ix":11},"r":{"a":0,"k":0,"ix":10},"p":{"a":0,"k":[150,150,0],"ix":2},"a":{"a":0,"k":[150,150,0],"ix":1},"s":{"a":1,"k":[{"i":{"x":[0.25,0.25,0.667],"y":[1,1,1]},"o":{"x":[0.167,0.167,0.167],"y":[0.167,0,0]},"n":["0p25_1_0p167_0p167","0p25_1_0p167_0","0p667_1_0p167_0"],"t":34,"s":[0,100,100],"e":[100,100,100]},{"i":{"x":[0.833,0.833,0.833],"y":[0.833,1,1]},"o":{"x":[0.75,0.75,0.333],"y":[0,0,0]},"n":["0p833_0p833_0p75_0","0p833_1_0p75_0","0p833_1_0p333_0"],"t":42.64,"s":[100,100,100],"e":[0,100,100]},{"t":52}],"ix":6}},"ao":0,"shapes":[{"ty":"gr","it":[{"ind":0,"ty":"sh","ix":1,"ks":{"a":0,"k":{"i":[[47.498,0],[0,47.497],[-42.226,5.507],[-1.442,0.117],[-0.51,0.032],[-0.571,0.024],[-1.054,0.006],[-0.3,-0.002],[-1.042,-0.043],[-0.569,-0.036],[-0.511,-0.04],[-1.481,-0.193],[-9.877,-5.926],[-0.269,-0.165],[0,-31.019]],"o":[[-47.499,0],[0,-43.702],[1.471,-0.191],[0.507,-0.04],[0.572,-0.036],[1.044,-0.043],[0.3,-0.001],[1.051,0.005],[0.568,0.024],[0.516,0.031],[1.452,0.119],[11.914,1.559],[0.272,0.162],[24.666,15.168],[0,47.497]],"v":[[0.001,108.89],[-86.14,22.751],[-11.191,-62.639],[-6.826,-63.093],[-5.303,-63.21],[-3.59,-63.298],[-0.445,-63.378],[0.455,-63.378],[3.592,-63.298],[5.296,-63.21],[6.834,-63.093],[11.229,-62.633],[44.179,-51.162],[44.989,-50.673],[86.141,22.751]],"c":true},"ix":2},"nm":"Path 1","mn":"ADBE Vector Shape - Group","hd":false},{"ind":1,"ty":"sh","ix":2,"ks":{"a":0,"k":{"i":[[0.276,-0.021],[0,0],[2.771,0],[0,0],[0,3.098],[0,0],[-3.097,0],[0,0],[0,-3.098],[0,0],[3.098,0],[0,0],[0,-2.771],[0,0],[0.273,0.019],[0.723,0.031],[1.368,0],[1.399,-0.063],[0.717,-0.047]],"o":[[0,0],[0,-2.771],[0,0],[-3.097,0],[0,0],[0,-3.098],[0,0],[3.098,0],[0,0],[0,3.098],[0,0],[-2.773,0],[0,0],[-0.273,-0.021],[-0.72,-0.047],[-1.4,-0.063],[-1.368,0],[-0.722,0.031],[-0.276,0.019]],"v":[[-7.136,-73.147],[-7.136,-82.509],[-12.154,-87.527],[-14.941,-87.527],[-20.557,-93.145],[-20.557,-103.273],[-14.941,-108.89],[14.94,-108.89],[20.556,-103.273],[20.556,-93.145],[14.94,-87.527],[12.154,-87.527],[7.135,-82.509],[7.135,-73.147],[6.32,-73.195],[4.158,-73.32],[0.001,-73.424],[-4.157,-73.32],[-6.313,-73.195]],"c":true},"ix":2},"nm":"Path 2","mn":"ADBE Vector Shape - Group","hd":false},{"ind":2,"ty":"sh","ix":3,"ks":{"a":0,"k":{"i":[[0.303,0.198],[0,0],[0.557,1.548],[-1.5,2.102],[-2.554,0],[-1.35,-0.961],[-0.349,-2.081],[1.225,-1.717],[2.663,0],[0,0],[0.956,-1.34],[0,0],[0.89,0.602],[0.099,0.066]],"o":[[0,0],[0.956,-1.339],[-0.878,-2.446],[1.478,-2.073],[1.644,0],[1.717,1.225],[0.348,2.08],[-1.477,2.07],[0,0],[-1.671,-0.055],[0,0],[-0.865,-0.627],[-0.099,-0.067],[-0.299,-0.201]],"v":[[52.758,-57.647],[56.381,-62.725],[57.019,-67.333],[58.012,-74.6],[64.453,-77.911],[69.028,-76.442],[72.231,-71.317],[70.87,-65.43],[64.325,-62.126],[64.322,-62.126],[60.168,-60.022],[56.589,-55.005],[53.94,-56.833],[53.647,-57.035]],"c":true},"ix":2},"nm":"Path 3","mn":"ADBE Vector Shape - Group","hd":false},{"ind":3,"ty":"sh","ix":4,"ks":{"a":0,"k":{"i":[[19.514,17.614],[0,0],[-2.863,4.011],[0.791,4.724],[3.9,2.78],[3.747,0],[3.363,-4.71],[-0.92,-4.782],[0,0],[9.515,1.723],[0,0],[0,7.874],[0,0],[8.631,0],[0,0],[0,-8.631],[0,0],[-7.577,-1.085],[0,0],[0,-47.168],[-53.032,0],[0,53.032]],"o":[[0,0],[4.823,-0.688],[2.781,-3.9],[-0.79,-4.724],[-3.058,-2.182],[-5.789,0],[-2.864,4.021],[0,0],[-8.327,-4.309],[0,0],[7.578,-1.085],[0,0],[0,-8.631],[0,0],[-8.631,0],[0,0],[0,7.874],[0,0],[-44.863,8.125],[0,53.032],[53.032,0],[0,-28.297]],"v":[[64.374,-48.636],[66.964,-52.27],[79.041,-59.602],[82.127,-72.975],[74.854,-84.613],[64.453,-87.947],[49.839,-80.427],[46.839,-66.628],[44.041,-62.705],[17.171,-71.859],[17.171,-77.65],[30.591,-93.145],[30.591,-103.273],[14.94,-118.926],[-14.941,-118.926],[-30.593,-103.273],[-30.593,-93.145],[-17.172,-77.65],[-17.172,-71.859],[-96.176,22.751],[0.001,118.926],[96.176,22.751]],"c":true},"ix":2},"nm":"Path 4","mn":"ADBE Vector Shape - Group","hd":false},{"ty":"mm","mm":1,"nm":"Merge Paths 1","mn":"ADBE Vector Filter - Merge","hd":false},{"ty":"fl","c":{"a":0,"k":[0,0,0,1],"ix":4},"o":{"a":0,"k":100,"ix":5},"r":1,"nm":"Fill 1","mn":"ADBE Vector Graphic - Fill","hd":false},{"ty":"tr","p":{"a":0,"k":[150,150],"ix":2},"a":{"a":0,"k":[0,0],"ix":1},"s":{"a":0,"k":[100,100],"ix":3},"r":{"a":0,"k":0,"ix":6},"o":{"a":0,"k":100,"ix":7},"sk":{"a":0,"k":0,"ix":4},"sa":{"a":0,"k":0,"ix":5},"nm":"Transform"}],"nm":"Group 1","np":6,"cix":2,"ix":1,"mn":"ADBE Vector Group","hd":false},{"ty":"gr","it":[{"ind":0,"ty":"sh","ix":1,"ks":{"a":0,"k":{"i":[[-3.23,0],[0,-3.229],[3.228,0],[0,3.231]],"o":[[3.228,0],[0,3.231],[-3.23,0],[0,-3.229]],"v":[[16.029,5.512],[21.883,11.37],[16.029,17.228],[10.172,11.37]],"c":true},"ix":2},"nm":"Path 1","mn":"ADBE Vector Shape - Group","hd":false},{"ind":1,"ty":"sh","ix":2,"ks":{"a":0,"k":{"i":[[-2.183,-1.707],[0,0],[0,-1.843],[-8.763,0],[0,8.764],[8.762,0],[2.531,-1.701],[0,0],[1.707,-2.185]],"o":[[0,0],[-0.581,1.648],[0,8.764],[8.762,0],[0,-8.762],[-3.271,0],[0,0],[-2.181,-1.708],[-1.707,2.183]],"v":[[-29.35,-17.65],[1.048,6.115],[0.135,11.37],[16.029,27.263],[31.919,11.37],[16.029,-4.522],[7.184,-1.826],[-23.169,-25.555],[-30.212,-24.693]],"c":true},"ix":2},"nm":"Path 2","mn":"ADBE Vector Shape - Group","hd":false},{"ty":"mm","mm":1,"nm":"Merge Paths 1","mn":"ADBE Vector Filter - Merge","hd":false},{"ty":"fl","c":{"a":0,"k":[0,0,0,1],"ix":4},"o":{"a":0,"k":100,"ix":5},"r":1,"nm":"Fill 1","mn":"ADBE Vector Graphic - Fill","hd":false},{"ty":"tr","p":{"a":0,"k":[132.338,161.789],"ix":2},"a":{"a":0,"k":[0,0],"ix":1},"s":{"a":0,"k":[100,100],"ix":3},"r":{"a":0,"k":0,"ix":6},"o":{"a":0,"k":100,"ix":7},"sk":{"a":0,"k":0,"ix":4},"sa":{"a":0,"k":0,"ix":5},"nm":"Transform"}],"nm":"Group 2","np":4,"cix":2,"ix":2,"mn":"ADBE Vector Group","hd":false},{"ty":"gr","it":[{"ind":0,"ty":"sh","ix":1,"ks":{"a":0,"k":{"i":[[40.437,0],[0,-2.771],[-2.771,0],[0,-34.903],[34.903,0],[0,34.905],[-8.149,10.965],[2.224,1.652],[1.651,-2.225],[0,-15.877],[-40.438,0],[0,40.438]],"o":[[-2.771,0],[0,2.771],[34.903,0],[0,34.905],[-34.903,0],[0,-13.706],[1.653,-2.225],[-2.226,-1.655],[-9.446,12.711],[0,40.438],[40.437,0],[0,-40.437]],"v":[[0.001,-73.335],[-5.018,-68.317],[0.001,-63.299],[63.299,0],[0.001,63.299],[-63.299,0],[-50.842,-37.712],[-51.876,-44.733],[-58.896,-43.699],[-73.335,0],[0.001,73.336],[73.335,0]],"c":true},"ix":2},"nm":"Path 1","mn":"ADBE Vector Shape - Group","hd":false},{"ty":"fl","c":{"a":0,"k":[0,0,0,1],"ix":4},"o":{"a":0,"k":100,"ix":5},"r":1,"nm":"Fill 1","mn":"ADBE Vector Graphic - Fill","hd":false},{"ty":"tr","p":{"a":0,"k":[148.366,173.158],"ix":2},"a":{"a":0,"k":[0,0],"ix":1},"s":{"a":0,"k":[100,100],"ix":3},"r":{"a":0,"k":0,"ix":6},"o":{"a":0,"k":100,"ix":7},"sk":{"a":0,"k":0,"ix":4},"sa":{"a":0,"k":0,"ix":5},"nm":"Transform"}],"nm":"Group 3","np":2,"cix":2,"ix":3,"mn":"ADBE Vector Group","hd":false}],"ip":34,"op":52,"st":34,"bm":0},{"ddd":0,"ind":5,"ty":4,"nm":"heart Outlines","sr":1,"ks":{"o":{"a":0,"k":100,"ix":11},"r":{"a":0,"k":0,"ix":10},"p":{"a":0,"k":[150,150,0],"ix":2},"a":{"a":0,"k":[150,150,0],"ix":1},"s":{"a":1,"k":[{"i":{"x":[0.25,0.25,0.667],"y":[1,1,1]},"o":{"x":[0.167,0.167,0.167],"y":[0.167,0,0]},"n":["0p25_1_0p167_0p167","0p25_1_0p167_0","0p667_1_0p167_0"],"t":17,"s":[0,100,100],"e":[100,100,100]},{"i":{"x":[0.833,0.833,0.833],"y":[0.833,1,1]},"o":{"x":[0.75,0.75,0.333],"y":[0,0,0]},"n":["0p833_0p833_0p75_0","0p833_1_0p75_0","0p833_1_0p333_0"],"t":25.64,"s":[100,100,100],"e":[0,100,100]},{"t":35}],"ix":6}},"ao":0,"shapes":[{"ty":"gr","it":[{"ind":0,"ty":"sh","ix":1,"ks":{"a":0,"k":{"i":[[2.771,0],[0,0],[0.92,-1.124],[0.345,-0.591],[0,0],[0,0],[0.043,0.064],[0.115,0.138],[0.11,0.108],[0.132,0.106],[0.137,0.089],[0.142,0.074],[0.164,0.065],[0.074,0.026],[0.075,0.022],[0.171,0.031],[0.158,0.013],[0.161,-0.002],[0.163,-0.018],[0.159,-0.032],[0.156,-0.049],[0.147,-0.063],[0.154,-0.084],[0.067,-0.041],[0.064,-0.044],[0.137,-0.116],[0.108,-0.111],[0.104,-0.13],[0.09,-0.139],[0.073,-0.14],[0.065,-0.165],[0.026,-0.075],[0,0],[0,0],[0,-2.772],[-2.772,0],[0,0],[-0.006,0],[-0.3,0.056],[-0.091,0.022],[-0.193,0.074],[-0.095,0.043],[-0.187,0.116],[-0.061,0.041],[-0.21,0.207],[-0.043,0.046],[-0.135,0.191],[-0.054,0.086],[-0.084,0.179],[-0.042,0.108],[-0.022,0.062],[0,0],[0,0],[-0.033,-0.048],[-0.227,-0.233],[-0.059,-0.056],[-0.321,-0.188],[-0.019,-0.01],[-0.289,-0.1],[-0.125,-0.033],[-0.339,-0.017],[-0.083,0],[-0.001,0],[-0.001,0],[-0.405,0.103],[-0.017,0.004],[-0.35,0.188],[-0.05,0.028],[-0.034,0.022],[-0.255,0.243],[-0.051,0.053],[-0.178,0.283],[-0.03,0.051],[0,0],[0,0],[0,2.77]],"o":[[0,0],[-1.565,0],[-0.514,0.388],[0,0],[0,0],[-0.041,-0.066],[-0.1,-0.148],[-0.101,-0.119],[-0.119,-0.118],[-0.128,-0.103],[-0.132,-0.086],[-0.157,-0.081],[-0.073,-0.029],[-0.076,-0.026],[-0.167,-0.049],[-0.16,-0.03],[-0.161,-0.014],[-0.165,0.002],[-0.159,0.018],[-0.16,0.034],[-0.151,0.047],[-0.162,0.068],[-0.068,0.038],[-0.066,0.041],[-0.148,0.099],[-0.121,0.102],[-0.116,0.118],[-0.104,0.13],[-0.085,0.13],[-0.083,0.157],[-0.028,0.072],[0,0],[0,0],[-2.772,0],[0,2.77],[0,0],[0.007,0],[0.309,0],[0.094,-0.017],[0.201,-0.049],[0.099,-0.038],[0.201,-0.092],[0.063,-0.039],[0.241,-0.166],[0.046,-0.044],[0.159,-0.168],[0.059,-0.082],[0.102,-0.166],[0.049,-0.105],[0.023,-0.06],[0,0],[0,0],[0.031,0.05],[0.175,0.267],[0.058,0.058],[0.263,0.242],[0.019,0.011],[0.267,0.152],[0.123,0.043],[0.328,0.085],[0.084,0.005],[0.002,0],[0.002,0],[0.411,0],[0.018,-0.005],[0.37,-0.099],[0.05,-0.027],[0.034,-0.021],[0.313,-0.191],[0.053,-0.05],[0.235,-0.246],[0.03,-0.049],[0,0],[0,0],[2.771,0],[0,-2.772]],"v":[[113.32,5.01],[43.07,5.01],[39.205,6.864],[37.898,8.335],[24.566,31.191],[-21.228,-43.608],[-21.367,-43.79],[-21.69,-44.216],[-22.004,-44.557],[-22.381,-44.888],[-22.775,-45.177],[-23.186,-45.415],[-23.664,-45.635],[-23.874,-45.732],[-24.101,-45.785],[-24.606,-45.904],[-25.082,-45.971],[-25.564,-45.986],[-26.054,-45.961],[-26.529,-45.882],[-27.003,-45.761],[-27.448,-45.594],[-27.92,-45.367],[-28.128,-45.267],[-28.31,-45.128],[-28.734,-44.806],[-29.079,-44.49],[-29.406,-44.118],[-29.699,-43.718],[-29.933,-43.312],[-30.156,-42.831],[-30.253,-42.621],[-46.65,5.01],[-113.32,5.01],[-118.338,10.028],[-113.32,15.045],[-43.089,15.045],[-43.07,15.047],[-42.156,14.953],[-41.881,14.888],[-41.291,14.705],[-40.999,14.587],[-40.42,14.273],[-40.23,14.16],[-39.552,13.6],[-39.426,13.459],[-38.984,12.923],[-38.82,12.669],[-38.54,12.153],[-38.402,11.837],[-38.325,11.66],[-24.228,-29.287],[20.391,43.591],[20.499,43.723],[21.104,44.472],[21.27,44.653],[22.142,45.305],[22.199,45.329],[23.044,45.681],[23.409,45.825],[24.415,45.956],[24.666,45.989],[24.671,45.989],[24.675,45.989],[25.903,45.829],[25.956,45.82],[27.035,45.384],[27.185,45.306],[27.291,45.25],[28.138,44.592],[28.283,44.427],[28.902,43.633],[29.007,43.499],[45.604,15.045],[113.32,15.045],[118.338,10.028]],"c":true},"ix":2},"nm":"Path 1","mn":"ADBE Vector Shape - Group","hd":false},{"ty":"fl","c":{"a":0,"k":[0,0,0,1],"ix":4},"o":{"a":0,"k":100,"ix":5},"r":1,"nm":"Fill 1","mn":"ADBE Vector Graphic - Fill","hd":false},{"ty":"tr","p":{"a":0,"k":[148.338,149.84],"ix":2},"a":{"a":0,"k":[0,0],"ix":1},"s":{"a":0,"k":[100,100],"ix":3},"r":{"a":0,"k":0,"ix":6},"o":{"a":0,"k":100,"ix":7},"sk":{"a":0,"k":0,"ix":4},"sa":{"a":0,"k":0,"ix":5},"nm":"Transform"}],"nm":"Group 1","np":2,"cix":2,"ix":1,"mn":"ADBE Vector Group","hd":false},{"ty":"gr","it":[{"ind":0,"ty":"sh","ix":1,"ks":{"a":0,"k":{"i":[[1.853,-2.059],[9.677,-9.704],[23.222,25.457],[2.049,-1.869],[-1.867,-2.048],[-0.323,-0.32],[-1.319,-0.003],[0,0],[0,0],[-0.941,0.933],[-29.972,33.303],[2.06,1.853]],"o":[[-24.477,27.194],[-9.016,-9.04],[-1.87,-2.047],[-2.048,1.867],[28.801,31.572],[0.938,0.931],[0,0],[0,0],[1.324,0],[0.362,-0.36],[1.855,-2.06],[-2.06,-1.856]],"v":[[60.376,-37.856],[-2.562,28.148],[-60.406,-32.236],[-67.495,-32.561],[-67.822,-25.472],[-6.271,38.628],[-2.749,40.085],[-2.4,40.085],[-2.389,40.085],[1.147,38.63],[67.833,-31.143],[67.462,-38.229]],"c":true},"ix":2},"nm":"Path 1","mn":"ADBE Vector Shape - Group","hd":false},{"ty":"fl","c":{"a":0,"k":[0,0,0,1],"ix":4},"o":{"a":0,"k":100,"ix":5},"r":1,"nm":"Fill 1","mn":"ADBE Vector Graphic - Fill","hd":false},{"ty":"tr","p":{"a":0,"k":[157.202,212.637],"ix":2},"a":{"a":0,"k":[0,0],"ix":1},"s":{"a":0,"k":[100,100],"ix":3},"r":{"a":0,"k":0,"ix":6},"o":{"a":0,"k":100,"ix":7},"sk":{"a":0,"k":0,"ix":4},"sa":{"a":0,"k":0,"ix":5},"nm":"Transform"}],"nm":"Group 2","np":2,"cix":2,"ix":2,"mn":"ADBE Vector Group","hd":false},{"ty":"gr","it":[{"ind":0,"ty":"sh","ix":1,"ks":{"a":0,"k":{"i":[[-4.138,-5.67],[-2.238,1.634],[1.634,2.238],[1.34,2.916],[-4.53,12.22],[-11.845,5.438],[-12.217,-4.53],[-5.437,-11.843],[-0.031,-0.148],[-2.368,0],[-0.495,2.316],[-4.063,8.854],[-12.22,4.531],[-11.845,-5.439],[-4.531,-12.22],[5.42,-11.807],[1.809,-2.581],[0.593,-0.916],[-2.324,-1.508],[-0.935,0],[-0.961,1.483],[-1.299,1.855],[-0.662,1.442],[5.462,14.734],[14.279,6.556],[14.735,-5.463],[6.557,-14.28],[0.923,-2.734],[1.095,2.387],[14.733,5.461],[14.281,-6.555],[5.462,-14.734],[-6.557,-14.28]],"o":[[1.633,2.238],[2.238,-1.633],[-3.687,-5.052],[-5.438,-11.843],[4.531,-12.22],[11.844,-5.439],[12.222,4.531],[4.064,8.854],[0.495,2.316],[2.369,0],[0.03,-0.147],[5.438,-11.843],[12.222,-4.53],[11.844,5.438],[4.53,12.221],[-0.544,1.081],[-1.388,1.981],[-1.507,2.325],[0.845,0.546],[1.644,0],[0.556,-0.857],[4.113,-5.871],[6.555,-14.28],[-5.463,-14.734],[-14.282,-6.555],[-14.734,5.461],[-1.094,2.386],[-0.921,-2.734],[-6.556,-14.279],[-14.737,-5.463],[-14.279,6.556],[-5.463,14.733],[1.642,3.573]],"v":[[-101.377,48.001],[-94.365,49.096],[-93.269,42.085],[-100.843,30.076],[-102.251,-7.241],[-76.858,-34.624],[-39.543,-36.033],[-12.16,-10.642],[-4.909,13.048],[-0.001,17.021],[4.908,13.048],[12.16,-10.642],[39.541,-36.033],[76.86,-34.624],[102.252,-7.241],[100.861,30.04],[95.144,38.506],[91.936,43.158],[93.418,50.098],[96.143,50.905],[100.358,48.615],[103.364,44.264],[109.965,34.264],[111.662,-10.729],[81.048,-43.744],[36.054,-45.442],[3.039,-14.829],[-0.001,-7.008],[-3.039,-14.83],[-36.053,-45.442],[-81.046,-43.744],[-111.661,-10.729],[-109.964,34.264]],"c":true},"ix":2},"nm":"Path 1","mn":"ADBE Vector Shape - Group","hd":false},{"ty":"fl","c":{"a":0,"k":[0,0,0,1],"ix":4},"o":{"a":0,"k":100,"ix":5},"r":1,"nm":"Fill 1","mn":"ADBE Vector Graphic - Fill","hd":false},{"ty":"tr","p":{"a":0,"k":[154.639,96.418],"ix":2},"a":{"a":0,"k":[0,0],"ix":1},"s":{"a":0,"k":[100,100],"ix":3},"r":{"a":0,"k":0,"ix":6},"o":{"a":0,"k":100,"ix":7},"sk":{"a":0,"k":0,"ix":4},"sa":{"a":0,"k":0,"ix":5},"nm":"Transform"}],"nm":"Group 3","np":2,"cix":2,"ix":3,"mn":"ADBE Vector Group","hd":false}],"ip":17,"op":35,"st":17,"bm":0},{"ddd":0,"ind":6,"ty":4,"nm":"apple Outlines","sr":1,"ks":{"o":{"a":0,"k":100,"ix":11},"r":{"a":0,"k":0,"ix":10},"p":{"a":0,"k":[150,150,0],"ix":2},"a":{"a":0,"k":[150,150,0],"ix":1},"s":{"a":1,"k":[{"i":{"x":[0.25,0.25,0.667],"y":[1,1,1]},"o":{"x":[0.167,0.167,0.167],"y":[0.167,0,0]},"n":["0p25_1_0p167_0p167","0p25_1_0p167_0","0p667_1_0p167_0"],"t":0,"s":[0,100,100],"e":[100,100,100]},{"i":{"x":[0.833,0.833,0.833],"y":[0.833,1,1]},"o":{"x":[0.75,0.75,0.333],"y":[0,0,0]},"n":["0p833_0p833_0p75_0","0p833_1_0p75_0","0p833_1_0p333_0"],"t":8.64,"s":[100,100,100],"e":[0,100,100]},{"t":18}],"ix":6}},"ao":0,"shapes":[{"ty":"gr","it":[{"ind":0,"ty":"sh","ix":1,"ks":{"a":0,"k":{"i":[[6.482,-15.438],[17.418,-1.384],[5.004,3.731],[0.819,0.564],[1.469,-0.464],[1.717,-0.845],[14.472,0],[10.94,19.895],[-24.078,-0.124],[0,0],[-0.941,0.935],[0,1.336],[0,0],[2.76,0.014],[19.852,0.128],[-0.158,2.005],[-0.003,0.091],[-27.782,0],[-8.904,-6.531],[-1.765,1.295],[-11.058,0],[-0.698,-28.241],[-0.008,-0.089]],"o":[[-12.381,29.483],[-13.108,1.037],[-0.875,-0.652],[-1.274,-0.873],[-1.846,0.58],[-4.642,2.288],[-14.234,0],[23.396,0.139],[0,0],[1.326,0],[0.946,-0.943],[0,0],[0,-2.762],[-29.025,-0.149],[-0.016,-2.124],[0.007,-0.089],[0.683,-27.77],[11.058,0],[1.767,1.296],[8.903,-6.531],[28.253,0],[0.002,0.09],[1.077,13.702]],"v":[[92.389,58.916],[44.8,108.211],[21.022,101.288],[18.492,99.451],[14.146,98.802],[8.963,101.026],[-15.93,106.161],[-52.169,77.623],[29.285,78.063],[29.312,78.063],[32.851,76.603],[34.329,73.045],[34.329,25.51],[29.338,20.492],[-69.652,19.949],[-69.469,13.729],[-69.455,13.459],[-17.83,-36.903],[12.684,-26.921],[18.619,-26.921],[49.129,-36.903],[100.757,13.46],[100.771,13.729]],"c":true},"ix":2},"nm":"Path 1","mn":"ADBE Vector Shape - Group","hd":false},{"ind":1,"ty":"sh","ix":2,"ks":{"a":0,"k":{"i":[[0,8.454],[0,0],[-3.676,-1.384],[0,0],[-2.771,0],[0,2.772],[0,0],[-1.13,-0.079],[-6.348,-0.043],[0,0],[-2.771,0],[0,2.77],[0,0],[-5,-0.029],[0,0],[-2.771,0],[0,2.772],[0,0],[-4.717,-0.027],[0,0],[-2.771,0],[0,2.771],[0,0],[-4.571,-0.025],[0,-0.068],[0,0],[-2.77,0],[0,2.77],[0,0],[0.001,0.05],[-3.463,-0.018],[0,0],[1.983,0.053]],"o":[[0,0],[2.802,2.163],[0,0],[0,2.772],[2.772,0],[0,0],[1.095,0.15],[0.251,0.018],[0,0],[0,2.77],[2.771,0],[0,0],[4.193,0.025],[0,0],[0,2.772],[2.771,0],[0,0],[4.493,0.025],[0,0],[0,2.771],[2.771,0],[0,0],[4.655,0.025],[-0.002,0.067],[0,0],[0,2.77],[2.772,0],[0,0],[0,-0.05],[3.728,0.02],[0,0],[-37.224,-0.191],[-13.378,-0.934]],"v":[[-101.921,50.676],[-101.921,21.666],[-92.131,27.021],[-92.131,42.286],[-87.113,47.305],[-82.095,42.286],[-82.095,29.549],[-78.757,29.895],[-68.235,29.988],[-68.235,43.303],[-63.217,48.32],[-58.199,43.303],[-58.199,30.052],[-44.34,30.134],[-44.34,44.318],[-39.322,49.336],[-34.304,44.318],[-34.304,30.19],[-20.444,30.267],[-20.444,45.336],[-15.426,50.353],[-10.408,45.336],[-10.408,30.32],[3.471,30.394],[3.451,30.591],[3.451,46.353],[8.469,51.37],[13.488,46.353],[13.488,30.591],[13.473,30.445],[24.294,30.501],[24.294,68.001],[-78.064,67.418]],"c":true},"ix":2},"nm":"Path 2","mn":"ADBE Vector Shape - Group","hd":false},{"ind":2,"ty":"sh","ix":3,"ks":{"a":0,"k":{"i":[[-14.504,0],[-0.813,-0.048],[0.258,-9.652],[-0.009,-2.263],[0,8.101]],"o":[[0.822,0],[-4.099,8.001],[-0.165,2.154],[-12.578,-1.4],[0,-9.129]],"v":[[-75.163,-13.702],[-72.711,-13.623],[-79.485,13.076],[-79.709,19.717],[-101.921,3.14]],"c":true},"ix":2},"nm":"Path 3","mn":"ADBE Vector Shape - Group","hd":false},{"ind":3,"ty":"sh","ix":4,"ks":{"a":0,"k":{"i":[[-24.833,0],[-2.533,-0.366],[27.407,0],[4.8,1.208]],"o":[[4.014,0],[-1.721,10.941],[-4.15,0],[1.427,-24.541]],"v":[[66.749,-108.367],[76.831,-107.635],[40.669,-69.573],[27.201,-71.392]],"c":true},"ix":2},"nm":"Path 4","mn":"ADBE Vector Shape - Group","hd":false},{"ind":4,"ty":"sh","ix":5,"ks":{"a":0,"k":{"i":[[1.172,15.236],[33.697,0],[8.878,-4.75],[0,0],[0.942,2.079],[-0.415,-0.21],[-0.814,0.024],[-5.724,-0.001],[0,0],[-1.088,17.959],[0.913,1.002],[1.257,0.107],[7.972,0],[0.193,-32.418],[-0.076,-0.35],[5.62,0],[0,-9.135],[-2.771,0],[0,2.771],[-3.601,0],[0,-3.601],[0,0],[9.841,0],[11.24,-14.607],[2.844,0],[0,-15.072],[0,0],[-18.922,-1.32],[-9.082,-0.059],[-19.333,0],[-5.283,2.604],[-0.492,0.231],[-0.026,-0.019],[-13.826,0.001],[-1.603,0.127],[-14.069,33.505]],"o":[[-0.902,-33.664],[-10.24,0],[0,0],[0,-2.428],[0.332,0.304],[0.759,0.387],[6.543,1.865],[0,0],[34.454,0],[0.081,-1.354],[-0.855,-0.937],[-1.803,-0.397],[-31.4,0],[-0.002,0.367],[-2.998,-4.291],[-9.135,0],[0,2.771],[2.771,0],[0,-3.601],[3.601,0],[0,0],[-8.607,-4.394],[-20.018,0],[-2.742,-0.461],[-20.632,0],[0,0],[0,13.932],[0.309,0.021],[13.542,26.675],[16.81,0],[0.543,-0.266],[0.024,0.019],[4.939,3.683],[1.453,0],[21.549,-1.712],[7.069,-16.836]],"v":[[110.785,13.077],[49.129,-46.939],[20.143,-39.689],[20.143,-56.862],[18.663,-63.668],[19.784,-62.89],[22.191,-62.347],[40.668,-59.537],[40.671,-59.537],[87.376,-111.461],[86.075,-115.146],[82.789,-116.764],[66.749,-118.402],[17.037,-67.393],[17.16,-66.319],[3.576,-73.428],[-12.99,-56.862],[-7.972,-51.844],[-2.954,-56.862],[3.576,-63.393],[10.107,-56.862],[10.107,-40.22],[-17.83,-46.939],[-66.762,-23.033],[-75.163,-23.738],[-111.957,3.14],[-111.957,50.676],[-78.764,77.429],[-63.546,77.554],[-15.93,116.197],[13.399,110.028],[14.948,109.277],[15.023,109.333],[41.011,118.401],[45.595,118.215],[101.642,62.802]],"c":true},"ix":2},"nm":"Path 5","mn":"ADBE Vector Shape - Group","hd":false},{"ty":"mm","mm":1,"nm":"Merge Paths 1","mn":"ADBE Vector Filter - Merge","hd":false},{"ty":"fl","c":{"a":0,"k":[0,0,0,1],"ix":4},"o":{"a":0,"k":100,"ix":5},"r":1,"nm":"Fill 1","mn":"ADBE Vector Graphic - Fill","hd":false},{"ty":"tr","p":{"a":0,"k":[150.468,150.001],"ix":2},"a":{"a":0,"k":[0,0],"ix":1},"s":{"a":0,"k":[100,100],"ix":3},"r":{"a":0,"k":0,"ix":6},"o":{"a":0,"k":100,"ix":7},"sk":{"a":0,"k":0,"ix":4},"sa":{"a":0,"k":0,"ix":5},"nm":"Transform"}],"nm":"Group 1","np":7,"cix":2,"ix":1,"mn":"ADBE Vector Group","hd":false}],"ip":0,"op":18,"st":0,"bm":0}],"markers":[]}