{"v":"5.4.1","fr":24,"ip":0,"op":88,"w":800,"h":600,"nm":"Dumble","ddd":0,"assets":[],"layers":[{"ddd":0,"ind":1,"ty":4,"nm":"Layer 5  ","parent":5,"sr":1,"ks":{"o":{"a":1,"k":[{"i":{"x":[0],"y":[1]},"o":{"x":[0.333],"y":[0]},"n":["0_1_0p333_0"],"t":0,"s":[0],"e":[100]},{"i":{"x":[0.703],"y":[33.368]},"o":{"x":[0.158],"y":[0]},"n":["0p703_33p368_0p158_0"],"t":16.816,"s":[100],"e":[100]},{"i":{"x":[0.774],"y":[1]},"o":{"x":[0.426],"y":[0.051]},"n":["0p774_1_0p426_0p051"],"t":80.08,"s":[100],"e":[0]},{"t":87}],"ix":11},"r":{"a":0,"k":0,"ix":10},"p":{"a":1,"k":[{"i":{"x":0,"y":1},"o":{"x":0.333,"y":0},"n":"0_1_0p333_0","t":0,"s":[276.494,13.5,0],"e":[163.499,13.5,0],"to":[0,0,0],"ti":[0,0,0]},{"t":16.81640625}],"ix":2},"a":{"a":0,"k":[22.5,61.5,0],"ix":1},"s":{"a":0,"k":[100,100,100],"ix":6}},"ao":0,"shapes":[{"ty":"gr","it":[{"ind":0,"ty":"sh","ix":1,"ks":{"a":0,"k":{"i":[[2.543,0],[-2.543,0]],"o":[[-2.539,0],[2.539,0]],"v":[[0,-1.973],[0,1.973]],"c":true},"ix":2},"nm":"Path 1","mn":"ADBE Vector Shape - Group","hd":false},{"ty":"fl","c":{"a":0,"k":[0.2,0.2,0.2,1],"ix":4},"o":{"a":0,"k":100,"ix":5},"r":1,"nm":"Fill 1","mn":"ADBE Vector Graphic - Fill","hd":false},{"ty":"tr","p":{"a":0,"k":[17.966,14.113],"ix":2},"a":{"a":0,"k":[0,0],"ix":1},"s":{"a":0,"k":[100,100],"ix":3},"r":{"a":0,"k":0,"ix":6},"o":{"a":0,"k":100,"ix":7},"sk":{"a":0,"k":0,"ix":4},"sa":{"a":0,"k":0,"ix":5},"nm":"Transform"}],"nm":"Group 1","np":2,"cix":2,"ix":1,"mn":"ADBE Vector Group","hd":false},{"ty":"gr","it":[{"ind":0,"ty":"sh","ix":1,"ks":{"a":0,"k":{"i":[[0.966,-2.312],[-0.576,-4.717],[0.308,2.519],[-1.748,4.181]],"o":[[-1.881,4.5],[0.304,2.489],[-0.537,-4.387],[0.978,-2.34]],"v":[[-1.451,-7.554],[-2.168,7.347],[1.778,7.347],[2.354,-6.505]],"c":true},"ix":2},"nm":"Path 1","mn":"ADBE Vector Shape - Group","hd":false},{"ty":"fl","c":{"a":0,"k":[0.2,0.2,0.2,1],"ix":4},"o":{"a":0,"k":100,"ix":5},"r":1,"nm":"Fill 1","mn":"ADBE Vector Graphic - Fill","hd":false},{"ty":"tr","p":{"a":0,"k":[13.969,25.538],"ix":2},"a":{"a":0,"k":[0,0],"ix":1},"s":{"a":0,"k":[100,100],"ix":3},"r":{"a":0,"k":0,"ix":6},"o":{"a":0,"k":100,"ix":7},"sk":{"a":0,"k":0,"ix":4},"sa":{"a":0,"k":0,"ix":5},"nm":"Transform"}],"nm":"Group 2","np":2,"cix":2,"ix":2,"mn":"ADBE Vector Group","hd":false},{"ty":"gr","it":[{"ind":0,"ty":"sh","ix":1,"ks":{"a":0,"k":{"i":[[-5.338,0],[0,0],[0,9.665],[0,0],[7.364,0],[0,0],[0,-4.878],[0,0]],"o":[[0,0],[9.666,0],[0,0],[0,-7.363],[0,0],[-4.879,0],[0,0],[0,5.339]],"v":[[-5.333,54],[-2.5,54],[15,36.5],[15,-40.667],[1.667,-54],[-6.166,-54],[-15,-45.167],[-15,44.333]],"c":true},"ix":2},"nm":"Path 1","mn":"ADBE Vector Shape - Group","hd":false},{"ty":"st","c":{"a":0,"k":[0.2,0.2,0.2,1],"ix":3},"o":{"a":0,"k":100,"ix":4},"w":{"a":0,"k":3,"ix":5},"lc":1,"lj":1,"ml":10,"ml2":{"a":0,"k":10,"ix":8},"nm":"Stroke 1","mn":"ADBE Vector Graphic - Stroke","hd":false},{"ty":"fl","c":{"a":0,"k":[1,1,1,1],"ix":4},"o":{"a":0,"k":100,"ix":5},"r":1,"nm":"Fill 1","mn":"ADBE Vector Graphic - Fill","hd":false},{"ty":"tr","p":{"a":0,"k":[22.5,61.5],"ix":2},"a":{"a":0,"k":[0,0],"ix":1},"s":{"a":0,"k":[100,100],"ix":3},"r":{"a":0,"k":0,"ix":6},"o":{"a":0,"k":100,"ix":7},"sk":{"a":0,"k":0,"ix":4},"sa":{"a":0,"k":0,"ix":5},"nm":"Transform"}],"nm":"Group 3","np":3,"cix":2,"ix":3,"mn":"ADBE Vector Group","hd":false}],"ip":0,"op":360.36036036036,"st":0,"bm":0},{"ddd":0,"ind":2,"ty":4,"nm":"Layer 4","parent":5,"sr":1,"ks":{"o":{"a":1,"k":[{"i":{"x":[0],"y":[1]},"o":{"x":[0.333],"y":[0]},"n":["0_1_0p333_0"],"t":8.809,"s":[0],"e":[100]},{"i":{"x":[0.689],"y":[37.795]},"o":{"x":[0.157],"y":[0]},"n":["0p689_37p795_0p157_0"],"t":25.626,"s":[100],"e":[100]},{"i":{"x":[0.783],"y":[1]},"o":{"x":[0.431],"y":[0.065]},"n":["0p783_1_0p431_0p065"],"t":80.08,"s":[100],"e":[0]},{"t":87}],"ix":11},"r":{"a":0,"k":0,"ix":10},"p":{"a":1,"k":[{"i":{"x":0,"y":1},"o":{"x":0.333,"y":0},"n":"0_1_0p333_0","t":8.809,"s":[305.494,13.5,0],"e":[192.5,13.5,0],"to":[0,0,0],"ti":[0,0,0]},{"t":25.6259765625}],"ix":2},"a":{"a":0,"k":[21.083,43.5,0],"ix":1},"s":{"a":0,"k":[100,100,100],"ix":6}},"ao":0,"shapes":[{"ty":"gr","it":[{"ind":0,"ty":"sh","ix":1,"ks":{"a":0,"k":{"i":[[-5.339,0],[0,0],[0,9.665],[0,0],[7.364,0],[0,0],[0,-4.878],[0,0]],"o":[[0,0],[9.665,0],[0,0],[0,-7.363],[0,0],[-4.879,0],[0,0],[0,5.339]],"v":[[-3.917,36],[-3.917,36],[13.583,18.5],[13.583,-22.667],[0.25,-36],[-4.75,-36],[-13.583,-27.167],[-13.583,26.333]],"c":true},"ix":2},"nm":"Path 1","mn":"ADBE Vector Shape - Group","hd":false},{"ty":"st","c":{"a":0,"k":[0.2,0.2,0.2,1],"ix":3},"o":{"a":0,"k":100,"ix":4},"w":{"a":0,"k":3,"ix":5},"lc":1,"lj":1,"ml":10,"ml2":{"a":0,"k":10,"ix":8},"nm":"Stroke 1","mn":"ADBE Vector Graphic - Stroke","hd":false},{"ty":"fl","c":{"a":0,"k":[1,1,1,1],"ix":4},"o":{"a":0,"k":100,"ix":5},"r":1,"nm":"Fill 1","mn":"ADBE Vector Graphic - Fill","hd":false},{"ty":"tr","p":{"a":0,"k":[21.083,43.5],"ix":2},"a":{"a":0,"k":[0,0],"ix":1},"s":{"a":0,"k":[100,100],"ix":3},"r":{"a":0,"k":0,"ix":6},"o":{"a":0,"k":100,"ix":7},"sk":{"a":0,"k":0,"ix":4},"sa":{"a":0,"k":0,"ix":5},"nm":"Transform"}],"nm":"Group 1","np":3,"cix":2,"ix":1,"mn":"ADBE Vector Group","hd":false}],"ip":0,"op":360.36036036036,"st":0,"bm":0},{"ddd":0,"ind":3,"ty":4,"nm":"Layer 3 ","parent":5,"sr":1,"ks":{"o":{"a":1,"k":[{"i":{"x":[0],"y":[1]},"o":{"x":[0.333],"y":[0]},"n":["0_1_0p333_0"],"t":0,"s":[0],"e":[100]},{"i":{"x":[0.703],"y":[33.368]},"o":{"x":[0.158],"y":[0]},"n":["0p703_33p368_0p158_0"],"t":16.816,"s":[100],"e":[100]},{"i":{"x":[0.774],"y":[1]},"o":{"x":[0.426],"y":[0.051]},"n":["0p774_1_0p426_0p051"],"t":80.08,"s":[100],"e":[0]},{"t":87}],"ix":11},"r":{"a":0,"k":0,"ix":10},"p":{"a":1,"k":[{"i":{"x":0,"y":1},"o":{"x":0.333,"y":0},"n":"0_1_0p333_0","t":0,"s":[-21.662,13.5,0],"e":[63.083,13.5,0],"to":[0,0,0],"ti":[0,0,0]},{"t":16.81640625}],"ix":2},"a":{"a":0,"k":[22.5,61.5,0],"ix":1},"s":{"a":0,"k":[100,100,100],"ix":6}},"ao":0,"shapes":[{"ty":"gr","it":[{"ind":0,"ty":"sh","ix":1,"ks":{"a":0,"k":{"i":[[2.543,0],[-2.543,0]],"o":[[-2.539,0],[2.539,0]],"v":[[0,-1.973],[0,1.973]],"c":true},"ix":2},"nm":"Path 1","mn":"ADBE Vector Shape - Group","hd":false},{"ty":"fl","c":{"a":0,"k":[0.2,0.2,0.2,1],"ix":4},"o":{"a":0,"k":100,"ix":5},"r":1,"nm":"Fill 1","mn":"ADBE Vector Graphic - Fill","hd":false},{"ty":"tr","p":{"a":0,"k":[18.382,14.113],"ix":2},"a":{"a":0,"k":[0,0],"ix":1},"s":{"a":0,"k":[100,100],"ix":3},"r":{"a":0,"k":0,"ix":6},"o":{"a":0,"k":100,"ix":7},"sk":{"a":0,"k":0,"ix":4},"sa":{"a":0,"k":0,"ix":5},"nm":"Transform"}],"nm":"Group 1","np":2,"cix":2,"ix":1,"mn":"ADBE Vector Group","hd":false},{"ty":"gr","it":[{"ind":0,"ty":"sh","ix":1,"ks":{"a":0,"k":{"i":[[0.966,-2.312],[-0.576,-4.717],[0.308,2.519],[-1.748,4.181]],"o":[[-1.881,4.5],[0.304,2.489],[-0.537,-4.387],[0.978,-2.34]],"v":[[-1.451,-7.554],[-2.168,7.347],[1.778,7.347],[2.354,-6.505]],"c":true},"ix":2},"nm":"Path 1","mn":"ADBE Vector Shape - Group","hd":false},{"ty":"fl","c":{"a":0,"k":[0.2,0.2,0.2,1],"ix":4},"o":{"a":0,"k":100,"ix":5},"r":1,"nm":"Fill 1","mn":"ADBE Vector Graphic - Fill","hd":false},{"ty":"tr","p":{"a":0,"k":[14.385,25.538],"ix":2},"a":{"a":0,"k":[0,0],"ix":1},"s":{"a":0,"k":[100,100],"ix":3},"r":{"a":0,"k":0,"ix":6},"o":{"a":0,"k":100,"ix":7},"sk":{"a":0,"k":0,"ix":4},"sa":{"a":0,"k":0,"ix":5},"nm":"Transform"}],"nm":"Group 2","np":2,"cix":2,"ix":2,"mn":"ADBE Vector Group","hd":false},{"ty":"gr","it":[{"ind":0,"ty":"sh","ix":1,"ks":{"a":0,"k":{"i":[[5.339,0],[0,0],[0,9.665],[0,0],[-7.364,0],[0,0],[0,-4.878],[0,0]],"o":[[0,0],[-9.665,0],[0,0],[0,-7.363],[0,0],[4.879,0],[0,0],[0,5.339]],"v":[[5.333,54],[2.5,54],[-15,36.5],[-15,-40.667],[-1.667,-54],[6.166,-54],[15,-45.167],[15,44.333]],"c":true},"ix":2},"nm":"Path 1","mn":"ADBE Vector Shape - Group","hd":false},{"ty":"st","c":{"a":0,"k":[0.2,0.2,0.2,1],"ix":3},"o":{"a":0,"k":100,"ix":4},"w":{"a":0,"k":3,"ix":5},"lc":1,"lj":1,"ml":10,"ml2":{"a":0,"k":10,"ix":8},"nm":"Stroke 1","mn":"ADBE Vector Graphic - Stroke","hd":false},{"ty":"fl","c":{"a":0,"k":[1,1,1,1],"ix":4},"o":{"a":0,"k":100,"ix":5},"r":1,"nm":"Fill 1","mn":"ADBE Vector Graphic - Fill","hd":false},{"ty":"tr","p":{"a":0,"k":[22.5,61.5],"ix":2},"a":{"a":0,"k":[0,0],"ix":1},"s":{"a":0,"k":[100,100],"ix":3},"r":{"a":0,"k":0,"ix":6},"o":{"a":0,"k":100,"ix":7},"sk":{"a":0,"k":0,"ix":4},"sa":{"a":0,"k":0,"ix":5},"nm":"Transform"}],"nm":"Group 3","np":3,"cix":2,"ix":3,"mn":"ADBE Vector Group","hd":false}],"ip":0,"op":360.36036036036,"st":0,"bm":0},{"ddd":0,"ind":4,"ty":4,"nm":"Layer 6 ","parent":5,"sr":1,"ks":{"o":{"a":1,"k":[{"i":{"x":[0],"y":[1]},"o":{"x":[0.333],"y":[0]},"n":["0_1_0p333_0"],"t":8.809,"s":[0],"e":[100]},{"i":{"x":[0.689],"y":[37.795]},"o":{"x":[0.157],"y":[0]},"n":["0p689_37p795_0p157_0"],"t":25.626,"s":[100],"e":[100]},{"i":{"x":[0.783],"y":[1]},"o":{"x":[0.431],"y":[0.065]},"n":["0p783_1_0p431_0p065"],"t":80.08,"s":[100],"e":[0]},{"t":87}],"ix":11},"r":{"a":0,"k":0,"ix":10},"p":{"a":1,"k":[{"i":{"x":0,"y":1},"o":{"x":0.333,"y":0},"n":"0_1_0p333_0","t":8.809,"s":[-50.662,13.5,0],"e":[34.083,13.5,0],"to":[0,0,0],"ti":[0,0,0]},{"t":25.6259765625}],"ix":2},"a":{"a":0,"k":[21.084,43.5,0],"ix":1},"s":{"a":0,"k":[100,100,100],"ix":6}},"ao":0,"shapes":[{"ty":"gr","it":[{"ind":0,"ty":"sh","ix":1,"ks":{"a":0,"k":{"i":[[5.339,0],[0,0],[0,9.665],[0,0],[-7.363,0],[0,0],[0,-4.878],[0,0]],"o":[[0,0],[-9.665,0],[0,0],[0,-7.363],[0,0],[4.879,0],[0,0],[0,5.339]],"v":[[3.917,36],[3.917,36],[-13.583,18.5],[-13.583,-22.667],[-0.251,-36],[4.749,-36],[13.583,-27.167],[13.583,26.333]],"c":true},"ix":2},"nm":"Path 1","mn":"ADBE Vector Shape - Group","hd":false},{"ty":"st","c":{"a":0,"k":[0.2,0.2,0.2,1],"ix":3},"o":{"a":0,"k":100,"ix":4},"w":{"a":0,"k":3,"ix":5},"lc":1,"lj":1,"ml":10,"ml2":{"a":0,"k":10,"ix":8},"nm":"Stroke 1","mn":"ADBE Vector Graphic - Stroke","hd":false},{"ty":"fl","c":{"a":0,"k":[1,1,1,1],"ix":4},"o":{"a":0,"k":100,"ix":5},"r":1,"nm":"Fill 1","mn":"ADBE Vector Graphic - Fill","hd":false},{"ty":"tr","p":{"a":0,"k":[21.083,43.5],"ix":2},"a":{"a":0,"k":[0,0],"ix":1},"s":{"a":0,"k":[100,100],"ix":3},"r":{"a":0,"k":0,"ix":6},"o":{"a":0,"k":100,"ix":7},"sk":{"a":0,"k":0,"ix":4},"sa":{"a":0,"k":0,"ix":5},"nm":"Transform"}],"nm":"Group 1","np":3,"cix":2,"ix":1,"mn":"ADBE Vector Group","hd":false}],"ip":0,"op":360.36036036036,"st":0,"bm":0},{"ddd":0,"ind":5,"ty":4,"nm":"Layer 7","sr":1,"ks":{"o":{"a":0,"k":100,"ix":11},"r":{"a":0,"k":0,"ix":10},"p":{"a":1,"k":[{"i":{"x":0.667,"y":1},"o":{"x":0.333,"y":0},"n":"0p667_1_0p333_0","t":32.032,"s":[399.484,300.442,0],"e":[399.484,260.442,0],"to":[0,0,0],"ti":[0,0,0]},{"i":{"x":0.667,"y":0.667},"o":{"x":0.333,"y":0.333},"n":"0p667_0p667_0p333_0p333","t":36.837,"s":[399.484,260.442,0],"e":[399.484,260.442,0],"to":[0,0,0],"ti":[0,0,0]},{"i":{"x":0.667,"y":1},"o":{"x":0.333,"y":0},"n":"0p667_1_0p333_0","t":41.642,"s":[399.484,260.442,0],"e":[399.484,300.442,0],"to":[0,0,0],"ti":[0,0,0]},{"t":46.4462890625}],"ix":2},"a":{"a":0,"k":[113,14,0],"ix":1},"s":{"a":0,"k":[177,177,100],"ix":6}},"ao":0,"shapes":[{"ty":"gr","it":[{"ind":0,"ty":"sh","ix":1,"ks":{"a":0,"k":{"i":[[3.59,0],[0,0],[0,3.59],[-3.59,0],[0,0],[0,-3.59]],"o":[[0,0],[-3.59,0],[0,-3.59],[0,0],[3.59,0],[0,3.59]],"v":[[99,6.5],[-99,6.5],[-105.5,0],[-99,-6.5],[99,-6.5],[105.5,0]],"c":true},"ix":2},"nm":"Path 1","mn":"ADBE Vector Shape - Group","hd":false},{"ty":"st","c":{"a":0,"k":[0.2,0.2,0.2,1],"ix":3},"o":{"a":0,"k":100,"ix":4},"w":{"a":0,"k":3,"ix":5},"lc":1,"lj":1,"ml":10,"ml2":{"a":0,"k":10,"ix":8},"nm":"Stroke 1","mn":"ADBE Vector Graphic - Stroke","hd":false},{"ty":"tr","p":{"a":0,"k":[113,14],"ix":2},"a":{"a":0,"k":[0,0],"ix":1},"s":{"a":0,"k":[100,100],"ix":3},"r":{"a":0,"k":0,"ix":6},"o":{"a":0,"k":100,"ix":7},"sk":{"a":0,"k":0,"ix":4},"sa":{"a":0,"k":0,"ix":5},"nm":"Transform"}],"nm":"Group 1","np":2,"cix":2,"ix":1,"mn":"ADBE Vector Group","hd":false},{"ty":"fl","c":{"a":0,"k":[1,1,1,1],"ix":4},"o":{"a":0,"k":100,"ix":5},"r":1,"nm":"Fill 1","mn":"ADBE Vector Graphic - Fill","hd":false}],"ip":0,"op":360.36036036036,"st":0,"bm":0}],"markers":[]}