{"v":"5.6.6","fr":60,"ip":0,"op":170,"w":1100,"h":1100,"nm":"Bulgarian Split Squat Jump ","ddd":0,"assets":[],"layers":[{"ddd":0,"ind":1,"ty":4,"nm":"head","parent":7,"sr":1,"ks":{"o":{"a":0,"k":100,"ix":11},"r":{"a":0,"k":0,"ix":10},"p":{"a":0,"k":[386.887,314.087,0],"ix":2},"a":{"a":0,"k":[386.887,314.087,0],"ix":1},"s":{"a":0,"k":[100,100,100],"ix":6}},"ao":0,"shapes":[{"ty":"gr","it":[{"ty":"gr","it":[{"ind":0,"ty":"sh","ix":1,"ks":{"a":0,"k":{"i":[[0.32,-1.66],[3.809,-2.86],[2.069,1.93],[1.979,0.61],[-0.98,17.23],[2.341,0.92],[-2.38,-10.82]],"o":[[-1.34,6.89],[-3.821,2.86],[-1.54,-1.43],[0.751,0.247],[0.821,-14.25],[2.881,0.68],[0.29,3.1]],"v":[[11.85,0.39],[1.361,18.09],[-7.049,17.32],[-12.43,14.41],[5.21,-1.87],[-3.021,-20.95],[12.139,-7.11]],"c":true},"ix":2},"nm":"Path 1","mn":"ADBE Vector Shape - Group","hd":false},{"ty":"fl","c":{"a":0,"k":[0.20000000298,0.11400000006,0.105999998748,1],"ix":4},"o":{"a":0,"k":100,"ix":5},"r":1,"bm":0,"nm":"Fill 1","mn":"ADBE Vector Graphic - Fill","hd":false},{"ty":"tr","p":{"a":0,"k":[429.83,186.09],"ix":2},"a":{"a":0,"k":[0,0],"ix":1},"s":{"a":0,"k":[100,100],"ix":3},"r":{"a":0,"k":0,"ix":6},"o":{"a":0,"k":100,"ix":7},"sk":{"a":0,"k":0,"ix":4},"sa":{"a":0,"k":0,"ix":5},"nm":"Transform"}],"nm":"Group 1","np":2,"cix":2,"bm":0,"ix":1,"mn":"ADBE Vector Group","hd":false},{"ty":"gr","it":[{"ind":0,"ty":"sh","ix":1,"ks":{"a":0,"k":{"i":[[-0.079,0.06],[-0.489,-0.2]],"o":[[0,0],[-0.569,-0.13]],"v":[[-0.355,-0.13],[0.435,0.13]],"c":true},"ix":2},"nm":"Path 1","mn":"ADBE Vector Shape - Group","hd":false},{"ty":"fl","c":{"a":0,"k":[0.20000000298,0.11400000006,0.105999998748,1],"ix":4},"o":{"a":0,"k":100,"ix":5},"r":1,"bm":0,"nm":"Fill 1","mn":"ADBE Vector Graphic - Fill","hd":false},{"ty":"tr","p":{"a":0,"k":[426.375,165.01],"ix":2},"a":{"a":0,"k":[0,0],"ix":1},"s":{"a":0,"k":[100,100],"ix":3},"r":{"a":0,"k":0,"ix":6},"o":{"a":0,"k":100,"ix":7},"sk":{"a":0,"k":0,"ix":4},"sa":{"a":0,"k":0,"ix":5},"nm":"Transform"}],"nm":"Group 2","np":2,"cix":2,"bm":0,"ix":2,"mn":"ADBE Vector Group","hd":false},{"ty":"gr","it":[{"ind":0,"ty":"sh","ix":1,"ks":{"a":0,"k":{"i":[[0,0],[0,0],[6.776,-9.036]],"o":[[14.951,-1.368],[0,0],[-6.777,9.035]],"v":[[-12.911,8.497],[3.311,-10.8],[6.135,1.765]],"c":true},"ix":2},"nm":"Path 1","mn":"ADBE Vector Shape - Group","hd":false},{"ty":"fl","c":{"a":0,"k":[0.20000000298,0.11400000006,0.105999998748,1],"ix":4},"o":{"a":0,"k":100,"ix":5},"r":1,"bm":0,"nm":"Fill 1","mn":"ADBE Vector Graphic - Fill","hd":false},{"ty":"tr","p":{"a":0,"k":[403.357,163.823],"ix":2},"a":{"a":0,"k":[0,0],"ix":1},"s":{"a":0,"k":[100,100],"ix":3},"r":{"a":0,"k":0,"ix":6},"o":{"a":0,"k":100,"ix":7},"sk":{"a":0,"k":0,"ix":4},"sa":{"a":0,"k":0,"ix":5},"nm":"Transform"}],"nm":"Group 3","np":2,"cix":2,"bm":0,"ix":3,"mn":"ADBE Vector Group","hd":false},{"ty":"gr","it":[{"ind":0,"ty":"sh","ix":1,"ks":{"a":0,"k":{"i":[[0,0],[0,0],[14.541,-2.541]],"o":[[12,-2.4],[0,0],[-14.541,2.541]],"v":[[-5.788,6.706],[7.483,-11.365],[0,8.824]],"c":true},"ix":2},"nm":"Path 1","mn":"ADBE Vector Shape - Group","hd":false},{"ty":"fl","c":{"a":0,"k":[0.20000000298,0.11400000006,0.105999998748,1],"ix":4},"o":{"a":0,"k":100,"ix":5},"r":1,"bm":0,"nm":"Fill 1","mn":"ADBE Vector Graphic - Fill","hd":false},{"ty":"tr","p":{"a":0,"k":[413.586,184.717],"ix":2},"a":{"a":0,"k":[0,0],"ix":1},"s":{"a":0,"k":[100,100],"ix":3},"r":{"a":0,"k":0,"ix":6},"o":{"a":0,"k":100,"ix":7},"sk":{"a":0,"k":0,"ix":4},"sa":{"a":0,"k":0,"ix":5},"nm":"Transform"}],"nm":"Group 4","np":2,"cix":2,"bm":0,"ix":4,"mn":"ADBE Vector Group","hd":false},{"ty":"gr","it":[{"ind":0,"ty":"sh","ix":1,"ks":{"a":0,"k":{"i":[[0.32,-1.66],[3.809,-2.86],[2.069,1.93],[1.979,0.61],[3.46,3.45],[3.477,18.929],[-4.329,7.83],[-2.73,2.25],[-3.84,-2.39],[-7.241,-1.01],[-0.649,-7.26]],"o":[[-1.34,6.89],[-3.821,2.86],[-1.54,-1.43],[-4.991,-1.55],[-12.029,-11.959],[-0.693,-3.776],[1.71,-3.09],[5.4,-4.45],[9.53,5.93],[12.729,1.77],[0.29,3.1]],"v":[[28.935,9.43],[18.445,27.13],[10.035,26.36],[4.655,23.45],[-7.56,16.702],[-25.776,-6.78],[-25.186,-18.52],[-14.475,-25.54],[2.395,-25.02],[12.206,-16.33],[29.224,1.93]],"c":true},"ix":2},"nm":"Path 1","mn":"ADBE Vector Shape - Group","hd":false},{"ty":"fl","c":{"a":0,"k":[0.238999992609,0.144999995828,0.133000001311,1],"ix":4},"o":{"a":0,"k":100,"ix":5},"r":1,"bm":0,"nm":"Fill 1","mn":"ADBE Vector Graphic - Fill","hd":false},{"ty":"tr","p":{"a":0,"k":[412.745,177.05],"ix":2},"a":{"a":0,"k":[0,0],"ix":1},"s":{"a":0,"k":[100,100],"ix":3},"r":{"a":0,"k":0,"ix":6},"o":{"a":0,"k":100,"ix":7},"sk":{"a":0,"k":0,"ix":4},"sa":{"a":0,"k":0,"ix":5},"nm":"Transform"}],"nm":"Group 5","np":2,"cix":2,"bm":0,"ix":5,"mn":"ADBE Vector Group","hd":false},{"ty":"gr","it":[{"ind":0,"ty":"sh","ix":1,"ks":{"a":0,"k":{"i":[[-0.436,-5.1],[10.602,-0.208],[0.458,-0.012],[-0.341,0.062]],"o":[[-0.096,-0.73],[-0.657,0.013],[0.424,-0.59],[11.623,-2.12]],"v":[[6.224,13.075],[-5.106,-10.196],[-6.693,-10.29],[-4.929,-10.955]],"c":true},"ix":2},"nm":"Path 1","mn":"ADBE Vector Shape - Group","hd":false},{"ty":"fl","c":{"a":0,"k":[0.266999989748,0.172999992967,0.144999995828,1],"ix":4},"o":{"a":0,"k":100,"ix":5},"r":1,"bm":0,"nm":"Fill 1","mn":"ADBE Vector Graphic - Fill","hd":false},{"ty":"tr","p":{"a":0,"k":[336.775,217.625],"ix":2},"a":{"a":0,"k":[0,0],"ix":1},"s":{"a":0,"k":[100,100],"ix":3},"r":{"a":0,"k":0,"ix":6},"o":{"a":0,"k":100,"ix":7},"sk":{"a":0,"k":0,"ix":4},"sa":{"a":0,"k":0,"ix":5},"nm":"Transform"}],"nm":"Group 6","np":2,"cix":2,"bm":0,"ix":6,"mn":"ADBE Vector Group","hd":false},{"ty":"gr","it":[{"ind":0,"ty":"sh","ix":1,"ks":{"a":0,"k":{"i":[[0,0],[-0.419,-7.387],[3.494,-9.143],[13.553,2.647],[3.132,6.089]],"o":[[15.456,1.196],[0.533,9.38],[0.11,-3.944],[-12.55,-2.451],[-3.133,-6.091]],"v":[[-16.661,-20.178],[-2.506,0.359],[13.167,20.251],[-0.491,11.886],[-10.444,-14.16]],"c":true},"ix":2},"nm":"Path 1","mn":"ADBE Vector Shape - Group","hd":false},{"ty":"fl","c":{"a":0,"k":[0.226999998093,0.133000001311,0.118000000715,1],"ix":4},"o":{"a":0,"k":100,"ix":5},"r":1,"bm":0,"nm":"Fill 1","mn":"ADBE Vector Graphic - Fill","hd":false},{"ty":"tr","p":{"a":0,"k":[359.266,230.043],"ix":2},"a":{"a":0,"k":[0,0],"ix":1},"s":{"a":0,"k":[100,100],"ix":3},"r":{"a":0,"k":0,"ix":6},"o":{"a":0,"k":100,"ix":7},"sk":{"a":0,"k":0,"ix":4},"sa":{"a":0,"k":0,"ix":5},"nm":"Transform"}],"nm":"Group 7","np":2,"cix":2,"bm":0,"ix":7,"mn":"ADBE Vector Group","hd":false},{"ty":"gr","it":[{"ind":0,"ty":"sh","ix":1,"ks":{"a":0,"k":{"i":[[0,0],[-10.023,3.335],[4.825,-9.6]],"o":[[13.361,-3.07],[0,0],[-4.826,9.6]],"v":[[-11.974,13.068],[11.974,-13.068],[0,-2.285]],"c":true},"ix":2},"nm":"Path 1","mn":"ADBE Vector Shape - Group","hd":false},{"ty":"fl","c":{"a":0,"k":[0.226999998093,0.133000001311,0.118000000715,1],"ix":4},"o":{"a":0,"k":100,"ix":5},"r":1,"bm":0,"nm":"Fill 1","mn":"ADBE Vector Graphic - Fill","hd":false},{"ty":"tr","p":{"a":0,"k":[336.388,195.543],"ix":2},"a":{"a":0,"k":[0,0],"ix":1},"s":{"a":0,"k":[100,100],"ix":3},"r":{"a":0,"k":0,"ix":6},"o":{"a":0,"k":100,"ix":7},"sk":{"a":0,"k":0,"ix":4},"sa":{"a":0,"k":0,"ix":5},"nm":"Transform"}],"nm":"Group 8","np":2,"cix":2,"bm":0,"ix":8,"mn":"ADBE Vector Group","hd":false},{"ty":"gr","it":[{"ind":0,"ty":"sh","ix":1,"ks":{"a":0,"k":{"i":[[0,0],[-6.611,-0.365],[0,0],[8.836,0.582]],"o":[[1.271,-6.988],[0,0],[0,0],[-8.836,-0.582]],"v":[[-9.577,5.582],[0.741,-5.217],[7.353,-4.853],[0.741,-2.094]],"c":true},"ix":2},"nm":"Path 1","mn":"ADBE Vector Shape - Group","hd":false},{"ty":"fl","c":{"a":0,"k":[0.226999998093,0.133000001311,0.118000000715,1],"ix":4},"o":{"a":0,"k":100,"ix":5},"r":1,"bm":0,"nm":"Fill 1","mn":"ADBE Vector Graphic - Fill","hd":false},{"ty":"tr","p":{"a":0,"k":[389.627,187.715],"ix":2},"a":{"a":0,"k":[0,0],"ix":1},"s":{"a":0,"k":[100,100],"ix":3},"r":{"a":0,"k":0,"ix":6},"o":{"a":0,"k":100,"ix":7},"sk":{"a":0,"k":0,"ix":4},"sa":{"a":0,"k":0,"ix":5},"nm":"Transform"}],"nm":"Group 9","np":2,"cix":2,"bm":0,"ix":9,"mn":"ADBE Vector Group","hd":false},{"ty":"gr","it":[{"ind":0,"ty":"sh","ix":1,"ks":{"a":0,"k":{"i":[[0.95,-10.83],[0.5,-0.25],[8.347,23.349],[0,0]],"o":[[-2.29,26.27],[19.58,-20.51],[0,0],[0.71,5.59]],"v":[[8.915,-4.953],[-9.865,29.937],[0.658,-29.937],[5.46,-27.96]],"c":true},"ix":2},"nm":"Path 1","mn":"ADBE Vector Shape - Group","hd":false},{"ty":"fl","c":{"a":0,"k":[0.226999998093,0.133000001311,0.118000000715,1],"ix":4},"o":{"a":0,"k":100,"ix":5},"r":1,"bm":0,"nm":"Fill 1","mn":"ADBE Vector Graphic - Fill","hd":false},{"ty":"tr","p":{"a":0,"k":[411.375,227.713],"ix":2},"a":{"a":0,"k":[0,0],"ix":1},"s":{"a":0,"k":[100,100],"ix":3},"r":{"a":0,"k":0,"ix":6},"o":{"a":0,"k":100,"ix":7},"sk":{"a":0,"k":0,"ix":4},"sa":{"a":0,"k":0,"ix":5},"nm":"Transform"}],"nm":"Group 10","np":2,"cix":2,"bm":0,"ix":10,"mn":"ADBE Vector Group","hd":false},{"ty":"gr","it":[{"ind":0,"ty":"sh","ix":1,"ks":{"a":0,"k":{"i":[[-20.689,6.16],[5.57,-12.38],[3.78,-1.71],[2.271,0.61]],"o":[[-1.64,0.56],[-3.5,7.78],[-1.84,-0.82],[13.22,-0.16]],"v":[[17.3,-14.765],[1.3,1.625],[-11.12,14.765],[-17.3,12.605]],"c":true},"ix":2},"nm":"Path 1","mn":"ADBE Vector Shape - Group","hd":false},{"ty":"fl","c":{"a":0,"k":[0.226999998093,0.133000001311,0.118000000715,1],"ix":4},"o":{"a":0,"k":100,"ix":5},"r":1,"bm":0,"nm":"Fill 1","mn":"ADBE Vector Graphic - Fill","hd":false},{"ty":"tr","p":{"a":0,"k":[356.76,196.295],"ix":2},"a":{"a":0,"k":[0,0],"ix":1},"s":{"a":0,"k":[100,100],"ix":3},"r":{"a":0,"k":0,"ix":6},"o":{"a":0,"k":100,"ix":7},"sk":{"a":0,"k":0,"ix":4},"sa":{"a":0,"k":0,"ix":5},"nm":"Transform"}],"nm":"Group 11","np":2,"cix":2,"bm":0,"ix":11,"mn":"ADBE Vector Group","hd":false},{"ty":"gr","it":[{"ind":0,"ty":"sh","ix":1,"ks":{"a":0,"k":{"i":[[1.544,-20.143],[1.74,-0.26],[3.141,9.759],[-1.775,4.621],[6.556,0.988],[0,0],[3.38,12.15],[5.609,2.48],[2.27,0.61],[3.11,0.29],[0,0],[-24.985,15.951],[-5.417,0.188],[-4.077,-3.303],[-1.452,-0.697],[-1.205,-0.772],[-4.271,-3.933]],"o":[[-3.239,42.268],[-5.06,0.78],[0,0],[5.028,-13.091],[-12.353,-1.861],[-1.091,0.828],[-0.73,-2.61],[-1.84,-0.82],[-2.61,-0.7],[-4.55,-0.42],[0,0],[6.563,-4.19],[8.212,-0.284],[1.516,1.227],[1.835,0.881],[5.348,3.424],[7.885,7.262]],"v":[[54.816,3.345],[16.826,51.256],[2.64,32.547],[7.37,26.41],[2.727,6.181],[-7.149,26.66],[-15.714,-1.395],[-25.564,-9.715],[-31.744,-11.874],[-40.344,-13.395],[-46.422,-12.163],[-31.375,-43.382],[3.7,-51.658],[18.4,-48.732],[22.476,-44.88],[29.975,-42.668],[38.57,-33.754]],"c":true},"ix":2},"nm":"Path 1","mn":"ADBE Vector Shape - Group","hd":false},{"ty":"fl","c":{"a":0,"k":[0.266999989748,0.172999992967,0.144999995828,1],"ix":4},"o":{"a":0,"k":100,"ix":5},"r":1,"bm":0,"nm":"Fill 1","mn":"ADBE Vector Graphic - Fill","hd":false},{"ty":"tr","p":{"a":0,"k":[370.836,220.774],"ix":2},"a":{"a":0,"k":[0,0],"ix":1},"s":{"a":0,"k":[100,100],"ix":3},"r":{"a":0,"k":0,"ix":6},"o":{"a":0,"k":100,"ix":7},"sk":{"a":0,"k":0,"ix":4},"sa":{"a":0,"k":0,"ix":5},"nm":"Transform"}],"nm":"Group 12","np":2,"cix":2,"bm":0,"ix":12,"mn":"ADBE Vector Group","hd":false},{"ty":"tr","p":{"a":0,"k":[390.258,305.468],"ix":2},"a":{"a":0,"k":[382.279,210.578],"ix":1},"s":{"a":0,"k":[87,87],"ix":3},"r":{"a":0,"k":0,"ix":6},"o":{"a":0,"k":100,"ix":7},"sk":{"a":0,"k":0,"ix":4},"sa":{"a":0,"k":0,"ix":5},"nm":"Transform"}],"nm":"hair","np":12,"cix":2,"bm":0,"ix":1,"mn":"ADBE Vector Group","hd":false},{"ty":"gr","it":[{"ty":"gr","it":[{"ind":0,"ty":"sh","ix":1,"ks":{"a":0,"k":{"i":[[2.207,0.254],[-2.069,4.184],[-3.545,1.831],[4.307,-9.029]],"o":[[-2.793,-0.321],[1.192,-2.411],[4.959,-2.561],[-2.358,4.941]],"v":[[-2.637,5.836],[-1.756,-1.586],[-2.53,-9.377],[1.768,6.997]],"c":true},"ix":2},"nm":"Path 1","mn":"ADBE Vector Shape - Group","hd":false},{"ty":"fl","c":{"a":0,"k":[0.804000020027,0.56099998951,0.458999991417,1],"ix":4},"o":{"a":0,"k":100,"ix":5},"r":1,"bm":0,"nm":"Fill 1","mn":"ADBE Vector Graphic - Fill","hd":false},{"ty":"tr","p":{"a":0,"k":[373.505,240.189],"ix":2},"a":{"a":0,"k":[0,0],"ix":1},"s":{"a":0,"k":[100,100],"ix":3},"r":{"a":0,"k":0,"ix":6},"o":{"a":0,"k":100,"ix":7},"sk":{"a":0,"k":0,"ix":4},"sa":{"a":0,"k":0,"ix":5},"nm":"Transform"}],"nm":"Group 1","np":2,"cix":2,"bm":0,"ix":1,"mn":"ADBE Vector Group","hd":false},{"ty":"gr","it":[{"ind":0,"ty":"sh","ix":1,"ks":{"a":0,"k":{"i":[[-0.93,0.68],[-0.42,-1.07],[-1.08,2.28],[-5.13,1.8]],"o":[[0.351,1.09],[-10.55,3.58],[0,0],[1.16,-0.4]],"v":[[4.935,-2.545],[6.095,0.715],[-5.015,-4.295],[1.805,-0.895]],"c":true},"ix":2},"nm":"Path 1","mn":"ADBE Vector Shape - Group","hd":false},{"ty":"fl","c":{"a":0,"k":[0.804000020027,0.56099998951,0.458999991417,1],"ix":4},"o":{"a":0,"k":100,"ix":5},"r":1,"bm":0,"nm":"Fill 1","mn":"ADBE Vector Graphic - Fill","hd":false},{"ty":"tr","p":{"a":0,"k":[368.537,255.865],"ix":2},"a":{"a":0,"k":[0,0],"ix":1},"s":{"a":0,"k":[100,100],"ix":3},"r":{"a":0,"k":0,"ix":6},"o":{"a":0,"k":100,"ix":7},"sk":{"a":0,"k":0,"ix":4},"sa":{"a":0,"k":0,"ix":5},"nm":"Transform"}],"nm":"Group 2","np":2,"cix":2,"bm":0,"ix":2,"mn":"ADBE Vector Group","hd":false},{"ty":"tr","p":{"a":0,"k":[379.758,334.569],"ix":2},"a":{"a":0,"k":[370.211,244.029],"ix":1},"s":{"a":0,"k":[87,87],"ix":3},"r":{"a":0,"k":0,"ix":6},"o":{"a":0,"k":100,"ix":7},"sk":{"a":0,"k":0,"ix":4},"sa":{"a":0,"k":0,"ix":5},"nm":"Transform"}],"nm":"head_shadow","np":2,"cix":2,"bm":0,"ix":2,"mn":"ADBE Vector Group","hd":false},{"ty":"gr","it":[{"ty":"gr","it":[{"ind":0,"ty":"sh","ix":1,"ks":{"a":0,"k":{"i":[[6.28,-23.2],[10.5,-5.261],[6.925,10.729],[0.01,0],[-0.65,2.63],[-0.22,1.03],[0.769,0.6],[0.36,0.24],[-0.09,1.19],[0,0],[-1.06,0.96],[-1.58,2.99],[0.93,0.83],[1.69,0.44],[0.44,1],[-0.79,1.57],[-0.3,0.57],[-0.01,0.02],[0.82,3.9],[-3.953,11.436],[-27.117,0],[-2.29,-7.37]],"o":[[-2.63,9.71],[-5.899,2.96],[-0.01,-0.01],[-1.07,-1.64],[0.25,-1.02],[0.2,-0.95],[-0.33,-0.26],[-0.69,-0.49],[0,0],[0.12,-1.59],[-1.96,-1.11],[1.29,-2.45],[-0.57,-0.51],[-1.71,-0.45],[-0.43,-0.97],[0.29,-0.58],[0.01,-0.02],[1.17,-2.21],[-1.689,-7.95],[3.415,-9.879],[18.92,0],[1.97,11.51]],"v":[[38.905,16.879],[14.176,43.587],[-34.996,46.551],[-35.016,46.53],[-35.706,40.04],[-35.056,36.951],[-35.966,34.72],[-37.036,34.001],[-38.226,31.741],[-38.226,31.72],[-35.966,28.321],[-38.936,23.711],[-38.186,19.241],[-41.526,17.91],[-44.756,15.751],[-44.216,11.941],[-43.326,10.211],[-43.296,10.151],[-35.144,-7.672],[-35.687,-30.809],[8.294,-57.28],[37.93,-34.172]],"c":true},"ix":2},"nm":"Path 1","mn":"ADBE Vector Shape - Group","hd":false},{"ty":"fl","c":{"a":0,"k":[0.847000002861,0.60799998045,0.501999974251,1],"ix":4},"o":{"a":0,"k":100,"ix":5},"r":1,"bm":0,"nm":"Fill 1","mn":"ADBE Vector Graphic - Fill","hd":false},{"ty":"tr","p":{"a":0,"k":[359.696,240.673],"ix":2},"a":{"a":0,"k":[0,0],"ix":1},"s":{"a":0,"k":[100,100],"ix":3},"r":{"a":0,"k":0,"ix":6},"o":{"a":0,"k":100,"ix":7},"sk":{"a":0,"k":0,"ix":4},"sa":{"a":0,"k":0,"ix":5},"nm":"Transform"}],"nm":"Group 1","np":2,"cix":2,"bm":0,"ix":1,"mn":"ADBE Vector Group","hd":false},{"ty":"gr","it":[{"ind":0,"ty":"sh","ix":1,"ks":{"a":0,"k":{"i":[[-0.443,1.271],[-10.94,-6.478],[11.588,-4.069],[0,0]],"o":[[0,0],[4.848,2.872],[-5.136,1.804],[0,0]],"v":[[-8.211,-4.462],[4.211,-10.752],[-2.382,15.425],[-9.206,12.035]],"c":true},"ix":2},"nm":"Path 1","mn":"ADBE Vector Shape - Group","hd":false},{"ty":"fl","c":{"a":0,"k":[0.847000002861,0.60799998045,0.501999974251,1],"ix":4},"o":{"a":0,"k":100,"ix":5},"r":1,"bm":0,"nm":"Fill 1","mn":"ADBE Vector Graphic - Fill","hd":false},{"ty":"tr","p":{"a":0,"k":[372.728,239.539],"ix":2},"a":{"a":0,"k":[0,0],"ix":1},"s":{"a":0,"k":[100,100],"ix":3},"r":{"a":0,"k":0,"ix":6},"o":{"a":0,"k":100,"ix":7},"sk":{"a":0,"k":0,"ix":4},"sa":{"a":0,"k":0,"ix":5},"nm":"Transform"}],"nm":"Group 2","np":2,"cix":2,"bm":0,"ix":2,"mn":"ADBE Vector Group","hd":false},{"ty":"tr","p":{"a":0,"k":[369.264,329.012],"ix":2},"a":{"a":0,"k":[358.148,237.64],"ix":1},"s":{"a":0,"k":[87,87],"ix":3},"r":{"a":0,"k":0,"ix":6},"o":{"a":0,"k":100,"ix":7},"sk":{"a":0,"k":0,"ix":4},"sa":{"a":0,"k":0,"ix":5},"nm":"Transform"}],"nm":"head_skin","np":2,"cix":2,"bm":0,"ix":3,"mn":"ADBE Vector Group","hd":false}],"ip":0,"op":170,"st":0,"bm":0},{"ddd":0,"ind":2,"ty":4,"nm":"arm","parent":6,"sr":1,"ks":{"o":{"a":0,"k":100,"ix":11},"r":{"a":0,"k":0,"ix":10},"p":{"a":0,"k":[367.988,477.684,0],"ix":2},"a":{"a":0,"k":[356.681,408.528,0],"ix":1},"s":{"a":0,"k":[87,87,100],"ix":6}},"ao":0,"shapes":[{"ty":"gr","it":[{"ind":0,"ty":"sh","ix":1,"ks":{"a":0,"k":{"i":[[10.308,-2.938],[3.296,14.311],[-6.18,6.662],[-4.863,1.499],[0,0],[-0.199,0.057],[-3.296,-14.311],[0.385,-3.061],[0.199,-0.861]],"o":[[-14.345,4.09],[-2.118,-9.195],[3.3,-3.554],[0,0],[0.196,-0.071],[14.345,-4.09],[0.72,3.128],[-0.109,0.878],[-2.184,9.873]],"v":[[6.604,25.905],[-25.342,7.408],[-18.331,-17.89],[-5.95,-25.713],[-5.91,-25.724],[-5.329,-25.905],[26.605,-7.405],[27.075,1.952],[26.629,4.564]],"c":true},"ix":2},"nm":"Path 1","mn":"ADBE Vector Shape - Group","hd":false},{"ty":"fl","c":{"a":0,"k":[0.651000019148,0.211999990426,0.305999995213,1],"ix":4},"o":{"a":0,"k":100,"ix":5},"r":1,"bm":0,"nm":"Fill 1","mn":"ADBE Vector Graphic - Fill","hd":false},{"ty":"tr","p":{"a":0,"k":[387.542,349.008],"ix":2},"a":{"a":0,"k":[0,0],"ix":1},"s":{"a":0,"k":[100,100],"ix":3},"r":{"a":0,"k":0,"ix":6},"o":{"a":0,"k":100,"ix":7},"sk":{"a":0,"k":0,"ix":4},"sa":{"a":0,"k":0,"ix":5},"nm":"Transform"}],"nm":"Group 1","np":2,"cix":2,"bm":0,"ix":1,"mn":"ADBE Vector Group","hd":false},{"ty":"gr","it":[{"ind":0,"ty":"sh","ix":1,"ks":{"a":0,"k":{"i":[[-4.955,14.971],[-6.604,12.093],[-5.713,5.156],[-3.543,9.572],[-16.706,0.631],[-4.239,-16.698],[15.869,-15.55],[25.975,-24.133]],"o":[[2.914,-8.803],[11.742,-21.504],[2.99,-6.657],[4.883,-13.194],[7.853,-0.297],[3.309,13.037],[-13.24,41.669],[-14.823,13.771]],"v":[[-56.825,61.458],[-39.513,16.265],[-7.666,-32.298],[-0.461,-58.832],[32.906,-90.41],[58.471,-70.392],[36.086,-22.667],[-30.561,76.936]],"c":true},"ix":2},"nm":"Path 1","mn":"ADBE Vector Shape - Group","hd":false},{"ty":"fl","c":{"a":0,"k":[0.651000019148,0.211999990426,0.305999995213,1],"ix":4},"o":{"a":0,"k":100,"ix":5},"r":1,"bm":0,"nm":"Fill 1","mn":"ADBE Vector Graphic - Fill","hd":false},{"ty":"tr","p":{"a":0,"k":[355.989,412.49],"ix":2},"a":{"a":0,"k":[0,0],"ix":1},"s":{"a":0,"k":[100,100],"ix":3},"r":{"a":0,"k":0,"ix":6},"o":{"a":0,"k":100,"ix":7},"sk":{"a":0,"k":0,"ix":4},"sa":{"a":0,"k":0,"ix":5},"nm":"Transform"}],"nm":"Group 2","np":2,"cix":2,"bm":0,"ix":2,"mn":"ADBE Vector Group","hd":false}],"ip":0,"op":170,"st":0,"bm":0},{"ddd":0,"ind":3,"ty":4,"nm":"forearm","parent":2,"sr":1,"ks":{"o":{"a":0,"k":100,"ix":11},"r":{"a":0,"k":0,"ix":10},"p":{"a":0,"k":[297.515,419.288,0],"ix":2},"a":{"a":0,"k":[297.515,419.288,0],"ix":1},"s":{"a":0,"k":[100,100,100],"ix":6}},"ao":0,"shapes":[{"ty":"gr","it":[{"ind":0,"ty":"sh","ix":1,"ks":{"a":0,"k":{"i":[[2.773,5.139],[0.025,0.067],[-6.978,3.767],[-3.805,-7.049],[-0.168,-0.375],[5.338,-3.984],[0.643,-0.347],[1.997,-0.135],[0.029,-0.002]],"o":[[-0.034,-0.062],[-3.674,-7.017],[7.049,-3.805],[0.199,0.37],[2.686,6.176],[-0.563,0.43],[-1.874,1.011],[-0.031,0.005],[-5.555,0.382]],"v":[[-12.495,7.747],[-12.582,7.566],[-6.623,-11.9],[13.025,-6.028],[13.569,-4.913],[8.959,12.462],[7.151,13.62],[1.276,15.325],[1.196,15.323]],"c":true},"ix":2},"nm":"Path 1","mn":"ADBE Vector Shape - Group","hd":false},{"ty":"fl","c":{"a":0,"k":[0.651000019148,0.211999990426,0.305999995213,1],"ix":4},"o":{"a":0,"k":100,"ix":5},"r":1,"bm":0,"nm":"Fill 1","mn":"ADBE Vector Graphic - Fill","hd":false},{"ty":"tr","p":{"a":0,"k":[313.64,479.441],"ix":2},"a":{"a":0,"k":[0,0],"ix":1},"s":{"a":0,"k":[100,100],"ix":3},"r":{"a":0,"k":0,"ix":6},"o":{"a":0,"k":100,"ix":7},"sk":{"a":0,"k":0,"ix":4},"sa":{"a":0,"k":0,"ix":5},"nm":"Transform"}],"nm":"Group 1","np":2,"cix":2,"bm":0,"ix":1,"mn":"ADBE Vector Group","hd":false},{"ty":"gr","it":[{"ind":0,"ty":"sh","ix":1,"ks":{"a":0,"k":{"i":[[2.2,2.632],[6.574,23.637],[-0.448,-1.167],[-3.34,-40.318],[-0.166,-1.723],[3.645,-4.047],[0.226,-0.213],[0.643,-0.346],[0.027,0.009],[1.404,0.56]],"o":[[-27.029,-32.335],[5.73,-6.479],[5.156,24.797],[0.312,3.77],[0.709,7.278],[-0.221,0.244],[-0.563,0.429],[-1.874,1.012],[-3.075,-0.033],[-3.105,-1.562]],"v":[[3.333,68.368],[-31.104,-69.654],[-12.208,-74.021],[29.298,51.439],[30.395,57.473],[26.297,72.049],[24.874,73.264],[23.066,74.421],[17.111,76.124],[9.643,74.891]],"c":true},"ix":2},"nm":"Path 1","mn":"ADBE Vector Shape - Group","hd":false},{"ty":"fl","c":{"a":0,"k":[0.651000019148,0.211999990426,0.305999995213,1],"ix":4},"o":{"a":0,"k":100,"ix":5},"r":1,"bm":0,"nm":"Fill 1","mn":"ADBE Vector Graphic - Fill","hd":false},{"ty":"tr","p":{"a":0,"k":[297.726,418.639],"ix":2},"a":{"a":0,"k":[0,0],"ix":1},"s":{"a":0,"k":[100,100],"ix":3},"r":{"a":0,"k":0,"ix":6},"o":{"a":0,"k":100,"ix":7},"sk":{"a":0,"k":0,"ix":4},"sa":{"a":0,"k":0,"ix":5},"nm":"Transform"}],"nm":"Group 2","np":2,"cix":2,"bm":0,"ix":2,"mn":"ADBE Vector Group","hd":false}],"ip":0,"op":170,"st":0,"bm":0},{"ddd":0,"ind":4,"ty":4,"nm":"hand","parent":3,"sr":1,"ks":{"o":{"a":0,"k":100,"ix":11},"r":{"a":0,"k":0,"ix":10},"p":{"a":0,"k":[268.651,323.147,0],"ix":2},"a":{"a":0,"k":[291.401,403.403,0],"ix":1},"s":{"a":0,"k":[114.943,114.943,100],"ix":6}},"ao":0,"shapes":[{"ty":"gr","it":[{"ty":"gr","it":[{"ind":0,"ty":"sh","ix":1,"ks":{"a":0,"k":{"i":[[-0.559,-1.029],[-0.371,-0.898],[-0.25,-0.835],[-0.253,-0.606],[0.308,-0.523],[0.26,-0.182],[1.062,0.606],[0.978,2.79],[1.035,2.515],[0.094,0.121],[0.358,0.391],[-0.857,0.469],[-0.205,0.031],[-0.603,-0.093],[-0.573,-0.419],[-1.053,-1.684]],"o":[[0.478,0.88],[0.338,0.817],[0.185,0.618],[0.254,0.605],[-0.154,0.261],[-0.949,0.665],[-1.945,-1.11],[-0.629,-2.58],[-0.061,-0.021],[-0.322,-0.415],[-0.599,-0.654],[0.175,-0.096],[0.589,-0.086],[0.707,0.108],[1.773,1.294],[0.631,1.011]],"v":[[3.517,-0.354],[4.958,2.368],[5.436,4.861],[6.247,6.666],[6.321,8.475],[5.657,9.121],[3.073,8.965],[-1.583,2.322],[-4.263,-5.267],[-4.808,-6.249],[-5.897,-7.436],[-5.772,-9.524],[-5.188,-9.699],[-3.381,-9.629],[-1.369,-8.941],[1.733,-3.414]],"c":true},"ix":2},"nm":"Path 1","mn":"ADBE Vector Shape - Group","hd":false},{"ty":"fl","c":{"a":0,"k":[0.787999987602,0.549000024796,0.458999991417,1],"ix":4},"o":{"a":0,"k":100,"ix":5},"r":1,"bm":0,"nm":"Fill 1","mn":"ADBE Vector Graphic - Fill","hd":false},{"ty":"tr","p":{"a":0,"k":[258.265,302.222],"ix":2},"a":{"a":0,"k":[0,0],"ix":1},"s":{"a":0,"k":[100,100],"ix":3},"r":{"a":0,"k":0,"ix":6},"o":{"a":0,"k":100,"ix":7},"sk":{"a":0,"k":0,"ix":4},"sa":{"a":0,"k":0,"ix":5},"nm":"Transform"}],"nm":"Group 1","np":2,"cix":2,"bm":0,"ix":1,"mn":"ADBE Vector Group","hd":false},{"ty":"gr","it":[{"ind":0,"ty":"sh","ix":1,"ks":{"a":0,"k":{"i":[[-0.023,-0.836],[0.024,-0.866],[-0.339,-1.044],[0.031,-0.313],[0.528,-0.099],[0.516,0.205],[0.581,0.999],[0.178,1.066],[0.152,0.913],[0.517,0.614],[0.461,0.775],[1.63,1.706],[-0.051,0.178],[-0.183,0.048],[-1.308,-0.551],[-1.17,-1.338],[-1.387,-1.586]],"o":[[0.026,0.955],[-0.028,1.064],[0.101,0.31],[-0.049,0.493],[-0.529,0.098],[-1.133,-0.45],[-0.567,-0.973],[-0.152,-0.913],[-0.119,-0.715],[-0.559,-0.665],[-1.175,-1.977],[-0.141,-0.147],[0.049,-0.167],[1.318,-0.346],[1.802,0.757],[1.386,1.585],[0.575,0.657]],"v":[[6.507,1.71],[6.333,4.527],[6.618,7.72],[6.822,8.658],[5.775,9.621],[4.161,9.384],[1.471,7.111],[0.54,3.979],[0.084,1.24],[-0.676,-0.988],[-2.332,-2.848],[-6.559,-8.399],[-6.802,-8.907],[-6.366,-9.193],[-2.259,-9.168],[1.57,-5.343],[5.73,-0.587]],"c":true},"ix":2},"nm":"Path 1","mn":"ADBE Vector Shape - Group","hd":false},{"ty":"fl","c":{"a":0,"k":[0.787999987602,0.549000024796,0.458999991417,1],"ix":4},"o":{"a":0,"k":100,"ix":5},"r":1,"bm":0,"nm":"Fill 1","mn":"ADBE Vector Graphic - Fill","hd":false},{"ty":"tr","p":{"a":0,"k":[268.058,300.672],"ix":2},"a":{"a":0,"k":[0,0],"ix":1},"s":{"a":0,"k":[100,100],"ix":3},"r":{"a":0,"k":0,"ix":6},"o":{"a":0,"k":100,"ix":7},"sk":{"a":0,"k":0,"ix":4},"sa":{"a":0,"k":0,"ix":5},"nm":"Transform"}],"nm":"Group 2","np":2,"cix":2,"bm":0,"ix":2,"mn":"ADBE Vector Group","hd":false},{"ty":"gr","it":[{"ind":0,"ty":"sh","ix":1,"ks":{"a":0,"k":{"i":[[-0.01,-1.607],[-0.093,-0.549],[-0.071,-0.421],[0.016,-0.16],[0.059,-0.138],[0.14,-0.112],[0.628,0.358],[0.328,0.883],[0.026,0.912],[0.552,1.151],[0.558,1.372],[0.946,1.049],[-0.776,-0.186],[-1.159,-2.113],[-0.403,-1.232]],"o":[[0.004,0.532],[0.071,0.42],[0.027,0.161],[-0.015,0.151],[-0.069,0.16],[-0.59,0.477],[-0.878,-0.502],[-0.328,-0.883],[-0.036,-1.226],[-0.659,-1.375],[-0.518,-1.275],[-1.368,-1.519],[2.6,0.623],[0.638,1.163],[0.534,1.633]],"v":[[5.51,4.579],[5.428,6.099],[5.641,7.36],[5.68,7.845],[5.553,8.276],[5.264,8.707],[2.294,8.266],[0.482,6.037],[0.049,3.315],[-0.341,-0.071],[-1.922,-4.234],[-4.402,-7.665],[-1.826,-8.672],[3.711,-3.886],[5.237,-0.27]],"c":true},"ix":2},"nm":"Path 1","mn":"ADBE Vector Shape - Group","hd":false},{"ty":"fl","c":{"a":0,"k":[0.787999987602,0.549000024796,0.458999991417,1],"ix":4},"o":{"a":0,"k":100,"ix":5},"r":1,"bm":0,"nm":"Fill 1","mn":"ADBE Vector Graphic - Fill","hd":false},{"ty":"tr","p":{"a":0,"k":[278.841,302.947],"ix":2},"a":{"a":0,"k":[0,0],"ix":1},"s":{"a":0,"k":[100,100],"ix":3},"r":{"a":0,"k":0,"ix":6},"o":{"a":0,"k":100,"ix":7},"sk":{"a":0,"k":0,"ix":4},"sa":{"a":0,"k":0,"ix":5},"nm":"Transform"}],"nm":"Group 3","np":2,"cix":2,"bm":0,"ix":3,"mn":"ADBE Vector Group","hd":false},{"ty":"tr","p":{"a":0,"k":[291.013,384.565],"ix":2},"a":{"a":0,"k":[268.205,301.495],"ix":1},"s":{"a":0,"k":[87,87],"ix":3},"r":{"a":0,"k":0,"ix":6},"o":{"a":0,"k":100,"ix":7},"sk":{"a":0,"k":0,"ix":4},"sa":{"a":0,"k":0,"ix":5},"nm":"Transform"}],"nm":"hand_shadow","np":3,"cix":2,"bm":0,"ix":1,"mn":"ADBE Vector Group","hd":false},{"ty":"gr","it":[{"ty":"gr","it":[{"ind":0,"ty":"sh","ix":1,"ks":{"a":0,"k":{"i":[[1.024,-0.304],[0.198,-0.063],[0.279,-0.262],[0.186,-0.269],[0.613,-0.27],[0.944,-1.127],[0.316,-0.772],[-0.265,-0.791],[-0.213,-0.35],[-1.157,-6.777],[-8.107,-4.009],[-5.594,-1.743],[-0.624,-0.002],[-0.621,0.244],[0.36,4.328],[-1.266,3.827],[0.198,3.571],[0,0],[1.362,4.976],[0.117,-2.166],[-0.194,-2.081],[0.645,-1.656],[0.107,0.116],[0.113,0.445],[0.368,1.292],[0.46,1.201],[0.411,0.931],[0.345,0.63],[2.017,0.485],[0.626,-0.239],[0.448,-0.181],[0.45,-0.02],[0.839,0.333],[1.002,0.326]],"o":[[-0.202,0.06],[-0.364,0.117],[-0.237,0.225],[-0.379,0.552],[-1.216,0.535],[-0.536,0.639],[-0.315,0.772],[0.13,0.389],[3.755,6.177],[0.705,4.128],[3.515,1.739],[0.595,0.185],[0.667,0.002],[4.025,-1.579],[-0.316,-3.78],[1.183,-3.583],[0.315,-4.724],[0,0],[-1.039,-3.801],[-0.113,2.084],[0.161,1.716],[-0.026,0.067],[-0.305,-0.335],[-0.331,-1.303],[-0.357,-1.25],[-0.352,-0.918],[-0.29,-0.657],[-1.038,-1.892],[-0.651,-0.157],[-0.564,0.213],[-0.435,0.176],[-0.879,0.041],[-0.972,-0.385],[-1,-0.326]],"v":[[-12.468,-31.655],[-13.068,-31.468],[-14.089,-30.964],[-14.656,-30.167],[-16.212,-28.936],[-19.158,-27.767],[-20.515,-25.678],[-20.677,-23.235],[-20.12,-22.142],[-12.527,-1.598],[-3.365,20.606],[4,31.919],[7.552,32.173],[9.495,31.745],[15.922,21.826],[15.758,11.345],[20.628,0.958],[19.842,-13.465],[16.013,-27.727],[11.152,-25.892],[11.193,-19.632],[11.853,-13.72],[10.813,-14.105],[10.336,-15.95],[9.302,-19.845],[8.124,-23.689],[6.421,-26.058],[5.583,-28.043],[0.572,-31.436],[-1.406,-31.509],[-2.552,-30.396],[-3.98,-30.473],[-6.66,-30.323],[-9.374,-31.849]],"c":true},"ix":2},"nm":"Path 1","mn":"ADBE Vector Shape - Group","hd":false},{"ty":"fl","c":{"a":0,"k":[0.847000002861,0.60799998045,0.501999974251,1],"ix":4},"o":{"a":0,"k":100,"ix":5},"r":1,"bm":0,"nm":"Fill 1","mn":"ADBE Vector Graphic - Fill","hd":false},{"ty":"tr","p":{"a":0,"k":[268.722,323.066],"ix":2},"a":{"a":0,"k":[0,0],"ix":1},"s":{"a":0,"k":[100,100],"ix":3},"r":{"a":0,"k":0,"ix":6},"o":{"a":0,"k":100,"ix":7},"sk":{"a":0,"k":0,"ix":4},"sa":{"a":0,"k":0,"ix":5},"nm":"Transform"}],"nm":"Group 1","np":2,"cix":2,"bm":0,"ix":1,"mn":"ADBE Vector Group","hd":false},{"ty":"tr","p":{"a":0,"k":[291.401,403.402],"ix":2},"a":{"a":0,"k":[268.651,323.147],"ix":1},"s":{"a":0,"k":[87,87],"ix":3},"r":{"a":0,"k":0,"ix":6},"o":{"a":0,"k":100,"ix":7},"sk":{"a":0,"k":0,"ix":4},"sa":{"a":0,"k":0,"ix":5},"nm":"Transform"}],"nm":"hand","np":1,"cix":2,"bm":0,"ix":2,"mn":"ADBE Vector Group","hd":false}],"ip":0,"op":170,"st":0,"bm":0},{"ddd":0,"ind":5,"ty":4,"nm":"hips","sr":1,"ks":{"o":{"a":0,"k":100,"ix":11},"r":{"a":1,"k":[{"i":{"x":[0.667],"y":[1.232]},"o":{"x":[0.333],"y":[0]},"t":18,"s":[7]},{"i":{"x":[0.667],"y":[1]},"o":{"x":[0.333],"y":[0.918]},"t":50,"s":[0.892]},{"i":{"x":[0.667],"y":[1]},"o":{"x":[0.333],"y":[0]},"t":73,"s":[2]},{"i":{"x":[0.667],"y":[0.798]},"o":{"x":[0.333],"y":[0]},"t":77,"s":[2]},{"i":{"x":[0.667],"y":[1]},"o":{"x":[0.333],"y":[-0.157]},"t":96,"s":[0.362]},{"t":156,"s":[7]}],"ix":10},"p":{"a":1,"k":[{"i":{"x":0.553,"y":0.62},"o":{"x":0.12,"y":0},"t":18,"s":[557.587,758.352,0],"to":[9.863,-24.269,0],"ti":[-19.006,58.192,0]},{"i":{"x":0.711,"y":1},"o":{"x":0.353,"y":0.648},"t":50,"s":[647.535,599.189,0],"to":[7.865,-24.08,0],"ti":[5.28,13.231,0]},{"i":{"x":0.667,"y":0.667},"o":{"x":0,"y":0},"t":73,"s":[646.587,539.352,0],"to":[0,0,0],"ti":[0,0,0]},{"i":{"x":0.667,"y":0.744},"o":{"x":0.333,"y":0},"t":77,"s":[646.587,539.352,0],"to":[8.358,36.54,0],"ti":[2.612,-6.427,0]},{"i":{"x":0.667,"y":1},"o":{"x":0.333,"y":0.27},"t":96,"s":[647.397,599.701,0],"to":[-20.983,51.632,0],"ti":[13.191,-32.46,0]},{"t":156,"s":[557.587,758.352,0]}],"ix":2},"a":{"a":0,"k":[376.71,559.871,0],"ix":1},"s":{"a":0,"k":[-87,87,100],"ix":6}},"ao":0,"shapes":[{"ty":"gr","it":[{"ind":0,"ty":"sh","ix":1,"ks":{"a":0,"k":{"i":[[0,-30.152],[39.029,0],[0,25.372],[-0.809,11.61],[-32.644,15.284]],"o":[[0,42.54],[-32.68,0],[0,-16.991],[33.81,0],[4.036,29.675]],"v":[[55.711,2.718],[-5.985,72.106],[-55.711,24.671],[-46.376,-64.51],[29.594,-72.105]],"c":true},"ix":2},"nm":"Path 1","mn":"ADBE Vector Shape - Group","hd":false},{"ty":"fl","c":{"a":0,"k":[0.118000000598,0.118000000598,0.118000000598,1],"ix":4},"o":{"a":0,"k":100,"ix":5},"r":1,"bm":0,"nm":"Fill 1","mn":"ADBE Vector Graphic - Fill","hd":false},{"ty":"tr","p":{"a":0,"k":[376.71,559.871],"ix":2},"a":{"a":0,"k":[0,0],"ix":1},"s":{"a":0,"k":[100,100],"ix":3},"r":{"a":0,"k":0,"ix":6},"o":{"a":0,"k":100,"ix":7},"sk":{"a":0,"k":0,"ix":4},"sa":{"a":0,"k":0,"ix":5},"nm":"Transform"}],"nm":"Group 1","np":2,"cix":2,"bm":0,"ix":1,"mn":"ADBE Vector Group","hd":false}],"ip":0,"op":170,"st":0,"bm":0},{"ddd":0,"ind":6,"ty":4,"nm":"body","parent":5,"sr":1,"ks":{"o":{"a":0,"k":100,"ix":11},"r":{"a":0,"k":0,"ix":10},"p":{"a":0,"k":[368.249,404.559,0],"ix":2},"a":{"a":0,"k":[378.052,474.23,0],"ix":1},"s":{"a":0,"k":[114.943,114.943,100],"ix":6}},"ao":0,"shapes":[{"ty":"gr","it":[{"ty":"gr","it":[{"ind":0,"ty":"sh","ix":1,"ks":{"a":0,"k":{"i":[[14.2,0.17],[-0.009,-0.07],[-0.25,-2.87],[-0.01,-0.15],[-0.01,-0.03],[-0.01,-0.14],[-0.011,-0.13],[-3.979,-0.06],[-0.481,0],[-1.359,-0.01],[-13.011,4.65],[-1.68,9.8]],"o":[[0.01,0.06],[0.721,4.6],[0.01,0.17],[0,0.03],[0.009,0.15],[0.01,0.17],[2.76,0.04],[0.46,0.01],[1.29,0.02],[18.511,0.15],[0.069,-0.36],[-17.21,5.73]],"v":[[-37.985,-4.435],[-37.956,-4.245],[-36.395,8.765],[-36.355,9.245],[-36.345,9.325],[-36.315,9.755],[-36.285,10.205],[-26.046,10.385],[-24.645,10.405],[-20.666,10.455],[36.555,5.195],[37.985,-10.605]],"c":true},"ix":2},"nm":"Path 1","mn":"ADBE Vector Shape - Group","hd":false},{"ty":"fl","c":{"a":0,"k":[0.43900001049,0.118000000715,0.234999999404,1],"ix":4},"o":{"a":0,"k":100,"ix":5},"r":1,"bm":0,"nm":"Fill 1","mn":"ADBE Vector Graphic - Fill","hd":false},{"ty":"tr","p":{"a":0,"k":[366.916,443.336],"ix":2},"a":{"a":0,"k":[0,0],"ix":1},"s":{"a":0,"k":[100,100],"ix":3},"r":{"a":0,"k":0,"ix":6},"o":{"a":0,"k":100,"ix":7},"sk":{"a":0,"k":0,"ix":4},"sa":{"a":0,"k":0,"ix":5},"nm":"Transform"}],"nm":"Group 1","np":2,"cix":2,"bm":0,"ix":1,"mn":"ADBE Vector Group","hd":false},{"ty":"tr","p":{"a":0,"k":[376.892,507.909],"ix":2},"a":{"a":0,"k":[366.916,443.27],"ix":1},"s":{"a":0,"k":[87,87],"ix":3},"r":{"a":0,"k":0,"ix":6},"o":{"a":0,"k":100,"ix":7},"sk":{"a":0,"k":0,"ix":4},"sa":{"a":0,"k":0,"ix":5},"nm":"Transform"}],"nm":"shirt_shadow","np":1,"cix":2,"bm":0,"ix":1,"mn":"ADBE Vector Group","hd":false},{"ty":"gr","it":[{"ty":"gr","it":[{"ind":0,"ty":"sh","ix":1,"ks":{"a":0,"k":{"i":[[-7.659,-9.32],[-0.931,-5.28],[-0.01,-0.07],[-0.079,-0.5],[-0.18,-2.54],[-0.01,-0.15],[-0.009,-0.03],[-0.01,-0.14],[-0.011,-0.13],[-3.979,-0.06],[-0.481,0],[-1.359,-0.01],[-13.011,4.65],[-1.679,9.8],[-1.399,4.99],[-1.479,9.07],[13.939,19.92],[1.91,1.73],[9.899,-3.88],[18.611,0],[5.391,-10.13],[1.269,-13.76]],"o":[[1.99,2.41],[0.009,0.06],[0.091,0.5],[0.721,4.56],[0.009,0.17],[0,0.03],[0.01,0.15],[0.009,0.17],[2.76,0.04],[0.46,0.01],[1.29,0.02],[18.511,0.15],[0.069,-0.36],[0.661,-3.81],[3.99,-14.21],[1.38,-8.49],[-1.49,-2.13],[0,0],[-13.931,5.44],[0,0],[-11.199,21.06],[-1.24,13.43]],"v":[[-43.19,44.5],[-39.969,53.82],[-39.94,54.01],[-39.69,55.52],[-38.379,67.02],[-38.339,67.5],[-38.33,67.58],[-38.299,68.01],[-38.269,68.46],[-28.03,68.64],[-26.629,68.66],[-22.65,68.71],[34.571,63.45],[36,47.65],[39.02,34.42],[51.8,-3.2],[41.191,-55.61],[29.47,-68.86],[12.401,-62.51],[-21.53,-50.28],[-34.48,-25.95],[-53.889,13.86]],"c":true},"ix":2},"nm":"Path 1","mn":"ADBE Vector Shape - Group","hd":false},{"ty":"fl","c":{"a":0,"k":[0.518000006676,0.144999995828,0.263000011444,1],"ix":4},"o":{"a":0,"k":100,"ix":5},"r":1,"bm":0,"nm":"Fill 1","mn":"ADBE Vector Graphic - Fill","hd":false},{"ty":"tr","p":{"a":0,"k":[368.901,385.081],"ix":2},"a":{"a":0,"k":[0,0],"ix":1},"s":{"a":0,"k":[100,100],"ix":3},"r":{"a":0,"k":0,"ix":6},"o":{"a":0,"k":100,"ix":7},"sk":{"a":0,"k":0,"ix":4},"sa":{"a":0,"k":0,"ix":5},"nm":"Transform"}],"nm":"Group 1","np":2,"cix":2,"bm":0,"ix":1,"mn":"ADBE Vector Group","hd":false},{"ty":"tr","p":{"a":0,"k":[378.035,457.227],"ix":2},"a":{"a":0,"k":[368.23,385.015],"ix":1},"s":{"a":0,"k":[87,87],"ix":3},"r":{"a":0,"k":0,"ix":6},"o":{"a":0,"k":100,"ix":7},"sk":{"a":0,"k":0,"ix":4},"sa":{"a":0,"k":0,"ix":5},"nm":"Transform"}],"nm":"shirt","np":1,"cix":2,"bm":0,"ix":2,"mn":"ADBE Vector Group","hd":false},{"ty":"gr","it":[{"ty":"gr","it":[{"ind":0,"ty":"sh","ix":1,"ks":{"a":0,"k":{"i":[[-0.305,-7.528],[0.385,-4.403],[0.772,-2.505],[15.433,0.954],[0.539,25.876],[-1.968,3.561],[-6.488,28.503],[-5.009,-14.638],[-5.287,-14.272]],"o":[[-0.162,4.099],[-2.709,13.028],[0,0],[-30.478,-1.897],[-0.177,-8.494],[3.887,-7.013],[4.305,-18.918],[3.309,9.671],[2.743,7.405]],"v":[[52.76,0.825],[51.898,13.659],[35.158,56.16],[-1.373,71.558],[-52.584,31.182],[-32.253,-9.769],[-16.059,-52.465],[25.835,-57.874],[47.582,-22.192]],"c":true},"ix":2},"nm":"Path 1","mn":"ADBE Vector Shape - Group","hd":false},{"ty":"fl","c":{"a":0,"k":[0.847000002861,0.60799998045,0.501999974251,1],"ix":4},"o":{"a":0,"k":100,"ix":5},"r":1,"bm":0,"nm":"Fill 1","mn":"ADBE Vector Graphic - Fill","hd":false},{"ty":"tr","p":{"a":0,"k":[368.939,367.629],"ix":2},"a":{"a":0,"k":[0,0],"ix":1},"s":{"a":0,"k":[100,100],"ix":3},"r":{"a":0,"k":0,"ix":6},"o":{"a":0,"k":100,"ix":7},"sk":{"a":0,"k":0,"ix":4},"sa":{"a":0,"k":0,"ix":5},"nm":"Transform"}],"nm":"Group 1","np":2,"cix":2,"bm":0,"ix":1,"mn":"ADBE Vector Group","hd":false},{"ty":"tr","p":{"a":0,"k":[378.728,443.723],"ix":2},"a":{"a":0,"k":[369.027,369.492],"ix":1},"s":{"a":0,"k":[87,87],"ix":3},"r":{"a":0,"k":0,"ix":6},"o":{"a":0,"k":100,"ix":7},"sk":{"a":0,"k":0,"ix":4},"sa":{"a":0,"k":0,"ix":5},"nm":"Transform"}],"nm":"top_body_skin","np":1,"cix":2,"bm":0,"ix":3,"mn":"ADBE Vector Group","hd":false},{"ty":"gr","it":[{"ty":"gr","it":[{"ind":0,"ty":"sh","ix":1,"ks":{"a":0,"k":{"i":[[-0.261,-7.461],[17.361,0],[0,0],[0,0],[0,0],[0,0]],"o":[[0,0],[-19.367,0],[0.357,-24.299],[0,0],[0,0],[-4.647,13.201]],"v":[[37.071,22.915],[0.299,29.911],[-36.217,23.57],[-38.827,-17.667],[-6.474,-29.911],[38.828,-21.852]],"c":true},"ix":2},"nm":"Path 1","mn":"ADBE Vector Shape - Group","hd":false},{"ty":"fl","c":{"a":0,"k":[0.847000002861,0.60799998045,0.501999974251,1],"ix":4},"o":{"a":0,"k":100,"ix":5},"r":1,"bm":0,"nm":"Fill 1","mn":"ADBE Vector Graphic - Fill","hd":false},{"ty":"tr","p":{"a":0,"k":[366.97,447.57],"ix":2},"a":{"a":0,"k":[0,0],"ix":1},"s":{"a":0,"k":[100,100],"ix":3},"r":{"a":0,"k":0,"ix":6},"o":{"a":0,"k":100,"ix":7},"sk":{"a":0,"k":0,"ix":4},"sa":{"a":0,"k":0,"ix":5},"nm":"Transform"}],"nm":"Group 1","np":2,"cix":2,"bm":0,"ix":1,"mn":"ADBE Vector Group","hd":false},{"ty":"gr","it":[{"ind":0,"ty":"sh","ix":1,"ks":{"a":0,"k":{"i":[[0,20.319],[-20.318,0],[0,-20.319],[20.319,0]],"o":[[0,-20.318],[20.319,0],[0,20.319],[-20.318,0]],"v":[[-36.686,-0.596],[-0.105,-36.79],[36.686,-0.001],[-0.105,36.79]],"c":true},"ix":2},"nm":"Path 1","mn":"ADBE Vector Shape - Group","hd":false},{"ty":"fl","c":{"a":0,"k":[0.847000002861,0.60799998045,0.501999974251,1],"ix":4},"o":{"a":0,"k":100,"ix":5},"r":1,"bm":0,"nm":"Fill 1","mn":"ADBE Vector Graphic - Fill","hd":false},{"ty":"tr","p":{"a":0,"k":[367.429,472.57],"ix":2},"a":{"a":0,"k":[0,0],"ix":1},"s":{"a":0,"k":[100,100],"ix":3},"r":{"a":0,"k":0,"ix":6},"o":{"a":0,"k":100,"ix":7},"sk":{"a":0,"k":0,"ix":4},"sa":{"a":0,"k":0,"ix":5},"nm":"Transform"}],"nm":"Group 2","np":2,"cix":2,"bm":0,"ix":2,"mn":"ADBE Vector Group","hd":false},{"ty":"tr","p":{"a":0,"k":[376.939,525.518],"ix":2},"a":{"a":0,"k":[366.97,463.51],"ix":1},"s":{"a":0,"k":[87,87],"ix":3},"r":{"a":0,"k":0,"ix":6},"o":{"a":0,"k":100,"ix":7},"sk":{"a":0,"k":0,"ix":4},"sa":{"a":0,"k":0,"ix":5},"nm":"Transform"}],"nm":"body_skin","np":2,"cix":2,"bm":0,"ix":4,"mn":"ADBE Vector Group","hd":false}],"ip":0,"op":170,"st":0,"bm":0},{"ddd":0,"ind":7,"ty":4,"nm":"neck","parent":6,"sr":1,"ks":{"o":{"a":0,"k":100,"ix":11},"r":{"a":0,"k":0,"ix":10},"p":{"a":0,"k":[381.874,389.737,0],"ix":2},"a":{"a":0,"k":[381.874,389.737,0],"ix":1},"s":{"a":0,"k":[100,100,100],"ix":6}},"ao":0,"shapes":[{"ty":"gr","it":[{"ty":"gr","it":[{"ind":0,"ty":"sh","ix":1,"ks":{"a":0,"k":{"i":[[-0.021,-3.28],[14.787,-2.267],[3.234,2.359],[0,0],[0,0],[0,0]],"o":[[0.035,8.58],[-0.969,-3.872],[0,0],[0,0],[8.41,-3.406],[0,0]],"v":[[19.803,-11.396],[-13.785,14.676],[-19.837,4.969],[-18.211,2.724],[-12.479,-1.21],[9.208,-14.558]],"c":true},"ix":2},"nm":"Path 1","mn":"ADBE Vector Shape - Group","hd":false},{"ty":"fl","c":{"a":0,"k":[0.804000020027,0.56099998951,0.458999991417,1],"ix":4},"o":{"a":0,"k":100,"ix":5},"r":1,"bm":0,"nm":"Fill 1","mn":"ADBE Vector Graphic - Fill","hd":false},{"ty":"tr","p":{"a":0,"k":[367.198,285.254],"ix":2},"a":{"a":0,"k":[0,0],"ix":1},"s":{"a":0,"k":[100,100],"ix":3},"r":{"a":0,"k":0,"ix":6},"o":{"a":0,"k":100,"ix":7},"sk":{"a":0,"k":0,"ix":4},"sa":{"a":0,"k":0,"ix":5},"nm":"Transform"}],"nm":"Group 1","np":2,"cix":2,"bm":0,"ix":1,"mn":"ADBE Vector Group","hd":false},{"ty":"tr","p":{"a":0,"k":[377.122,370.487],"ix":2},"a":{"a":0,"k":[367.18,285.313],"ix":1},"s":{"a":0,"k":[87,87],"ix":3},"r":{"a":0,"k":0,"ix":6},"o":{"a":0,"k":100,"ix":7},"sk":{"a":0,"k":0,"ix":4},"sa":{"a":0,"k":0,"ix":5},"nm":"Transform"}],"nm":"neck_shadow","np":1,"cix":2,"bm":0,"ix":1,"mn":"ADBE Vector Group","hd":false},{"ty":"gr","it":[{"ty":"gr","it":[{"ind":0,"ty":"sh","ix":1,"ks":{"a":0,"k":{"i":[[0,-2.85],[12.72,0],[2.67,1.09],[0,9.66],[-0.04,0.52],[-0.48,1.59],[-10.45,0],[-3.28,-8.72],[0,0]],"o":[[0,12.72],[-3.06,0],[-8.43,-3.41],[0,-0.53],[0.11,-1.71],[2.81,-9.53],[9.86,0],[0,0],[0.95,2.52]],"v":[[23.03,0],[0,23.03],[-8.65,21.34],[-23.03,0],[-22.97,-1.58],[-22.08,-6.54],[0,-23.03],[21.56,-8.11],[21.56,-8.09]],"c":true},"ix":2},"nm":"Path 1","mn":"ADBE Vector Shape - Group","hd":false},{"ty":"fl","c":{"a":0,"k":[0.847000002861,0.60799998045,0.501999974251,1],"ix":4},"o":{"a":0,"k":100,"ix":5},"r":1,"bm":0,"nm":"Fill 1","mn":"ADBE Vector Graphic - Fill","hd":false},{"ty":"tr","p":{"a":0,"k":[374.812,322.61],"ix":2},"a":{"a":0,"k":[0,0],"ix":1},"s":{"a":0,"k":[100,100],"ix":3},"r":{"a":0,"k":0,"ix":6},"o":{"a":0,"k":100,"ix":7},"sk":{"a":0,"k":0,"ix":4},"sa":{"a":0,"k":0,"ix":5},"nm":"Transform"}],"nm":"Group 1","np":2,"cix":2,"bm":0,"ix":1,"mn":"ADBE Vector Group","hd":false},{"ty":"gr","it":[{"ind":0,"ty":"sh","ix":1,"ks":{"a":0,"k":{"i":[[6.62,-6.51],[14.317,3.967],[0,9.66],[-0.04,0.52],[-0.29,1.78],[0.92,3.66],[0,0],[0,0],[0,0],[-0.041,-0.28],[0,0]],"o":[[-6.38,6.28],[-8.431,-3.41],[0,-0.53],[0.29,-1.48],[0.931,-5.75],[-0.971,-3.87],[0.99,-27.28],[0,22.78],[0,0],[0,0],[2.319,5.55]],"v":[[19.263,31.877],[-7.093,38.491],[-21.473,17.152],[-21.414,15.572],[-20.524,10.611],[-19.803,-5.488],[-25.883,-15.178],[14.636,-35.399],[23.046,8.611],[23.117,9.041],[23.117,9.061]],"c":true},"ix":2},"nm":"Path 1","mn":"ADBE Vector Shape - Group","hd":false},{"ty":"fl","c":{"a":0,"k":[0.847000002861,0.60799998045,0.501999974251,1],"ix":4},"o":{"a":0,"k":100,"ix":5},"r":1,"bm":0,"nm":"Fill 1","mn":"ADBE Vector Graphic - Fill","hd":false},{"ty":"tr","p":{"a":0,"k":[373.256,305.459],"ix":2},"a":{"a":0,"k":[0,0],"ix":1},"s":{"a":0,"k":[100,100],"ix":3},"r":{"a":0,"k":0,"ix":6},"o":{"a":0,"k":100,"ix":7},"sk":{"a":0,"k":0,"ix":4},"sa":{"a":0,"k":0,"ix":5},"nm":"Transform"}],"nm":"Group 2","np":2,"cix":2,"bm":0,"ix":2,"mn":"ADBE Vector Group","hd":false},{"ty":"tr","p":{"a":0,"k":[381.879,389.737],"ix":2},"a":{"a":0,"k":[372.649,307.44],"ix":1},"s":{"a":0,"k":[87,87],"ix":3},"r":{"a":0,"k":0,"ix":6},"o":{"a":0,"k":100,"ix":7},"sk":{"a":0,"k":0,"ix":4},"sa":{"a":0,"k":0,"ix":5},"nm":"Transform"}],"nm":"neck_skin","np":2,"cix":2,"bm":0,"ix":2,"mn":"ADBE Vector Group","hd":false}],"ip":0,"op":170,"st":0,"bm":0},{"ddd":0,"ind":8,"ty":4,"nm":"thigh","parent":5,"sr":1,"ks":{"o":{"a":0,"k":100,"ix":11},"r":{"a":1,"k":[{"i":{"x":[0.667],"y":[0.947]},"o":{"x":[0.333],"y":[0]},"t":18,"s":[16]},{"i":{"x":[0.667],"y":[0.715]},"o":{"x":[0.333],"y":[-0.044]},"t":27,"s":[19.817]},{"i":{"x":[0.667],"y":[0.698]},"o":{"x":[0.333],"y":[0.204]},"t":35,"s":[15.677]},{"i":{"x":[0.667],"y":[1]},"o":{"x":[0.333],"y":[0.643]},"t":50,"s":[4.811]},{"i":{"x":[0.667],"y":[1]},"o":{"x":[0.333],"y":[0]},"t":73,"s":[-3]},{"i":{"x":[0.667],"y":[0.628]},"o":{"x":[0.333],"y":[0]},"t":77,"s":[-3]},{"i":{"x":[0.667],"y":[0.645]},"o":{"x":[0.333],"y":[0.107]},"t":96,"s":[0.374]},{"i":{"x":[0.667],"y":[0.745]},"o":{"x":[0.333],"y":[0.502]},"t":104,"s":[5.326]},{"i":{"x":[0.667],"y":[0.735]},"o":{"x":[0.333],"y":[0.171]},"t":112,"s":[8.822]},{"i":{"x":[0.667],"y":[0.736]},"o":{"x":[0.333],"y":[0.851]},"t":123,"s":[16.014]},{"i":{"x":[0.667],"y":[1]},"o":{"x":[0.333],"y":[-0.524]},"t":134,"s":[18.252]},{"t":156,"s":[16]}],"ix":10},"p":{"a":0,"k":[373.736,588.04,0],"ix":2},"a":{"a":0,"k":[371.314,588.9,0],"ix":1},"s":{"a":0,"k":[100,100,100],"ix":6}},"ao":0,"shapes":[{"ty":"gr","it":[{"ind":0,"ty":"sh","ix":1,"ks":{"a":0,"k":{"i":[[-1.612,-4.463],[-18.883,-38.774],[11.082,-4.575],[6.331,6.138],[2.548,3.59],[6.213,63.288],[-20.16,7.731],[-5.367,-19.49],[-1.588,-14.559]],"o":[[21.175,58.571],[5.344,10.974],[-8.46,3.493],[-0.723,-0.806],[-13.449,-19.038],[-2.169,-22.086],[34.655,-13.289],[5.366,19.488],[1.815,16.631]],"v":[[38.96,-22.367],[67.728,92.81],[56.14,121.243],[30.099,117.151],[8.221,87.549],[-70.903,-62.552],[-41.434,-111.448],[27.725,-93.513],[29.865,-54.282]],"c":true},"ix":2},"nm":"Path 1","mn":"ADBE Vector Shape - Group","hd":false},{"ty":"fl","c":{"a":0,"k":[0.118000000598,0.118000000598,0.118000000598,1],"ix":4},"o":{"a":0,"k":100,"ix":5},"r":1,"bm":0,"nm":"Fill 1","mn":"ADBE Vector Graphic - Fill","hd":false},{"ty":"tr","p":{"a":0,"k":[392.72,653.722],"ix":2},"a":{"a":0,"k":[0,0],"ix":1},"s":{"a":0,"k":[100,100],"ix":3},"r":{"a":0,"k":0,"ix":6},"o":{"a":0,"k":100,"ix":7},"sk":{"a":0,"k":0,"ix":4},"sa":{"a":0,"k":0,"ix":5},"nm":"Transform"}],"nm":"Group 1","np":2,"cix":2,"bm":0,"ix":1,"mn":"ADBE Vector Group","hd":false},{"ty":"gr","it":[{"ind":0,"ty":"sh","ix":1,"ks":{"a":0,"k":{"i":[[-0.734,-1.779],[0,0],[-0.602,-2.68],[22.874,-9.442],[13.192,18.48],[1.494,3.618],[0.047,0.145],[0.208,0.561],[0.438,1.831],[-23.025,9.505],[-13.191,-18.562],[-0.922,-1.665]],"o":[[0,0],[1.083,2.623],[5.337,23.357],[-21.889,9.037],[-2.202,-3.054],[-0.058,-0.141],[-0.214,-0.547],[-0.653,-1.812],[-5.591,-23.487],[21.939,-9.057],[1.078,1.53],[0.915,1.646]],"v":[[46.277,-19.057],[46.298,-19.007],[48.819,-11.049],[19.15,46.214],[-40.559,29.118],[-46.122,19.088],[-46.286,18.662],[-46.927,16.997],[-48.564,11.521],[-18.999,-46.194],[40.802,-28.983],[43.801,-24.199]],"c":true},"ix":2},"nm":"Path 1","mn":"ADBE Vector Shape - Group","hd":false},{"ty":"fl","c":{"a":0,"k":[0.118000000598,0.118000000598,0.118000000598,1],"ix":4},"o":{"a":0,"k":100,"ix":5},"r":1,"bm":0,"nm":"Fill 1","mn":"ADBE Vector Graphic - Fill","hd":false},{"ty":"tr","p":{"a":0,"k":[371.95,589.551],"ix":2},"a":{"a":0,"k":[0,0],"ix":1},"s":{"a":0,"k":[100,100],"ix":3},"r":{"a":0,"k":0,"ix":6},"o":{"a":0,"k":100,"ix":7},"sk":{"a":0,"k":0,"ix":4},"sa":{"a":0,"k":0,"ix":5},"nm":"Transform"}],"nm":"Group 2","np":2,"cix":2,"bm":0,"ix":2,"mn":"ADBE Vector Group","hd":false}],"ip":0,"op":170,"st":0,"bm":0},{"ddd":0,"ind":9,"ty":4,"nm":"foot","sr":1,"ks":{"o":{"a":0,"k":100,"ix":11},"r":{"a":1,"k":[{"i":{"x":[0.667],"y":[1]},"o":{"x":[0.333],"y":[0]},"t":18,"s":[16]},{"i":{"x":[0.667],"y":[1]},"o":{"x":[0.333],"y":[0]},"t":73,"s":[-16]},{"i":{"x":[0.667],"y":[1]},"o":{"x":[0.333],"y":[0]},"t":77,"s":[-16]},{"t":156,"s":[16]}],"ix":10},"p":{"a":0,"k":[344.233,790.941,0],"ix":2},"a":{"a":0,"k":[689.767,800.941,0],"ix":1},"s":{"a":0,"k":[-100,100,100],"ix":6}},"ao":0,"shapes":[{"ty":"gr","it":[{"ty":"gr","it":[{"ind":0,"ty":"sh","ix":1,"ks":{"a":0,"k":{"i":[[0.135,-0.18],[0.19,-0.962],[-0.166,-0.264],[-0.073,-0.048],[-5.335,-4.584],[-2.955,-2.289],[-2.927,-1.514],[-0.278,-0.139],[-0.569,-0.281],[-1.504,-0.838],[-0.13,-0.074],[-0.138,-0.079],[-0.23,-0.145],[-1.145,-0.727],[-0.093,-0.065],[-0.087,-0.06],[-0.758,-0.5],[-2.198,-1.58],[-2.342,-1.843],[-2.281,-2.02],[-2.003,-2.11],[-1.59,-2.502],[-0.006,-0.099],[0.059,-0.094],[0.244,-0.932],[-0.242,-0.286],[-0.348,0.272],[-0.998,2.216],[0.546,0.844],[8.862,7.219],[5.599,4.122],[0,0],[4.388,3.973],[3.514,-0.694],[0.381,-0.592]],"o":[[-0.912,1.299],[-0.08,0.375],[0.279,0.442],[12.553,7.369],[2.247,1.936],[3.599,2.782],[0.284,0.145],[0.581,0.291],[1.544,0.774],[0.125,0.08],[0.13,0.074],[0.229,0.133],[0.951,0.581],[0.086,0.06],[0.091,0.053],[0.71,0.449],[2.253,1.497],[2.419,1.74],[2.394,1.884],[2.179,1.932],[2.049,2.158],[0.055,0.086],[0.007,0.115],[-0.501,0.797],[-0.095,0.36],[0.267,0.317],[1.434,-1.196],[0.396,-0.87],[-6.389,-9.801],[-5.202,-4.238],[0,0],[-6.727,-4.955],[-16.51,-14.964],[-0.628,0.166],[-0.165,0.092]],"v":[[-40.72,-33.902],[-42.428,-29.481],[-42.229,-28.513],[-41.438,-27.751],[-25.281,-16.971],[-17.755,-10.755],[-8.133,-4.689],[-7.29,-4.251],[-5.578,-3.392],[-1.045,-1.043],[-0.66,-0.815],[-0.263,-0.587],[0.424,-0.178],[3.577,1.788],[3.854,1.971],[4.125,2.148],[6.326,3.587],[13.002,8.205],[20.148,13.576],[27.171,19.422],[33.471,25.466],[39.12,32.411],[39.237,32.688],[39.122,32.999],[37.75,35.523],[38.106,36.568],[39.151,36.857],[42.112,32.461],[41.878,29.722],[18.583,4.893],[2.294,-7.508],[0.932,-8.508],[-15.568,-22.164],[-38.766,-35.435],[-40.274,-34.311]],"c":true},"ix":2},"nm":"Path 1","mn":"ADBE Vector Shape - Group","hd":false},{"ty":"fl","c":{"a":0,"k":[0.518000006676,0.467000007629,0.40000000596,1],"ix":4},"o":{"a":0,"k":100,"ix":5},"r":1,"bm":0,"nm":"Fill 1","mn":"ADBE Vector Graphic - Fill","hd":false},{"ty":"tr","p":{"a":0,"k":[689.065,742.941],"ix":2},"a":{"a":0,"k":[0,0],"ix":1},"s":{"a":0,"k":[100,100],"ix":3},"r":{"a":0,"k":0,"ix":6},"o":{"a":0,"k":100,"ix":7},"sk":{"a":0,"k":0,"ix":4},"sa":{"a":0,"k":0,"ix":5},"nm":"Transform"}],"nm":"Group 1","np":2,"cix":2,"bm":0,"ix":1,"mn":"ADBE Vector Group","hd":false},{"ty":"tr","p":{"a":0,"k":[657.12,769.149],"ix":2},"a":{"a":0,"k":[689.017,743.546],"ix":1},"s":{"a":0,"k":[87,87],"ix":3},"r":{"a":0,"k":0,"ix":6},"o":{"a":0,"k":100,"ix":7},"sk":{"a":0,"k":0,"ix":4},"sa":{"a":0,"k":0,"ix":5},"nm":"Transform"}],"nm":"sole","np":1,"cix":2,"bm":0,"ix":1,"mn":"ADBE Vector Group","hd":false},{"ty":"gr","it":[{"ty":"gr","it":[{"ind":0,"ty":"sh","ix":1,"ks":{"a":0,"k":{"i":[[1.196,-1.084],[1.221,-1.532],[3.358,-0.753],[-2.579,0.058],[-5.548,-5.243],[1.084,-4.332],[0.298,-2.092],[-1.426,0.182],[-0.992,0.556],[0,0],[-1.338,-0.213],[0,0],[0,0],[-1.425,0.182],[0,0],[-1.824,-0.693],[-10.778,-5.521],[-3.348,0.643],[-1.086,4.419],[7.33,6.838],[1.856,1.365],[1.361,1.645],[3.77,3.247],[2.092,0.936]],"o":[[-1.195,1.084],[-4.486,5.629],[-4.755,1.064],[2.401,-0.054],[4.3,4.063],[-0.415,1.659],[-0.299,2.093],[1.425,-0.182],[0.99,-0.557],[1.506,1.768],[1.337,0.211],[0,0],[0,0],[1.425,-0.181],[-0.216,-0.307],[7.557,2.866],[7.509,3.845],[3.346,-0.64],[1.708,-6.946],[-15.29,-14.266],[-1.856,-1.364],[-1.36,-1.643],[-3.769,-3.248],[-3.213,-1.436]],"v":[[-30.439,-32.632],[-40.039,-20.566],[-47.182,-6.88],[-45.629,-1.323],[-33.232,4.32],[-29.138,17.641],[-31.021,23.305],[-25.789,24.288],[-20.852,22.745],[-16.314,22.189],[-11.872,24.372],[-9.602,23.51],[-7.884,23.578],[-4.122,24.48],[-0.04,22.812],[8.215,23.739],[26.586,28.802],[43.617,35.724],[50.229,31.397],[34.647,10.282],[10.059,-7.266],[-3.024,-16.425],[-11.656,-25.742],[-26.639,-34.931]],"c":true},"ix":2},"nm":"Path 1","mn":"ADBE Vector Shape - Group","hd":false},{"ty":"fl","c":{"a":0,"k":[0.157000005245,0.157000005245,0.157000005245,1],"ix":4},"o":{"a":0,"k":100,"ix":5},"r":1,"bm":0,"nm":"Fill 1","mn":"ADBE Vector Graphic - Fill","hd":false},{"ty":"tr","p":{"a":0,"k":[678.028,745.939],"ix":2},"a":{"a":0,"k":[0,0],"ix":1},"s":{"a":0,"k":[100,100],"ix":3},"r":{"a":0,"k":0,"ix":6},"o":{"a":0,"k":100,"ix":7},"sk":{"a":0,"k":0,"ix":4},"sa":{"a":0,"k":0,"ix":5},"nm":"Transform"}],"nm":"Group 1","np":2,"cix":2,"bm":0,"ix":1,"mn":"ADBE Vector Group","hd":false},{"ty":"tr","p":{"a":0,"k":[647.973,771.427],"ix":2},"a":{"a":0,"k":[678.504,746.164],"ix":1},"s":{"a":0,"k":[87,87],"ix":3},"r":{"a":0,"k":0,"ix":6},"o":{"a":0,"k":100,"ix":7},"sk":{"a":0,"k":0,"ix":4},"sa":{"a":0,"k":0,"ix":5},"nm":"Transform"}],"nm":"foot","np":1,"cix":2,"bm":0,"ix":2,"mn":"ADBE Vector Group","hd":false},{"ty":"gr","it":[{"ty":"gr","it":[{"ind":0,"ty":"sh","ix":1,"ks":{"a":0,"k":{"i":[[0.04,6.718],[6.717,-0.04],[-0.041,-6.718],[-6.718,0.04]],"o":[[-0.04,-6.718],[-6.718,0.041],[0.04,6.717],[6.719,-0.04]],"v":[[12.164,-0.073],[-0.073,-12.164],[-12.164,0.074],[0.072,12.164]],"c":true},"ix":2},"nm":"Path 1","mn":"ADBE Vector Shape - Group","hd":false},{"ty":"fl","c":{"a":0,"k":[0.847000002861,0.60799998045,0.501999974251,1],"ix":4},"o":{"a":0,"k":100,"ix":5},"r":1,"bm":0,"nm":"Fill 1","mn":"ADBE Vector Graphic - Fill","hd":false},{"ty":"tr","p":{"a":0,"k":[645.985,756.78],"ix":2},"a":{"a":0,"k":[0,0],"ix":1},"s":{"a":0,"k":[100,100],"ix":3},"r":{"a":0,"k":0,"ix":6},"o":{"a":0,"k":100,"ix":7},"sk":{"a":0,"k":0,"ix":4},"sa":{"a":0,"k":0,"ix":5},"nm":"Transform"}],"nm":"Group 1","np":2,"cix":2,"bm":0,"ix":1,"mn":"ADBE Vector Group","hd":false},{"ty":"tr","p":{"a":0,"k":[619.682,780.663],"ix":2},"a":{"a":0,"k":[645.986,756.78],"ix":1},"s":{"a":0,"k":[87,87],"ix":3},"r":{"a":0,"k":0,"ix":6},"o":{"a":0,"k":100,"ix":7},"sk":{"a":0,"k":0,"ix":4},"sa":{"a":0,"k":0,"ix":5},"nm":"Transform"}],"nm":"foot_skin","np":1,"cix":2,"bm":0,"ix":3,"mn":"ADBE Vector Group","hd":false}],"ip":0,"op":170,"st":0,"bm":0},{"ddd":0,"ind":10,"ty":4,"nm":"calf","parent":9,"sr":1,"ks":{"o":{"a":0,"k":100,"ix":11},"r":{"a":1,"k":[{"i":{"x":[0.667],"y":[0.582]},"o":{"x":[0.333],"y":[0]},"t":18,"s":[-40]},{"i":{"x":[0.667],"y":[0.672]},"o":{"x":[0.333],"y":[0.441]},"t":27,"s":[-26.961]},{"i":{"x":[0.667],"y":[0.461]},"o":{"x":[0.333],"y":[0.687]},"t":35,"s":[-15.977]},{"i":{"x":[0.667],"y":[0.809]},"o":{"x":[0.333],"y":[1.278]},"t":50,"s":[-6.135]},{"i":{"x":[0.667],"y":[1]},"o":{"x":[0.333],"y":[0.205]},"t":61,"s":[-3.088]},{"i":{"x":[0.667],"y":[1]},"o":{"x":[0.333],"y":[0]},"t":73,"s":[0]},{"i":{"x":[0.667],"y":[0.86]},"o":{"x":[0.333],"y":[0]},"t":77,"s":[0]},{"i":{"x":[0.667],"y":[-0.101]},"o":{"x":[0.333],"y":[0.97]},"t":96,"s":[-18.893]},{"i":{"x":[0.667],"y":[1]},"o":{"x":[0.333],"y":[0.37]},"t":112,"s":[-21.189]},{"t":156,"s":[-40]}],"ix":10},"p":{"a":0,"k":[618.826,780.603,0],"ix":2},"a":{"a":0,"k":[618.826,780.603,0],"ix":1},"s":{"a":0,"k":[100,100,100],"ix":6}},"ao":0,"shapes":[{"ty":"gr","it":[{"ty":"gr","it":[{"ind":0,"ty":"sh","ix":1,"ks":{"a":0,"k":{"i":[[-0.08,-0.004],[-0.418,-0.052],[0.66,-12.282],[8.272,-3.16],[0.66,-0.184],[0.011,-0.009],[0.688,-0.123],[1.888,0.102],[0,0],[3.142,1.921],[0.212,0.152],[1.806,3.671],[0.054,0.093],[-0.214,3.975],[-2.663,3.523],[-0.021,0.019],[-7.72,-0.205],[-0.151,-0.008]],"o":[[0.429,0.023],[12.137,1.315],[-0.505,9.377],[-0.634,0.246],[-0.01,0],[-0.661,0.186],[-1.78,0.335],[0,0],[-3.933,-0.242],[-0.222,-0.143],[-3.424,-2.258],[-0.055,-0.094],[-1.603,-3.361],[0.255,-4.723],[0.001,-0.01],[4.335,-5.755],[0.151,-0.013],[0.08,-0.006]],"v":[[1.016,-22.962],[2.291,-22.854],[22.884,1.298],[8.052,21.591],[6.105,22.237],[6.084,22.245],[4.046,22.708],[-1.462,23.072],[-1.611,23.063],[-12.326,19.703],[-12.984,19.277],[-20.979,10.225],[-21.133,9.935],[-23.33,-1.188],[-18.748,-13.76],[-18.715,-13.798],[0.325,-22.969],[0.776,-22.964]],"c":true},"ix":2},"nm":"Path 1","mn":"ADBE Vector Shape - Group","hd":false},{"ty":"fl","c":{"a":0,"k":[0.118000000715,0.118000000715,0.118000000715,1],"ix":4},"o":{"a":0,"k":100,"ix":5},"r":1,"bm":0,"nm":"Fill 1","mn":"ADBE Vector Graphic - Fill","hd":false},{"ty":"tr","p":{"a":0,"k":[439.134,754.035],"ix":2},"a":{"a":0,"k":[0,0],"ix":1},"s":{"a":0,"k":[100,100],"ix":3},"r":{"a":0,"k":0,"ix":6},"o":{"a":0,"k":100,"ix":7},"sk":{"a":0,"k":0,"ix":4},"sa":{"a":0,"k":0,"ix":5},"nm":"Transform"}],"nm":"Group 1","np":2,"cix":2,"bm":0,"ix":1,"mn":"ADBE Vector Group","hd":false},{"ty":"gr","it":[{"ind":0,"ty":"sh","ix":1,"ks":{"a":0,"k":{"i":[[-22.367,-1.204],[-26.902,-4.603],[0.019,0.002],[56.706,-11.62],[0.011,-0.009],[0.395,-0.078],[2.018,0.078],[2.98,1.922],[0.212,0.151],[1.89,3.386],[0.055,0.093],[-0.214,3.975],[-3.356,4.036],[-6.183,0.288],[-0.081,0.006]],"o":[[46.344,2.493],[7.06,4.836],[-29.442,-1.133],[-0.01,0],[-0.395,0.079],[-2.329,0.486],[-4.177,-0.175],[-0.223,-0.143],[-3.457,-2.39],[-0.055,-0.094],[-1.602,-3.361],[0.255,-4.724],[5.064,-6.089],[0.081,-0.016],[28.194,-0.996]],"v":[[-1.035,-29.003],[98.814,-6.695],[95.969,20.45],[-76.225,29.302],[-76.246,29.31],[-77.421,29.548],[-83.941,30.128],[-94.656,26.768],[-95.314,26.342],[-103.309,17.289],[-103.464,17.001],[-105.66,5.877],[-100.558,-7.526],[-82.006,-15.904],[-81.764,-15.921]],"c":true},"ix":2},"nm":"Path 1","mn":"ADBE Vector Shape - Group","hd":false},{"ty":"fl","c":{"a":0,"k":[0.118000000715,0.118000000715,0.118000000715,1],"ix":4},"o":{"a":0,"k":100,"ix":5},"r":1,"bm":0,"nm":"Fill 1","mn":"ADBE Vector Graphic - Fill","hd":false},{"ty":"tr","p":{"a":0,"k":[521.464,746.971],"ix":2},"a":{"a":0,"k":[0,0],"ix":1},"s":{"a":0,"k":[100,100],"ix":3},"r":{"a":0,"k":0,"ix":6},"o":{"a":0,"k":100,"ix":7},"sk":{"a":0,"k":0,"ix":4},"sa":{"a":0,"k":0,"ix":5},"nm":"Transform"}],"nm":"Group 2","np":2,"cix":2,"bm":0,"ix":2,"mn":"ADBE Vector Group","hd":false},{"ty":"tr","p":{"a":0,"k":[509.461,772.603],"ix":2},"a":{"a":0,"k":[519.295,747.516],"ix":1},"s":{"a":0,"k":[87,87],"ix":3},"r":{"a":0,"k":0,"ix":6},"o":{"a":0,"k":100,"ix":7},"sk":{"a":0,"k":0,"ix":4},"sa":{"a":0,"k":0,"ix":5},"nm":"Transform"}],"nm":"calf","np":2,"cix":2,"bm":0,"ix":1,"mn":"ADBE Vector Group","hd":false},{"ty":"gr","it":[{"ty":"gr","it":[{"ind":0,"ty":"sh","ix":1,"ks":{"a":0,"k":{"i":[[0,0],[23.262,3.834],[-18.397,-0.989],[-4.835,-0.393],[-1.004,11.178]],"o":[[-12.678,-1.844],[-16.566,-0.577],[25.381,1.366],[0,0],[1.136,-12.628]],"v":[[27.214,-9.973],[-13.564,-14.749],[-19.517,10.495],[24.124,14.225],[36.778,4.148]],"c":true},"ix":2},"nm":"Path 1","mn":"ADBE Vector Shape - Group","hd":false},{"ty":"fl","c":{"a":0,"k":[0.847000002861,0.60799998045,0.501999974251,1],"ix":4},"o":{"a":0,"k":100,"ix":5},"r":1,"bm":0,"nm":"Fill 1","mn":"ADBE Vector Graphic - Fill","hd":false},{"ty":"tr","p":{"a":0,"k":[621.277,754.701],"ix":2},"a":{"a":0,"k":[0,0],"ix":1},"s":{"a":0,"k":[100,100],"ix":3},"r":{"a":0,"k":0,"ix":6},"o":{"a":0,"k":100,"ix":7},"sk":{"a":0,"k":0,"ix":4},"sa":{"a":0,"k":0,"ix":5},"nm":"Transform"}],"nm":"Group 1","np":2,"cix":2,"bm":0,"ix":1,"mn":"ADBE Vector Group","hd":false},{"ty":"tr","p":{"a":0,"k":[601.109,778.635],"ix":2},"a":{"a":0,"k":[624.637,754.449],"ix":1},"s":{"a":0,"k":[87,87],"ix":3},"r":{"a":0,"k":0,"ix":6},"o":{"a":0,"k":100,"ix":7},"sk":{"a":0,"k":0,"ix":4},"sa":{"a":0,"k":0,"ix":5},"nm":"Transform"}],"nm":"calf_skin","np":1,"cix":2,"bm":0,"ix":2,"mn":"ADBE Vector Group","hd":false}],"ip":0,"op":170,"st":0,"bm":0},{"ddd":0,"ind":11,"ty":4,"nm":"thigh_1","parent":13,"sr":1,"ks":{"o":{"a":0,"k":100,"ix":11},"r":{"a":1,"k":[{"i":{"x":[0.667],"y":[0.5]},"o":{"x":[0.333],"y":[0]},"t":18,"s":[94]},{"i":{"x":[0.667],"y":[0.694]},"o":{"x":[0.333],"y":[0.365]},"t":35,"s":[51.5]},{"i":{"x":[0.667],"y":[0.761]},"o":{"x":[0.333],"y":[0.298]},"t":47,"s":[10.483]},{"i":{"x":[0.667],"y":[1]},"o":{"x":[0.333],"y":[20.457]},"t":50,"s":[-0.055]},{"i":{"x":[0.667],"y":[1]},"o":{"x":[0.333],"y":[0]},"t":73,"s":[-1]},{"i":{"x":[0.667],"y":[-2.358]},"o":{"x":[0.333],"y":[0]},"t":77,"s":[-1]},{"i":{"x":[0.667],"y":[0.685]},"o":{"x":[0.333],"y":[0.196]},"t":96,"s":[0.871]},{"i":{"x":[0.667],"y":[1]},"o":{"x":[0.333],"y":[0.346]},"t":104,"s":[14.357]},{"t":156,"s":[94]}],"ix":10},"p":{"a":0,"k":[363.03,780.519,0],"ix":2},"a":{"a":0,"k":[350.983,756.614,0],"ix":1},"s":{"a":0,"k":[87,87,100],"ix":6}},"ao":0,"shapes":[{"ty":"gr","it":[{"ind":0,"ty":"sh","ix":1,"ks":{"a":0,"k":{"i":[[0.594,-3.216],[0,-0.01],[0.015,-0.069],[20.328,-1.775],[2.848,24.649],[-0.17,2.575],[-0.042,0.458],[-0.084,0.625],[-0.024,0.209],[-0.011,0.009],[-5.581,6.146],[-11.999,1.045],[-9.059,-6.799],[-1.484,-12.815],[-0.041,-1.266],[0,0]],"o":[[0.01,0.011],[-0.005,0.07],[-3.48,18.402],[-25.31,2.209],[-0.313,-2.658],[0.032,-0.459],[0.085,-0.646],[0.024,-0.209],[0.002,-0.02],[1.317,-8.429],[7.309,-8.079],[12.139,-1.066],[9.837,7.354],[0.15,1.273],[0,0],[0.13,3.407]],"v":[[44.509,9.211],[44.507,9.251],[44.473,9.449],[6.005,44.068],[-44.978,3.431],[-45.185,-4.433],[-45.069,-5.808],[-44.827,-7.715],[-44.754,-8.342],[-44.74,-8.391],[-34.056,-30.64],[-4.345,-45.211],[28.432,-35.831],[44.945,-4.582],[45.228,-0.773],[45.225,-0.743]],"c":true},"ix":2},"nm":"Path 1","mn":"ADBE Vector Shape - Group","hd":false},{"ty":"fl","c":{"a":0,"k":[0.059000000299,0.059000000299,0.059000000299,1],"ix":4},"o":{"a":0,"k":100,"ix":5},"r":1,"bm":0,"nm":"Fill 1","mn":"ADBE Vector Graphic - Fill","hd":false},{"ty":"tr","p":{"a":0,"k":[366.536,594.197],"ix":2},"a":{"a":0,"k":[0,0],"ix":1},"s":{"a":0,"k":[100,100],"ix":3},"r":{"a":0,"k":0,"ix":6},"o":{"a":0,"k":100,"ix":7},"sk":{"a":0,"k":0,"ix":4},"sa":{"a":0,"k":0,"ix":5},"nm":"Transform"}],"nm":"Group 1","np":2,"cix":2,"bm":0,"ix":1,"mn":"ADBE Vector Group","hd":false},{"ty":"gr","it":[{"ind":0,"ty":"sh","ix":1,"ks":{"a":0,"k":{"i":[[-2.52,-26.352],[-1.288,-7.208],[-0.07,-0.426],[-0.238,-1.041],[-9.945,-0.549],[-2.912,9.91],[-0.209,1.268],[-0.138,0.672],[-10.729,59.545],[-1.232,14.379],[-0.046,0.508],[0.009,0.011],[-0.196,3.215],[0,0],[0.151,1.274],[9.839,7.348],[12.136,-1.072],[7.304,-8.078],[1.314,-8.428],[0.001,-0.019],[0.024,-0.209],[0.066,-0.507],[0.052,-0.588]],"o":[[0.396,4.198],[0.12,0.72],[0.187,1.056],[2.734,8.882],[10.915,0.596],[0.175,-1.2],[0.106,-0.664],[4.372,-22.86],[2.185,-12.126],[0.046,-0.518],[0,-0.01],[0.278,-3.399],[0,0],[-0.041,-1.267],[-1.486,-12.815],[-9.056,-6.801],[-12.002,1.042],[-5.585,6.154],[-0.011,0.01],[-0.025,0.209],[-0.056,0.507],[-0.061,0.587],[-4.943,47.11]],"v":[[-41.467,62.479],[-36.103,94.414],[-35.804,96.149],[-35.182,99.291],[-14.351,115.41],[9.02,99.107],[9.58,95.408],[9.941,93.408],[41.52,-17.051],[46.829,-58.952],[46.956,-60.477],[46.96,-60.517],[47.678,-70.471],[47.68,-70.5],[47.396,-74.31],[30.885,-105.554],[-1.889,-114.934],[-31.602,-100.37],[-42.288,-78.114],[-42.301,-78.065],[-42.375,-77.438],[-42.553,-75.917],[-42.737,-74.156]],"c":true},"ix":2},"nm":"Path 1","mn":"ADBE Vector Shape - Group","hd":false},{"ty":"fl","c":{"a":0,"k":[0.059000000299,0.059000000299,0.059000000299,1],"ix":4},"o":{"a":0,"k":100,"ix":5},"r":1,"bm":0,"nm":"Fill 1","mn":"ADBE Vector Graphic - Fill","hd":false},{"ty":"tr","p":{"a":0,"k":[364.082,663.923],"ix":2},"a":{"a":0,"k":[0,0],"ix":1},"s":{"a":0,"k":[100,100],"ix":3},"r":{"a":0,"k":0,"ix":6},"o":{"a":0,"k":100,"ix":7},"sk":{"a":0,"k":0,"ix":4},"sa":{"a":0,"k":0,"ix":5},"nm":"Transform"}],"nm":"Group 2","np":2,"cix":2,"bm":0,"ix":2,"mn":"ADBE Vector Group","hd":false}],"ip":0,"op":170,"st":0,"bm":0},{"ddd":0,"ind":12,"ty":4,"nm":"foot_1","sr":1,"ks":{"o":{"a":0,"k":100,"ix":11},"r":{"a":1,"k":[{"i":{"x":[0.667],"y":[1]},"o":{"x":[0.333],"y":[0]},"t":50,"s":[0]},{"i":{"x":[0.667],"y":[1]},"o":{"x":[0.333],"y":[0]},"t":73,"s":[37]},{"i":{"x":[0.667],"y":[1]},"o":{"x":[0.333],"y":[0]},"t":77,"s":[37]},{"t":96,"s":[0]}],"ix":10},"p":{"a":1,"k":[{"i":{"x":0.667,"y":0.609},"o":{"x":0.333,"y":0},"t":50,"s":[668.993,954.872,0],"to":[0.023,-0.945,0],"ti":[-0.863,2.47,0]},{"i":{"x":0.667,"y":0.626},"o":{"x":0.333,"y":0.258},"t":53,"s":[675.675,949.592,0],"to":[1.173,-3.359,0],"ti":[0.358,4.816,0]},{"i":{"x":0.667,"y":0.721},"o":{"x":0.333,"y":0.337},"t":56,"s":[678.785,936.938,0],"to":[-0.63,-8.48,0],"ti":[-0.151,6.284,0]},{"i":{"x":0.667,"y":1},"o":{"x":0.333,"y":0.727},"t":61,"s":[677.694,912.65,0],"to":[0.395,-16.442,0],"ti":[0,0,0]},{"i":{"x":0.667,"y":1},"o":{"x":0.333,"y":0},"t":73,"s":[670.493,892.372,0],"to":[0,0,0],"ti":[0,-0.167,0]},{"i":{"x":0.667,"y":0.534},"o":{"x":0.333,"y":0},"t":77,"s":[670.493,892.372,0],"to":[-0.133,5.536,0],"ti":[0.331,-13.807,0]},{"i":{"x":0.667,"y":0.713},"o":{"x":0.333,"y":0.371},"t":87,"s":[675.684,927.077,0],"to":[-0.156,6.492,0],"ti":[1.719,-5.006,0]},{"i":{"x":0.667,"y":0.721},"o":{"x":0.333,"y":0.449},"t":91,"s":[675.949,944.66,0],"to":[-1.074,3.128,0],"ti":[1.682,-2.121,0]},{"i":{"x":0.667,"y":1},"o":{"x":0.333,"y":0.33},"t":94,"s":[673.135,952.615,0],"to":[-0.673,0.85,0],"ti":[0.016,-0.651,0]},{"t":96,"s":[668.993,954.872,0]}],"ix":2},"a":{"a":0,"k":[365.007,964.872,0],"ix":1},"s":{"a":0,"k":[-100,100,100],"ix":6}},"ao":0,"shapes":[{"ty":"gr","it":[{"ty":"gr","it":[{"ind":0,"ty":"sh","ix":1,"ks":{"a":0,"k":{"i":[[0.011,0.224],[0.446,0.862],[0.282,0.096],[0.082,-0.009],[6.69,0.115],[3.554,-0.128],[3.06,-0.707],[0.288,-0.07],[0.586,-0.147],[1.609,-0.316],[0.141,-0.025],[0.149,-0.027],[0.256,-0.037],[1.281,-0.172],[0.107,-0.01],[0.099,-0.009],[0.858,-0.1],[2.568,-0.188],[2.834,-0.078],[2.895,0.098],[2.748,0.344],[2.685,0.909],[0.065,0.072],[0.013,0.11],[0.387,0.873],[0.351,0.066],[0.088,-0.432],[-0.619,-2.343],[-0.913,-0.299],[-10.871,0.109],[-6.601,0.408],[0,0],[-5.625,-0.252],[-2.147,2.778],[0.081,0.698]],"o":[[-0.123,-1.582],[-0.169,-0.34],[-0.472,-0.162],[-13.659,2.353],[-2.82,-0.055],[-4.323,0.16],[-0.297,0.069],[-0.602,0.147],[-1.6,0.391],[-0.141,0.019],[-0.14,0.027],[-0.248,0.044],[-1.048,0.16],[-0.098,0.008],[-0.099,0.017],[-0.792,0.108],[-2.558,0.288],[-2.826,0.208],[-2.895,0.08],[-2.769,-0.093],[-2.811,-0.35],[-0.093,-0.031],[-0.075,-0.084],[-0.118,-0.933],[-0.151,-0.337],[-0.388,-0.073],[-0.321,1.836],[0.241,0.922],[10.634,3.458],[6.382,-0.065],[0,0],[7.932,-0.488],[21.174,0.961],[0.358,-0.53],[0.063,-0.176]],"v":[[50.876,-1.446],[49.434,-5.938],[48.699,-6.555],[47.657,-6.636],[29.287,-4.603],[20.003,-4.576],[9.278,-3.093],[8.396,-2.893],[6.622,-2.459],[1.879,-1.37],[1.458,-1.3],[1.029,-1.219],[0.278,-1.095],[-3.223,-0.593],[-3.536,-0.557],[-3.842,-0.521],[-6.327,-0.221],[-14.017,0.492],[-22.509,0.928],[-31.199,0.918],[-39.484,0.295],[-47.839,-1.438],[-48.093,-1.576],[-48.199,-1.888],[-48.73,-4.707],[-49.627,-5.283],[-50.566,-4.837],[-50.057,0.437],[-48.218,2.392],[-16.08,6.608],[3.373,5.737],[4.976,5.637],[25.348,5.598],[50.38,0.983],[50.8,-0.845]],"c":true},"ix":2},"nm":"Path 1","mn":"ADBE Vector Shape - Group","hd":false},{"ty":"fl","c":{"a":0,"k":[0.518000006676,0.467000007629,0.40000000596,1],"ix":4},"o":{"a":0,"k":100,"ix":5},"r":1,"bm":0,"nm":"Fill 1","mn":"ADBE Vector Graphic - Fill","hd":false},{"ty":"tr","p":{"a":0,"k":[325.587,1009.341],"ix":2},"a":{"a":0,"k":[0,0],"ix":1},"s":{"a":0,"k":[100,100],"ix":3},"r":{"a":0,"k":0,"ix":6},"o":{"a":0,"k":100,"ix":7},"sk":{"a":0,"k":0,"ix":4},"sa":{"a":0,"k":0,"ix":5},"nm":"Transform"}],"nm":"Group 1","np":2,"cix":2,"bm":0,"ix":1,"mn":"ADBE Vector Group","hd":false},{"ty":"tr","p":{"a":0,"k":[341.007,1000.372],"ix":2},"a":{"a":0,"k":[325.669,1009.319],"ix":1},"s":{"a":0,"k":[87,87],"ix":3},"r":{"a":0,"k":0,"ix":6},"o":{"a":0,"k":100,"ix":7},"sk":{"a":0,"k":0,"ix":4},"sa":{"a":0,"k":0,"ix":5},"nm":"Transform"}],"nm":"sole_1","np":1,"cix":2,"bm":0,"ix":1,"mn":"ADBE Vector Group","hd":false},{"ty":"gr","it":[{"ty":"gr","it":[{"ind":0,"ty":"sh","ix":1,"ks":{"a":0,"k":{"i":[[-0.215,1.6],[-0.04,1.959],[-0.62,3.551],[0.406,3.933],[6.79,-3.14],[3.692,-1.481],[4.506,9.963],[1.951,0.738],[0.387,-1.061],[0,0],[1.107,-0.691],[0,0],[0,0],[0.932,-1.051],[0,0],[1.755,-0.633],[11.239,-2.642],[2.055,-2.633],[-1.895,-4.093],[-9.519,-0.576],[-2.188,0.136],[-1.996,-0.395],[-4.731,-0.089],[-2.099,0.616]],"o":[[0.215,-1.598],[0.04,-1.958],[0.618,-3.548],[-0.741,-7.193],[-0.304,0.141],[-3.218,1.289],[-0.664,-1.469],[-2.735,-1.033],[-0.386,1.061],[-2.176,-0.396],[-1.105,0.692],[0,0],[0,0],[-0.931,1.05],[0.347,0.098],[-7.267,2.624],[-7.828,1.839],[-2.056,2.631],[2.979,6.434],[19.857,1.203],[2.186,-0.137],[1.994,0.393],[4.732,0.09],[3.223,-0.949]],"v":[[48.991,17.509],[48,10.182],[48.677,3.784],[48.318,-5.482],[42.652,-18.219],[35.663,-13.734],[14.724,-20.435],[11.88,-26.26],[8.283,-18.96],[5.303,-15.635],[0.728,-14.474],[-0.406,-12.359],[-1.702,-11.315],[-5.003,-9.604],[-6.971,-5.713],[-13.569,-1.151],[-30.078,6.695],[-46.739,12.252],[-48.94,19.805],[-24.699,26.089],[3.953,23.877],[19.09,22.561],[31.069,24.212],[47.613,21.706]],"c":true},"ix":2},"nm":"Path 1","mn":"ADBE Vector Shape - Group","hd":false},{"ty":"fl","c":{"a":0,"k":[0.118000000715,0.118000000715,0.118000000715,1],"ix":4},"o":{"a":0,"k":100,"ix":5},"r":1,"bm":0,"nm":"Fill 1","mn":"ADBE Vector Graphic - Fill","hd":false},{"ty":"tr","p":{"a":0,"k":[325.428,986.618],"ix":2},"a":{"a":0,"k":[0,0],"ix":1},"s":{"a":0,"k":[100,100],"ix":3},"r":{"a":0,"k":0,"ix":6},"o":{"a":0,"k":100,"ix":7},"sk":{"a":0,"k":0,"ix":4},"sa":{"a":0,"k":0,"ix":5},"nm":"Transform"}],"nm":"Group 1","np":2,"cix":2,"bm":0,"ix":1,"mn":"ADBE Vector Group","hd":false},{"ty":"tr","p":{"a":0,"k":[340.688,980.62],"ix":2},"a":{"a":0,"k":[325.303,986.615],"ix":1},"s":{"a":0,"k":[87,87],"ix":3},"r":{"a":0,"k":0,"ix":6},"o":{"a":0,"k":100,"ix":7},"sk":{"a":0,"k":0,"ix":4},"sa":{"a":0,"k":0,"ix":5},"nm":"Transform"}],"nm":"foot_1","np":1,"cix":2,"bm":0,"ix":2,"mn":"ADBE Vector Group","hd":false},{"ty":"gr","it":[{"ty":"gr","it":[{"ind":0,"ty":"sh","ix":1,"ks":{"a":0,"k":{"i":[[3.541,5.709],[5.709,-3.541],[-3.542,-5.709],[-5.709,3.541]],"o":[[-3.541,-5.709],[-5.709,3.541],[3.541,5.709],[5.709,-3.542]],"v":[[10.338,-6.413],[-6.411,-10.337],[-10.336,6.411],[6.413,10.337]],"c":true},"ix":2},"nm":"Path 1","mn":"ADBE Vector Shape - Group","hd":false},{"ty":"fl","c":{"a":0,"k":[0.804000020027,0.56099998951,0.458999991417,1],"ix":4},"o":{"a":0,"k":100,"ix":5},"r":1,"bm":0,"nm":"Fill 1","mn":"ADBE Vector Graphic - Fill","hd":false},{"ty":"tr","p":{"a":0,"k":[353.666,968.869],"ix":2},"a":{"a":0,"k":[0,0],"ix":1},"s":{"a":0,"k":[100,100],"ix":3},"r":{"a":0,"k":0,"ix":6},"o":{"a":0,"k":100,"ix":7},"sk":{"a":0,"k":0,"ix":4},"sa":{"a":0,"k":0,"ix":5},"nm":"Transform"}],"nm":"Group 1","np":2,"cix":2,"bm":0,"ix":1,"mn":"ADBE Vector Group","hd":false},{"ty":"tr","p":{"a":0,"k":[365.364,965.18],"ix":2},"a":{"a":0,"k":[353.666,968.869],"ix":1},"s":{"a":0,"k":[87,87],"ix":3},"r":{"a":0,"k":0,"ix":6},"o":{"a":0,"k":100,"ix":7},"sk":{"a":0,"k":0,"ix":4},"sa":{"a":0,"k":0,"ix":5},"nm":"Transform"}],"nm":"foot_skin_1","np":1,"cix":2,"bm":0,"ix":3,"mn":"ADBE Vector Group","hd":false}],"ip":0,"op":170,"st":0,"bm":0},{"ddd":0,"ind":13,"ty":4,"nm":"calf_1","parent":12,"sr":1,"ks":{"o":{"a":0,"k":100,"ix":11},"r":{"a":1,"k":[{"i":{"x":[0.667],"y":[-0.028]},"o":{"x":[0.333],"y":[0]},"t":18,"s":[-14]},{"i":{"x":[0.667],"y":[1]},"o":{"x":[0.333],"y":[0.281]},"t":50,"s":[0.325]},{"i":{"x":[0.667],"y":[1]},"o":{"x":[0.333],"y":[0]},"t":73,"s":[38]},{"i":{"x":[0.667],"y":[0.909]},"o":{"x":[0.333],"y":[0]},"t":77,"s":[38]},{"i":{"x":[0.667],"y":[1]},"o":{"x":[0.333],"y":[0.763]},"t":96,"s":[0.239]},{"t":156,"s":[-14]}],"ix":10},"p":{"a":0,"k":[365.11,965.717,0],"ix":2},"a":{"a":0,"k":[365.11,965.717,0],"ix":1},"s":{"a":0,"k":[100,100,100],"ix":6}},"ao":0,"shapes":[{"ty":"gr","it":[{"ty":"gr","it":[{"ind":0,"ty":"sh","ix":1,"ks":{"a":0,"k":{"i":[[0.679,-12.523],[-0.082,-0.968],[-0.082,-0.546],[-0.051,-0.263],[-0.053,-0.244],[-0.007,-0.04],[-0.165,-0.503],[-9.945,-0.549],[-2.912,9.91],[-0.095,1.777],[-0.014,0.19],[0.096,0.919],[0.389,1.32],[10.085,0.548]],"o":[[-0.051,0.999],[0.03,0.564],[0.031,0.263],[0.042,0.254],[0.007,0.051],[0.124,0.52],[2.733,8.883],[10.915,0.597],[0.496,-1.639],[0.012,-0.19],[0.025,-0.94],[-0.132,-1.402],[-2.621,-9.066],[-12.723,-0.693]],"v":[[-23.03,-1.214],[-22.987,1.736],[-22.802,3.393],[-22.668,4.184],[-22.521,4.936],[-22.491,5.079],[-22.066,6.613],[-1.236,22.732],[22.134,6.43],[23.027,1.29],[23.056,0.73],[22.961,-2.064],[22.177,-6.158],[1.241,-22.636]],"c":true},"ix":2},"nm":"Path 1","mn":"ADBE Vector Shape - Group","hd":false},{"ty":"fl","c":{"a":0,"k":[0.059000000358,0.059000000358,0.059000000358,1],"ix":4},"o":{"a":0,"k":100,"ix":5},"r":1,"bm":0,"nm":"Fill 1","mn":"ADBE Vector Graphic - Fill","hd":false},{"ty":"tr","p":{"a":0,"k":[350.967,756.6],"ix":2},"a":{"a":0,"k":[0,0],"ix":1},"s":{"a":0,"k":[100,100],"ix":3},"r":{"a":0,"k":0,"ix":6},"o":{"a":0,"k":100,"ix":7},"sk":{"a":0,"k":0,"ix":4},"sa":{"a":0,"k":0,"ix":5},"nm":"Transform"}],"nm":"Group 1","np":2,"cix":2,"bm":0,"ix":1,"mn":"ADBE Vector Group","hd":false},{"ty":"gr","it":[{"ind":0,"ty":"sh","ix":1,"ks":{"a":0,"k":{"i":[[0.608,-22.401],[3.884,-27.015],[-0.001,0.021],[14.444,56.092],[0.009,0.05],[0.053,0.251],[0.043,0.262],[-0.042,1.56],[-12.665,-0.343],[-2.859,-8.951],[-0.212,-1.396],[-0.074,-0.942]],"o":[[-1.259,46.394],[-4.637,7.186],[0.355,-29.671],[-0.009,-0.04],[-0.063,-0.242],[-0.063,-0.262],[-0.27,-1.477],[0.338,-12.475],[10.057,0.273],[0.384,1.301],[0.146,0.914],[2.088,28.137]],"v":[[30.354,-0.026],[10.017,96.194],[-16.499,98.259],[-30.209,-74.826],[-30.246,-74.967],[-30.415,-75.712],[-30.574,-76.497],[-30.92,-81.068],[-7.366,-103.037],[13.914,-87.214],[14.803,-83.158],[15.128,-80.379]],"c":true},"ix":2},"nm":"Path 1","mn":"ADBE Vector Shape - Group","hd":false},{"ty":"fl","c":{"a":0,"k":[0.059000000358,0.059000000358,0.059000000358,1],"ix":4},"o":{"a":0,"k":100,"ix":5},"r":1,"bm":0,"nm":"Fill 1","mn":"ADBE Vector Graphic - Fill","hd":false},{"ty":"tr","p":{"a":0,"k":[358.824,837.072],"ix":2},"a":{"a":0,"k":[0,0],"ix":1},"s":{"a":0,"k":[100,100],"ix":3},"r":{"a":0,"k":0,"ix":6},"o":{"a":0,"k":100,"ix":7},"sk":{"a":0,"k":0,"ix":4},"sa":{"a":0,"k":0,"ix":5},"nm":"Transform"}],"nm":"Group 2","np":2,"cix":2,"bm":0,"ix":2,"mn":"ADBE Vector Group","hd":false},{"ty":"tr","p":{"a":0,"k":[369.61,849.165],"ix":2},"a":{"a":0,"k":[358.547,835.517],"ix":1},"s":{"a":0,"k":[87,87],"ix":3},"r":{"a":0,"k":0,"ix":6},"o":{"a":0,"k":100,"ix":7},"sk":{"a":0,"k":0,"ix":4},"sa":{"a":0,"k":0,"ix":5},"nm":"Transform"}],"nm":"calf_1","np":2,"cix":2,"bm":0,"ix":1,"mn":"ADBE Vector Group","hd":false},{"ty":"gr","it":[{"ty":"gr","it":[{"ind":0,"ty":"sh","ix":1,"ks":{"a":0,"k":{"i":[[0,0],[-3.212,23.358],[0.5,-18.417],[0.264,-4.843],[-11.202,-0.708]],"o":[[1.507,-12.723],[0.135,-16.574],[-0.69,25.409],[0,0],[12.653,0.799]],"v":[[10.619,26.925],[14.308,-13.966],[-11.085,-19.245],[-13.652,24.48],[-3.241,36.862]],"c":true},"ix":2},"nm":"Path 1","mn":"ADBE Vector Shape - Group","hd":false},{"ty":"fl","c":{"a":0,"k":[0.847000002861,0.60799998045,0.501999974251,1],"ix":4},"o":{"a":0,"k":100,"ix":5},"r":1,"bm":0,"nm":"Fill 1","mn":"ADBE Vector Graphic - Fill","hd":false},{"ty":"tr","p":{"a":0,"k":[354.752,944],"ix":2},"a":{"a":0,"k":[0,0],"ix":1},"s":{"a":0,"k":[100,100],"ix":3},"r":{"a":0,"k":0,"ix":6},"o":{"a":0,"k":100,"ix":7},"sk":{"a":0,"k":0,"ix":4},"sa":{"a":0,"k":0,"ix":5},"nm":"Transform"}],"nm":"Group 1","np":2,"cix":2,"bm":0,"ix":1,"mn":"ADBE Vector Group","hd":false},{"ty":"tr","p":{"a":0,"k":[366.59,946.492],"ix":2},"a":{"a":0,"k":[355.075,947.388],"ix":1},"s":{"a":0,"k":[87,87],"ix":3},"r":{"a":0,"k":0,"ix":6},"o":{"a":0,"k":100,"ix":7},"sk":{"a":0,"k":0,"ix":4},"sa":{"a":0,"k":0,"ix":5},"nm":"Transform"}],"nm":"calf_skin_1","np":1,"cix":2,"bm":0,"ix":2,"mn":"ADBE Vector Group","hd":false}],"ip":0,"op":170,"st":0,"bm":0},{"ddd":0,"ind":14,"ty":4,"nm":"lower_body_skin","parent":5,"sr":1,"ks":{"o":{"a":0,"k":100,"ix":11},"r":{"a":0,"k":0,"ix":10},"p":{"a":0,"k":[370.903,502.166,0],"ix":2},"a":{"a":0,"k":[370.903,502.166,0],"ix":1},"s":{"a":0,"k":[100,100,100],"ix":6}},"ao":0,"shapes":[{"ty":"gr","it":[{"ind":0,"ty":"sh","ix":1,"ks":{"a":0,"k":{"i":[[0,0],[0,0],[-0.832,18.61],[-20.721,0],[0,0]],"o":[[-47.7,47.36],[1.339,-14.016],[0,0],[21.08,0],[1.646,24.356]],"v":[[41.401,-2.237],[-41.401,-4.51],[-40.043,-44.789],[-2.043,-42.698],[33.137,-45.123]],"c":true},"ix":2},"nm":"Path 1","mn":"ADBE Vector Shape - Group","hd":false},{"ty":"fl","c":{"a":0,"k":[0.847000002394,0.607999973671,0.501999978458,1],"ix":4},"o":{"a":0,"k":100,"ix":5},"r":1,"bm":0,"nm":"Fill 1","mn":"ADBE Vector Graphic - Fill","hd":false},{"ty":"tr","p":{"a":0,"k":[370.903,515.608],"ix":2},"a":{"a":0,"k":[0,0],"ix":1},"s":{"a":0,"k":[100,100],"ix":3},"r":{"a":0,"k":0,"ix":6},"o":{"a":0,"k":100,"ix":7},"sk":{"a":0,"k":0,"ix":4},"sa":{"a":0,"k":0,"ix":5},"nm":"Transform"}],"nm":"Group 1","np":2,"cix":2,"bm":0,"ix":1,"mn":"ADBE Vector Group","hd":false}],"ip":0,"op":170,"st":0,"bm":0},{"ddd":0,"ind":15,"ty":4,"nm":"arm_1","parent":6,"sr":1,"ks":{"o":{"a":0,"k":100,"ix":11},"r":{"a":0,"k":0,"ix":10},"p":{"a":0,"k":[348.858,472.641,0],"ix":2},"a":{"a":0,"k":[334.693,402.732,0],"ix":1},"s":{"a":0,"k":[87,87,100],"ix":6}},"ao":0,"shapes":[{"ty":"gr","it":[{"ind":0,"ty":"sh","ix":1,"ks":{"a":0,"k":{"i":[[-15.836,18.469],[-24.307,28.965],[-3.957,6.054],[-7.699,12.667],[-7.732,-0.572],[-1.677,-13.722],[21.607,-14.276],[27.893,-28.021]],"o":[[12.83,-14.962],[14.8,-17.636],[0,0],[9.213,-15.158],[7.364,0.545],[1.356,11.1],[-20.327,41.548],[-19.425,19.512]],"v":[[-54.578,45.728],[-16.964,-11.384],[10.284,-42.564],[20.004,-65.184],[47.491,-84.124],[69.059,-64.645],[45.085,-30.236],[-30.359,65.185]],"c":true},"ix":2},"nm":"Path 1","mn":"ADBE Vector Shape - Group","hd":false},{"ty":"fl","c":{"a":0,"k":[0.46699999641,0.136999990426,0.255000005984,1],"ix":4},"o":{"a":0,"k":100,"ix":5},"r":1,"bm":0,"nm":"Fill 1","mn":"ADBE Vector Graphic - Fill","hd":false},{"ty":"tr","p":{"a":0,"k":[330.144,408.273],"ix":2},"a":{"a":0,"k":[0,0],"ix":1},"s":{"a":0,"k":[100,100],"ix":3},"r":{"a":0,"k":0,"ix":6},"o":{"a":0,"k":100,"ix":7},"sk":{"a":0,"k":0,"ix":4},"sa":{"a":0,"k":0,"ix":5},"nm":"Transform"}],"nm":"Group 1","np":2,"cix":2,"bm":0,"ix":1,"mn":"ADBE Vector Group","hd":false},{"ty":"gr","it":[{"ind":0,"ty":"sh","ix":1,"ks":{"a":0,"k":{"i":[[0,13.159],[13.158,0],[0,-13.158],[-13.158,0]],"o":[[0,-13.158],[-13.158,0],[0,13.159],[13.158,0]],"v":[[23.825,0],[0,-23.825],[-23.825,0],[0,23.825]],"c":true},"ix":2},"nm":"Path 1","mn":"ADBE Vector Shape - Group","hd":false},{"ty":"fl","c":{"a":0,"k":[0.46699999641,0.136999990426,0.255000005984,1],"ix":4},"o":{"a":0,"k":100,"ix":5},"r":1,"bm":0,"nm":"Fill 1","mn":"ADBE Vector Graphic - Fill","hd":false},{"ty":"tr","p":{"a":0,"k":[375.593,348.094],"ix":2},"a":{"a":0,"k":[0,0],"ix":1},"s":{"a":0,"k":[100,100],"ix":3},"r":{"a":0,"k":0,"ix":6},"o":{"a":0,"k":100,"ix":7},"sk":{"a":0,"k":0,"ix":4},"sa":{"a":0,"k":0,"ix":5},"nm":"Transform"}],"nm":"Group 2","np":2,"cix":2,"bm":0,"ix":2,"mn":"ADBE Vector Group","hd":false}],"ip":0,"op":170,"st":0,"bm":0},{"ddd":0,"ind":16,"ty":4,"nm":"forearm_1","parent":15,"sr":1,"ks":{"o":{"a":0,"k":100,"ix":11},"r":{"a":0,"k":0,"ix":10},"p":{"a":0,"k":[279.243,414.827,0],"ix":2},"a":{"a":0,"k":[279.243,414.827,0],"ix":1},"s":{"a":0,"k":[100,100,100],"ix":6}},"ao":0,"shapes":[{"ty":"gr","it":[{"ind":0,"ty":"sh","ix":1,"ks":{"a":0,"k":{"i":[[2.509,5.789],[0.02,0.074],[-7.555,3.275],[-3.441,-7.94],[-0.147,-0.419],[5.861,-3.682],[0.695,-0.302],[2.091,0.071],[0.029,0.001]],"o":[[-0.03,-0.069],[-3.308,-7.892],[7.63,-3.307],[0.181,0.416],[2.341,6.887],[-0.619,0.398],[-2.029,0.879],[-0.033,0.003],[-5.819,-0.19]],"v":[[-13.533,7.01],[-13.609,6.807],[-5.951,-13.351],[14.092,-4.964],[14.577,-3.714],[8.48,14.354],[6.51,15.397],[0.259,16.587],[0.174,16.576]],"c":true},"ix":2},"nm":"Path 1","mn":"ADBE Vector Shape - Group","hd":false},{"ty":"fl","c":{"a":0,"k":[0.46699999641,0.136999990426,0.255000005984,1],"ix":4},"o":{"a":0,"k":100,"ix":5},"r":1,"bm":0,"nm":"Fill 1","mn":"ADBE Vector Graphic - Fill","hd":false},{"ty":"tr","p":{"a":0,"k":[284.923,465.483],"ix":2},"a":{"a":0,"k":[0,0],"ix":1},"s":{"a":0,"k":[100,100],"ix":3},"r":{"a":0,"k":0,"ix":6},"o":{"a":0,"k":100,"ix":7},"sk":{"a":0,"k":0,"ix":4},"sa":{"a":0,"k":0,"ix":5},"nm":"Transform"}],"nm":"Group 1","np":2,"cix":2,"bm":0,"ix":1,"mn":"ADBE Vector Group","hd":false},{"ty":"gr","it":[{"ind":0,"ty":"sh","ix":1,"ks":{"a":0,"k":{"i":[[1.911,5.62],[6.493,29.683],[-0.282,-1.023],[0.636,-31.518],[3.775,-3.326],[0.23,-0.173],[0.625,-0.271],[0.024,0.009]],"o":[[-15.558,-45.768],[10.155,-4.771],[4.239,20.913],[-0.195,9.68],[-0.228,0.2],[-0.562,0.345],[-1.824,0.79],[-7.395,0.696]],"v":[[-7.267,58.254],[-20.69,-64.221],[-2.999,-62.842],[22.19,49.685],[17.419,65.183],[15.986,66.167],[14.208,67.086],[8.581,68.296]],"c":true},"ix":2},"nm":"Path 1","mn":"ADBE Vector Shape - Group","hd":false},{"ty":"fl","c":{"a":0,"k":[0.46699999641,0.136999990426,0.255000005984,1],"ix":4},"o":{"a":0,"k":100,"ix":5},"r":1,"bm":0,"nm":"Fill 1","mn":"ADBE Vector Graphic - Fill","hd":false},{"ty":"tr","p":{"a":0,"k":[278.486,413.758],"ix":2},"a":{"a":0,"k":[0,0],"ix":1},"s":{"a":0,"k":[100,100],"ix":3},"r":{"a":0,"k":0,"ix":6},"o":{"a":0,"k":100,"ix":7},"sk":{"a":0,"k":0,"ix":4},"sa":{"a":0,"k":0,"ix":5},"nm":"Transform"}],"nm":"Group 2","np":2,"cix":2,"bm":0,"ix":2,"mn":"ADBE Vector Group","hd":false}],"ip":0,"op":170,"st":0,"bm":0},{"ddd":0,"ind":17,"ty":4,"nm":"hand_1","parent":16,"sr":1,"ks":{"o":{"a":0,"k":100,"ix":11},"r":{"a":0,"k":0,"ix":10},"p":{"a":0,"k":[262.32,324.269,0],"ix":2},"a":{"a":0,"k":[262.32,324.269,0],"ix":1},"s":{"a":0,"k":[100,100,100],"ix":6}},"ao":0,"shapes":[{"ty":"gr","it":[{"ind":0,"ty":"sh","ix":1,"ks":{"a":0,"k":{"i":[[1.43,0.167],[1.254,0.316],[1.588,-0.613],[1.656,-0.214],[0.549,-0.842],[0.62,-1.309],[-0.329,-4.169],[-0.692,-3.425],[-1.76,-5.138],[-1.346,-0.708],[-0.622,-0.142],[-2.431,4],[-0.817,1.729],[-1.151,3.155],[-1.457,3.238],[0.59,1.678],[1.376,2.252],[2.698,1.468]],"o":[[-1.289,-0.15],[-1.828,-0.461],[-1.589,0.614],[-1.078,0.139],[-0.787,1.208],[-1.831,3.869],[0.267,3.375],[1.93,9.537],[1.226,3.581],[0.563,0.297],[4.389,0.999],[0.999,-1.644],[1.462,-3.095],[1.218,-3.338],[0.651,-1.448],[-0.828,-2.36],[-1.353,-2.214],[-1.342,-0.73]],"v":[[4.128,-32.495],[0.431,-33.518],[-4.543,-32.833],[-9.12,-32],[-12.184,-30.451],[-13.986,-26.299],[-17.049,-13.878],[-13.252,7.038],[-4.91,23.257],[-0.268,32.393],[1.549,32.981],[11.58,28.488],[9.679,7.303],[10.676,-7.774],[15.668,-15.829],[16.789,-21.139],[14.212,-25.673],[8.796,-31.839]],"c":true},"ix":2},"nm":"Path 1","mn":"ADBE Vector Shape - Group","hd":false},{"ty":"fl","c":{"a":0,"k":[0.788000009574,0.54900004069,0.458999992819,1],"ix":4},"o":{"a":0,"k":100,"ix":5},"r":1,"bm":0,"nm":"Fill 1","mn":"ADBE Vector Graphic - Fill","hd":false},{"ty":"tr","p":{"a":0,"k":[262.386,324.475],"ix":2},"a":{"a":0,"k":[0,0],"ix":1},"s":{"a":0,"k":[100,100],"ix":3},"r":{"a":0,"k":0,"ix":6},"o":{"a":0,"k":100,"ix":7},"sk":{"a":0,"k":0,"ix":4},"sa":{"a":0,"k":0,"ix":5},"nm":"Transform"}],"nm":"Group 1","np":2,"cix":2,"bm":0,"ix":1,"mn":"ADBE Vector Group","hd":false}],"ip":0,"op":170,"st":0,"bm":0},{"ddd":0,"ind":18,"ty":4,"nm":"bench","sr":1,"ks":{"o":{"a":0,"k":100,"ix":11},"r":{"a":0,"k":0,"ix":10},"p":{"a":0,"k":[336.979,874.623,0],"ix":2},"a":{"a":0,"k":[734.881,876.274,0],"ix":1},"s":{"a":0,"k":[-87,87,100],"ix":6}},"ao":0,"shapes":[{"ty":"gr","it":[{"ind":0,"ty":"sh","ix":1,"ks":{"a":0,"k":{"i":[[0,0],[0,0],[0,0],[0,0]],"o":[[0,0],[0,0],[0,0],[0,0]],"v":[[-106.671,55.249],[106.671,55.249],[80.821,-55.249],[-80.821,-55.249]],"c":true},"ix":2},"nm":"Path 1","mn":"ADBE Vector Shape - Group","hd":false},{"ty":"fl","c":{"a":0,"k":[0.866999966491,0.866999966491,0.866999966491,1],"ix":4},"o":{"a":0,"k":100,"ix":5},"r":1,"bm":0,"nm":"Fill 1","mn":"ADBE Vector Graphic - Fill","hd":false},{"ty":"tr","p":{"a":0,"k":[734.881,776.224],"ix":2},"a":{"a":0,"k":[0,0],"ix":1},"s":{"a":0,"k":[100,100],"ix":3},"r":{"a":0,"k":0,"ix":6},"o":{"a":0,"k":100,"ix":7},"sk":{"a":0,"k":0,"ix":4},"sa":{"a":0,"k":0,"ix":5},"nm":"Transform"}],"nm":"Group 1","np":2,"cix":2,"bm":0,"ix":1,"mn":"ADBE Vector Group","hd":false},{"ty":"gr","it":[{"ind":0,"ty":"sh","ix":1,"ks":{"a":0,"k":{"i":[[0,0],[0,0],[0,0],[0,0]],"o":[[0,0],[0,0],[0,0],[0,0]],"v":[[-106.671,19.843],[106.671,19.843],[106.671,-19.843],[-106.671,-19.843]],"c":true},"ix":2},"nm":"Path 1","mn":"ADBE Vector Shape - Group","hd":false},{"ty":"fl","c":{"a":0,"k":[0.783999992819,0.791999966491,0.8,1],"ix":4},"o":{"a":0,"k":100,"ix":5},"r":1,"bm":0,"nm":"Fill 1","mn":"ADBE Vector Graphic - Fill","hd":false},{"ty":"tr","p":{"a":0,"k":[734.881,851.315],"ix":2},"a":{"a":0,"k":[0,0],"ix":1},"s":{"a":0,"k":[100,100],"ix":3},"r":{"a":0,"k":0,"ix":6},"o":{"a":0,"k":100,"ix":7},"sk":{"a":0,"k":0,"ix":4},"sa":{"a":0,"k":0,"ix":5},"nm":"Transform"}],"nm":"Group 2","np":2,"cix":2,"bm":0,"ix":2,"mn":"ADBE Vector Group","hd":false},{"ty":"gr","it":[{"ind":0,"ty":"sh","ix":1,"ks":{"a":0,"k":{"i":[[0,0],[0,0],[0,0],[0,0]],"o":[[0,0],[0,0],[0,0],[0,0]],"v":[[-2.528,70.02],[2.527,75.905],[2.527,-75.905],[-2.528,-75.905]],"c":true},"ix":2},"nm":"Path 1","mn":"ADBE Vector Shape - Group","hd":false},{"ty":"fl","c":{"a":0,"k":[0.698000021542,0.709999952129,0.717999985639,1],"ix":4},"o":{"a":0,"k":100,"ix":5},"r":1,"bm":0,"nm":"Fill 1","mn":"ADBE Vector Graphic - Fill","hd":false},{"ty":"tr","p":{"a":0,"k":[776.164,888.235],"ix":2},"a":{"a":0,"k":[0,0],"ix":1},"s":{"a":0,"k":[100,100],"ix":3},"r":{"a":0,"k":0,"ix":6},"o":{"a":0,"k":100,"ix":7},"sk":{"a":0,"k":0,"ix":4},"sa":{"a":0,"k":0,"ix":5},"nm":"Transform"}],"nm":"Group 3","np":2,"cix":2,"bm":0,"ix":3,"mn":"ADBE Vector Group","hd":false},{"ty":"gr","it":[{"ind":0,"ty":"sh","ix":1,"ks":{"a":0,"k":{"i":[[0,0],[0,0],[0,0],[0,0]],"o":[[0,0],[0,0],[0,0],[0,0]],"v":[[-3.724,75.905],[3.724,75.905],[3.724,-75.905],[-3.724,-75.905]],"c":true},"ix":2},"nm":"Path 1","mn":"ADBE Vector Shape - Group","hd":false},{"ty":"fl","c":{"a":0,"k":[0.783999992819,0.791999966491,0.8,1],"ix":4},"o":{"a":0,"k":100,"ix":5},"r":1,"bm":0,"nm":"Fill 1","mn":"ADBE Vector Graphic - Fill","hd":false},{"ty":"tr","p":{"a":0,"k":[782.416,888.235],"ix":2},"a":{"a":0,"k":[0,0],"ix":1},"s":{"a":0,"k":[100,100],"ix":3},"r":{"a":0,"k":0,"ix":6},"o":{"a":0,"k":100,"ix":7},"sk":{"a":0,"k":0,"ix":4},"sa":{"a":0,"k":0,"ix":5},"nm":"Transform"}],"nm":"Group 4","np":2,"cix":2,"bm":0,"ix":4,"mn":"ADBE Vector Group","hd":false},{"ty":"gr","it":[{"ind":0,"ty":"sh","ix":1,"ks":{"a":0,"k":{"i":[[0,0],[0,0],[0,0],[0,0]],"o":[[0,0],[0,0],[0,0],[0,0]],"v":[[2.528,70.02],[-2.528,75.905],[-2.528,-75.905],[2.528,-75.905]],"c":true},"ix":2},"nm":"Path 1","mn":"ADBE Vector Shape - Group","hd":false},{"ty":"fl","c":{"a":0,"k":[0.698000021542,0.709999952129,0.717999985639,1],"ix":4},"o":{"a":0,"k":100,"ix":5},"r":1,"bm":0,"nm":"Fill 1","mn":"ADBE Vector Graphic - Fill","hd":false},{"ty":"tr","p":{"a":0,"k":[691.774,888.235],"ix":2},"a":{"a":0,"k":[0,0],"ix":1},"s":{"a":0,"k":[100,100],"ix":3},"r":{"a":0,"k":0,"ix":6},"o":{"a":0,"k":100,"ix":7},"sk":{"a":0,"k":0,"ix":4},"sa":{"a":0,"k":0,"ix":5},"nm":"Transform"}],"nm":"Group 5","np":2,"cix":2,"bm":0,"ix":5,"mn":"ADBE Vector Group","hd":false},{"ty":"gr","it":[{"ind":0,"ty":"sh","ix":1,"ks":{"a":0,"k":{"i":[[0,0],[0,0],[0,0],[0,0]],"o":[[0,0],[0,0],[0,0],[0,0]],"v":[[3.724,75.905],[-3.724,75.905],[-3.724,-75.905],[3.724,-75.905]],"c":true},"ix":2},"nm":"Path 1","mn":"ADBE Vector Shape - Group","hd":false},{"ty":"fl","c":{"a":0,"k":[0.783999992819,0.791999966491,0.8,1],"ix":4},"o":{"a":0,"k":100,"ix":5},"r":1,"bm":0,"nm":"Fill 1","mn":"ADBE Vector Graphic - Fill","hd":false},{"ty":"tr","p":{"a":0,"k":[685.523,888.235],"ix":2},"a":{"a":0,"k":[0,0],"ix":1},"s":{"a":0,"k":[100,100],"ix":3},"r":{"a":0,"k":0,"ix":6},"o":{"a":0,"k":100,"ix":7},"sk":{"a":0,"k":0,"ix":4},"sa":{"a":0,"k":0,"ix":5},"nm":"Transform"}],"nm":"Group 6","np":2,"cix":2,"bm":0,"ix":6,"mn":"ADBE Vector Group","hd":false},{"ty":"gr","it":[{"ind":0,"ty":"sh","ix":1,"ks":{"a":0,"k":{"i":[[0,0],[0,0],[0,0],[0,0]],"o":[[0,0],[0,0],[0,0],[0,0]],"v":[[3.673,75.498],[-3.672,81.843],[-3.672,-81.843],[3.673,-81.843]],"c":true},"ix":2},"nm":"Path 1","mn":"ADBE Vector Shape - Group","hd":false},{"ty":"fl","c":{"a":0,"k":[0.698000021542,0.709999952129,0.717999985639,1],"ix":4},"o":{"a":0,"k":100,"ix":5},"r":1,"bm":0,"nm":"Fill 1","mn":"ADBE Vector Graphic - Fill","hd":false},{"ty":"tr","p":{"a":0,"k":[668.556,949.731],"ix":2},"a":{"a":0,"k":[0,0],"ix":1},"s":{"a":0,"k":[100,100],"ix":3},"r":{"a":0,"k":0,"ix":6},"o":{"a":0,"k":100,"ix":7},"sk":{"a":0,"k":0,"ix":4},"sa":{"a":0,"k":0,"ix":5},"nm":"Transform"}],"nm":"Group 7","np":2,"cix":2,"bm":0,"ix":7,"mn":"ADBE Vector Group","hd":false},{"ty":"gr","it":[{"ind":0,"ty":"sh","ix":1,"ks":{"a":0,"k":{"i":[[0,0],[0,0],[0,0],[0,0]],"o":[[0,0],[0,0],[0,0],[0,0]],"v":[[5.412,81.843],[-5.412,81.843],[-5.412,-81.843],[5.412,-81.843]],"c":true},"ix":2},"nm":"Path 1","mn":"ADBE Vector Shape - Group","hd":false},{"ty":"fl","c":{"a":0,"k":[0.783999992819,0.791999966491,0.8,1],"ix":4},"o":{"a":0,"k":100,"ix":5},"r":1,"bm":0,"nm":"Fill 1","mn":"ADBE Vector Graphic - Fill","hd":false},{"ty":"tr","p":{"a":0,"k":[659.472,949.731],"ix":2},"a":{"a":0,"k":[0,0],"ix":1},"s":{"a":0,"k":[100,100],"ix":3},"r":{"a":0,"k":0,"ix":6},"o":{"a":0,"k":100,"ix":7},"sk":{"a":0,"k":0,"ix":4},"sa":{"a":0,"k":0,"ix":5},"nm":"Transform"}],"nm":"Group 8","np":2,"cix":2,"bm":0,"ix":8,"mn":"ADBE Vector Group","hd":false},{"ty":"gr","it":[{"ind":0,"ty":"sh","ix":1,"ks":{"a":0,"k":{"i":[[0,0],[0,0],[0,0],[0,0]],"o":[[0,0],[0,0],[0,0],[0,0]],"v":[[-3.672,75.498],[3.672,81.843],[3.672,-81.843],[-3.672,-81.843]],"c":true},"ix":2},"nm":"Path 1","mn":"ADBE Vector Shape - Group","hd":false},{"ty":"fl","c":{"a":0,"k":[0.698000021542,0.709999952129,0.717999985639,1],"ix":4},"o":{"a":0,"k":100,"ix":5},"r":1,"bm":0,"nm":"Fill 1","mn":"ADBE Vector Graphic - Fill","hd":false},{"ty":"tr","p":{"a":0,"k":[800.96,949.731],"ix":2},"a":{"a":0,"k":[0,0],"ix":1},"s":{"a":0,"k":[100,100],"ix":3},"r":{"a":0,"k":0,"ix":6},"o":{"a":0,"k":100,"ix":7},"sk":{"a":0,"k":0,"ix":4},"sa":{"a":0,"k":0,"ix":5},"nm":"Transform"}],"nm":"Group 9","np":2,"cix":2,"bm":0,"ix":9,"mn":"ADBE Vector Group","hd":false},{"ty":"gr","it":[{"ind":0,"ty":"sh","ix":1,"ks":{"a":0,"k":{"i":[[0,0],[0,0],[0,0],[0,0]],"o":[[0,0],[0,0],[0,0],[0,0]],"v":[[-5.412,81.843],[5.412,81.843],[5.412,-81.843],[-5.412,-81.843]],"c":true},"ix":2},"nm":"Path 1","mn":"ADBE Vector Shape - Group","hd":false},{"ty":"fl","c":{"a":0,"k":[0.783999992819,0.791999966491,0.8,1],"ix":4},"o":{"a":0,"k":100,"ix":5},"r":1,"bm":0,"nm":"Fill 1","mn":"ADBE Vector Graphic - Fill","hd":false},{"ty":"tr","p":{"a":0,"k":[810.044,949.731],"ix":2},"a":{"a":0,"k":[0,0],"ix":1},"s":{"a":0,"k":[100,100],"ix":3},"r":{"a":0,"k":0,"ix":6},"o":{"a":0,"k":100,"ix":7},"sk":{"a":0,"k":0,"ix":4},"sa":{"a":0,"k":0,"ix":5},"nm":"Transform"}],"nm":"Group 10","np":2,"cix":2,"bm":0,"ix":10,"mn":"ADBE Vector Group","hd":false}],"ip":0,"op":170,"st":0,"bm":0}],"markers":[]}