{"v":"5.6.9","fr":60,"ip":0,"op":180,"w":1080,"h":1080,"nm":"Comp 1","ddd":0,"assets":[{"id":"comp_0","layers":[{"ddd":0,"ind":1,"ty":4,"nm":"Shape Layer 2","parent":2,"sr":1,"ks":{"o":{"a":0,"k":100,"ix":11},"r":{"a":0,"k":0,"ix":10},"p":{"a":0,"k":[226.717,261.827,0],"ix":2},"a":{"a":0,"k":[0,0,0],"ix":1},"s":{"a":0,"k":[100,100,100],"ix":6}},"ao":0,"shapes":[{"ty":"gr","it":[{"ind":0,"ty":"sh","ix":1,"ks":{"a":0,"k":{"i":[[0,0],[0,0]],"o":[[0,0],[0,0]],"v":[[4.5,-139.25],[4.5,-114.25]],"c":false},"ix":2},"nm":"Path 1","mn":"ADBE Vector Shape - Group","hd":false},{"ty":"st","c":{"a":0,"k":[0.933333393172,0.658823529412,0.525490196078,1],"ix":3},"o":{"a":0,"k":100,"ix":4},"w":{"a":0,"k":2,"ix":5},"lc":1,"lj":1,"ml":4,"bm":0,"nm":"Stroke 1","mn":"ADBE Vector Graphic - Stroke","hd":false},{"ty":"tr","p":{"a":0,"k":[0,0],"ix":2},"a":{"a":0,"k":[0,0],"ix":1},"s":{"a":0,"k":[100,100],"ix":3},"r":{"a":0,"k":0,"ix":6},"o":{"a":0,"k":100,"ix":7},"sk":{"a":0,"k":0,"ix":4},"sa":{"a":0,"k":0,"ix":5},"nm":"Transform"}],"nm":"Shape 1","np":3,"cix":2,"bm":0,"ix":1,"mn":"ADBE Vector Group","hd":false}],"ip":0,"op":900.900900900901,"st":0,"bm":0},{"ddd":0,"ind":2,"ty":4,"nm":"upper body Outlines","sr":1,"ks":{"o":{"a":0,"k":100,"ix":11},"r":{"a":0,"k":0,"ix":10},"p":{"a":1,"k":[{"i":{"x":0.42,"y":1},"o":{"x":0.58,"y":0},"t":34.517,"s":[300.29,142.839,0],"to":[0,12.167,0],"ti":[0,0,0]},{"i":{"x":0.42,"y":1},"o":{"x":0.58,"y":0},"t":103.919,"s":[300.29,215.839,0],"to":[0,0,0],"ti":[0,12.167,0]},{"t":177.177177177177,"s":[300.29,142.839,0]}],"ix":2},"a":{"a":0,"k":[233.007,129.666,0],"ix":1},"s":{"a":0,"k":[100,100,100],"ix":6}},"ao":0,"shapes":[{"ty":"gr","it":[{"ind":0,"ty":"sh","ix":1,"ks":{"a":0,"k":{"i":[[0,0],[0,0],[0,0],[0,0]],"o":[[0,0],[0,0],[0,0],[0,0]],"v":[[-10.757,36.938],[10.757,36.938],[10.757,-36.938],[-10.757,-36.938]],"c":true},"ix":2},"nm":"Path 1","mn":"ADBE Vector Shape - Group","hd":false},{"ty":"fl","c":{"a":0,"k":[0.827450980392,0.172549019608,0.086274509804,1],"ix":4},"o":{"a":0,"k":100,"ix":5},"r":1,"bm":0,"nm":"Fill 1","mn":"ADBE Vector Graphic - Fill","hd":false},{"ty":"tr","p":{"a":0,"k":[11.006,63.737],"ix":2},"a":{"a":0,"k":[0,0],"ix":1},"s":{"a":0,"k":[100,100],"ix":3},"r":{"a":0,"k":0,"ix":6},"o":{"a":0,"k":100,"ix":7},"sk":{"a":0,"k":0,"ix":4},"sa":{"a":0,"k":0,"ix":5},"nm":"Transform"}],"nm":"Group 1","np":2,"cix":2,"bm":0,"ix":1,"mn":"ADBE Vector Group","hd":false},{"ty":"gr","it":[{"ind":0,"ty":"sh","ix":1,"ks":{"a":0,"k":{"i":[[0,0],[0,0],[0,0],[0,0]],"o":[[0,0],[0,0],[0,0],[0,0]],"v":[[-11.363,50.579],[11.363,50.579],[11.363,-50.579],[-11.363,-50.579]],"c":true},"ix":2},"nm":"Path 1","mn":"ADBE Vector Shape - Group","hd":false},{"ty":"fl","c":{"a":0,"k":[0.827450980392,0.172549019608,0.086274509804,1],"ix":4},"o":{"a":0,"k":100,"ix":5},"r":1,"bm":0,"nm":"Fill 1","mn":"ADBE Vector Graphic - Fill","hd":false},{"ty":"tr","p":{"a":0,"k":[30.831,63.738],"ix":2},"a":{"a":0,"k":[0,0],"ix":1},"s":{"a":0,"k":[100,100],"ix":3},"r":{"a":0,"k":0,"ix":6},"o":{"a":0,"k":100,"ix":7},"sk":{"a":0,"k":0,"ix":4},"sa":{"a":0,"k":0,"ix":5},"nm":"Transform"}],"nm":"Group 2","np":2,"cix":2,"bm":0,"ix":2,"mn":"ADBE Vector Group","hd":false},{"ty":"gr","it":[{"ind":0,"ty":"sh","ix":1,"ks":{"a":0,"k":{"i":[[0,0],[0,0],[0,0],[0,0]],"o":[[0,0],[0,0],[0,0],[0,0]],"v":[[-9.609,63.489],[9.609,63.489],[9.609,-63.489],[-9.609,-63.489]],"c":true},"ix":2},"nm":"Path 1","mn":"ADBE Vector Shape - Group","hd":false},{"ty":"fl","c":{"a":0,"k":[0.827450980392,0.172549019608,0.086274509804,1],"ix":4},"o":{"a":0,"k":100,"ix":5},"r":1,"bm":0,"nm":"Fill 1","mn":"ADBE Vector Graphic - Fill","hd":false},{"ty":"tr","p":{"a":0,"k":[48.294,63.739],"ix":2},"a":{"a":0,"k":[0,0],"ix":1},"s":{"a":0,"k":[100,100],"ix":3},"r":{"a":0,"k":0,"ix":6},"o":{"a":0,"k":100,"ix":7},"sk":{"a":0,"k":0,"ix":4},"sa":{"a":0,"k":0,"ix":5},"nm":"Transform"}],"nm":"Group 3","np":2,"cix":2,"bm":0,"ix":3,"mn":"ADBE Vector Group","hd":false},{"ty":"gr","it":[{"ind":0,"ty":"sh","ix":1,"ks":{"a":0,"k":{"i":[[0,0],[0,0],[0,0],[0,0]],"o":[[0,0],[0,0],[0,0],[0,0]],"v":[[10.68,36.938],[-10.68,36.938],[-10.68,-36.938],[10.68,-36.938]],"c":true},"ix":2},"nm":"Path 1","mn":"ADBE Vector Shape - Group","hd":false},{"ty":"fl","c":{"a":0,"k":[0.827450980392,0.172549019608,0.086274509804,1],"ix":4},"o":{"a":0,"k":100,"ix":5},"r":1,"bm":0,"nm":"Fill 1","mn":"ADBE Vector Graphic - Fill","hd":false},{"ty":"tr","p":{"a":0,"k":[455.083,63.737],"ix":2},"a":{"a":0,"k":[0,0],"ix":1},"s":{"a":0,"k":[100,100],"ix":3},"r":{"a":0,"k":0,"ix":6},"o":{"a":0,"k":100,"ix":7},"sk":{"a":0,"k":0,"ix":4},"sa":{"a":0,"k":0,"ix":5},"nm":"Transform"}],"nm":"Group 4","np":2,"cix":2,"bm":0,"ix":4,"mn":"ADBE Vector Group","hd":false},{"ty":"gr","it":[{"ind":0,"ty":"sh","ix":1,"ks":{"a":0,"k":{"i":[[0,0],[0,0],[0,0],[0,0]],"o":[[0,0],[0,0],[0,0],[0,0]],"v":[[10.436,50.579],[-10.436,50.579],[-10.436,-50.579],[10.436,-50.579]],"c":true},"ix":2},"nm":"Path 1","mn":"ADBE Vector Shape - Group","hd":false},{"ty":"fl","c":{"a":0,"k":[0.827450980392,0.172549019608,0.086274509804,1],"ix":4},"o":{"a":0,"k":100,"ix":5},"r":1,"bm":0,"nm":"Fill 1","mn":"ADBE Vector Graphic - Fill","hd":false},{"ty":"tr","p":{"a":0,"k":[436.109,63.738],"ix":2},"a":{"a":0,"k":[0,0],"ix":1},"s":{"a":0,"k":[100,100],"ix":3},"r":{"a":0,"k":0,"ix":6},"o":{"a":0,"k":100,"ix":7},"sk":{"a":0,"k":0,"ix":4},"sa":{"a":0,"k":0,"ix":5},"nm":"Transform"}],"nm":"Group 5","np":2,"cix":2,"bm":0,"ix":5,"mn":"ADBE Vector Group","hd":false},{"ty":"gr","it":[{"ind":0,"ty":"sh","ix":1,"ks":{"a":0,"k":{"i":[[0,0],[0,0],[0,0],[0,0]],"o":[[0,0],[0,0],[0,0],[0,0]],"v":[[9.609,63.489],[-9.609,63.489],[-9.609,-63.489],[9.609,-63.489]],"c":true},"ix":2},"nm":"Path 1","mn":"ADBE Vector Shape - Group","hd":false},{"ty":"fl","c":{"a":0,"k":[0.827450980392,0.172549019608,0.086274509804,1],"ix":4},"o":{"a":0,"k":100,"ix":5},"r":1,"bm":0,"nm":"Fill 1","mn":"ADBE Vector Graphic - Fill","hd":false},{"ty":"tr","p":{"a":0,"k":[417.719,63.739],"ix":2},"a":{"a":0,"k":[0,0],"ix":1},"s":{"a":0,"k":[100,100],"ix":3},"r":{"a":0,"k":0,"ix":6},"o":{"a":0,"k":100,"ix":7},"sk":{"a":0,"k":0,"ix":4},"sa":{"a":0,"k":0,"ix":5},"nm":"Transform"}],"nm":"Group 6","np":2,"cix":2,"bm":0,"ix":6,"mn":"ADBE Vector Group","hd":false},{"ty":"gr","it":[{"ind":0,"ty":"sh","ix":1,"ks":{"a":0,"k":{"i":[[-13.919,-4.122],[25.042,-1.209],[0,0]],"o":[[0,0],[0,0],[0,0]],"v":[[12.778,-17.852],[-12.778,22.39],[-12.778,-22.39]],"c":true},"ix":2},"nm":"Path 1","mn":"ADBE Vector Shape - Group","hd":false},{"ty":"fl","c":{"a":0,"k":[0.933000033509,0.658999992819,0.525,1],"ix":4},"o":{"a":0,"k":100,"ix":5},"r":1,"bm":0,"nm":"Fill 1","mn":"ADBE Vector Graphic - Fill","hd":false},{"ty":"tr","p":{"a":0,"k":[244.431,126.184],"ix":2},"a":{"a":0,"k":[0,0],"ix":1},"s":{"a":0,"k":[100,100],"ix":3},"r":{"a":0,"k":0,"ix":6},"o":{"a":0,"k":100,"ix":7},"sk":{"a":0,"k":0,"ix":4},"sa":{"a":0,"k":0,"ix":5},"nm":"Transform"}],"nm":"Group 7","np":2,"cix":2,"bm":0,"ix":7,"mn":"ADBE Vector Group","hd":false},{"ty":"gr","it":[{"ind":0,"ty":"sh","ix":1,"ks":{"a":0,"k":{"i":[[13.919,-4.122],[-25.043,-1.209],[0,0]],"o":[[0,0],[0,0],[0,0]],"v":[[-12.777,-17.852],[12.777,22.39],[12.777,-22.39]],"c":true},"ix":2},"nm":"Path 1","mn":"ADBE Vector Shape - Group","hd":false},{"ty":"fl","c":{"a":0,"k":[0.933000033509,0.658999992819,0.525,1],"ix":4},"o":{"a":0,"k":100,"ix":5},"r":1,"bm":0,"nm":"Fill 1","mn":"ADBE Vector Graphic - Fill","hd":false},{"ty":"tr","p":{"a":0,"k":[218.876,126.184],"ix":2},"a":{"a":0,"k":[0,0],"ix":1},"s":{"a":0,"k":[100,100],"ix":3},"r":{"a":0,"k":0,"ix":6},"o":{"a":0,"k":100,"ix":7},"sk":{"a":0,"k":0,"ix":4},"sa":{"a":0,"k":0,"ix":5},"nm":"Transform"}],"nm":"Group 8","np":2,"cix":2,"bm":0,"ix":8,"mn":"ADBE Vector Group","hd":false},{"ty":"gr","it":[{"ind":0,"ty":"sh","ix":1,"ks":{"a":0,"k":{"i":[[0,0],[-14.822,11.413],[8.852,-0.391]],"o":[[0,0],[0,0],[-8.853,0.393]],"v":[[-12.278,-5.165],[12.278,-5.706],[-0.613,3.185]],"c":true},"ix":2},"nm":"Path 1","mn":"ADBE Vector Shape - Group","hd":false},{"ty":"fl","c":{"a":0,"k":[0.654999976065,0.470999983245,0.375999989229,1],"ix":4},"o":{"a":0,"k":100,"ix":5},"r":1,"bm":0,"nm":"Fill 1","mn":"ADBE Vector Graphic - Fill","hd":false},{"ty":"tr","p":{"a":0,"k":[231.199,97.541],"ix":2},"a":{"a":0,"k":[0,0],"ix":1},"s":{"a":0,"k":[100,100],"ix":3},"r":{"a":0,"k":0,"ix":6},"o":{"a":0,"k":100,"ix":7},"sk":{"a":0,"k":0,"ix":4},"sa":{"a":0,"k":0,"ix":5},"nm":"Transform"}],"nm":"Group 9","np":2,"cix":2,"bm":0,"ix":9,"mn":"ADBE Vector Group","hd":false},{"ty":"gr","it":[{"ind":0,"ty":"sh","ix":1,"ks":{"a":0,"k":{"i":[[0,0],[0,0],[0.522,1.424],[0.433,1.027],[23.381,1.856],[1.508,-0.62],[0,0],[0,0],[-0.212,2.897],[-32.895,-2.364],[-3.054,-2.269],[0.192,-5.629]],"o":[[0,0],[0,0],[-0.524,-1.425],[-0.435,-1.025],[0,0],[-1.508,0.619],[0,0],[0,0],[0.283,-3.858],[3.766,0.271],[3.432,2.549],[-0.255,7.441]],"v":[[22.682,15.38],[19.711,19.625],[19.072,9.039],[19.077,1.561],[-18.879,2.844],[-17.609,11.659],[-18.146,22.404],[-20.73,19.559],[-23.745,-0.599],[7.724,-20.039],[18.182,-16.207],[24.979,-4.012]],"c":true},"ix":2},"nm":"Path 1","mn":"ADBE Vector Shape - Group","hd":false},{"ty":"fl","c":{"a":0,"k":[0.910000011968,0.451000019148,0.301999978458,1],"ix":4},"o":{"a":0,"k":100,"ix":5},"r":1,"bm":0,"nm":"Fill 1","mn":"ADBE Vector Graphic - Fill","hd":false},{"ty":"tr","p":{"a":0,"k":[230.618,45.992],"ix":2},"a":{"a":0,"k":[0,0],"ix":1},"s":{"a":0,"k":[100,100],"ix":3},"r":{"a":0,"k":0,"ix":6},"o":{"a":0,"k":100,"ix":7},"sk":{"a":0,"k":0,"ix":4},"sa":{"a":0,"k":0,"ix":5},"nm":"Transform"}],"nm":"Group 10","np":2,"cix":2,"bm":0,"ix":10,"mn":"ADBE Vector Group","hd":false},{"ty":"gr","it":[{"ind":0,"ty":"sh","ix":1,"ks":{"a":0,"k":{"i":[[0,0],[0.847,-2.587],[-0.195,-0.432],[-0.559,0.552]],"o":[[0,0],[-0.848,2.587],[0,0],[0.558,-0.553]],"v":[[1.153,-6.57],[-2.037,-6.531],[1.339,8.117],[2.327,8.566]],"c":true},"ix":2},"nm":"Path 1","mn":"ADBE Vector Shape - Group","hd":false},{"ty":"fl","c":{"a":0,"k":[0.933000033509,0.658999992819,0.525,1],"ix":4},"o":{"a":0,"k":100,"ix":5},"r":1,"bm":0,"nm":"Fill 1","mn":"ADBE Vector Graphic - Fill","hd":false},{"ty":"tr","p":{"a":0,"k":[208.337,63.228],"ix":2},"a":{"a":0,"k":[0,0],"ix":1},"s":{"a":0,"k":[100,100],"ix":3},"r":{"a":0,"k":0,"ix":6},"o":{"a":0,"k":100,"ix":7},"sk":{"a":0,"k":0,"ix":4},"sa":{"a":0,"k":0,"ix":5},"nm":"Transform"}],"nm":"Group 11","np":2,"cix":2,"bm":0,"ix":11,"mn":"ADBE Vector Group","hd":false},{"ty":"gr","it":[{"ind":0,"ty":"sh","ix":1,"ks":{"a":0,"k":{"i":[[0,0],[-0.913,-2.566],[0.266,-0.942],[0.572,0.538]],"o":[[0,0],[0.913,2.567],[0,0],[-0.572,-0.541]],"v":[[-1.371,-6.547],[1.82,-6.586],[-1.184,8.141],[-2.161,8.614]],"c":true},"ix":2},"nm":"Path 1","mn":"ADBE Vector Shape - Group","hd":false},{"ty":"fl","c":{"a":0,"k":[0.933000033509,0.658999992819,0.525,1],"ix":4},"o":{"a":0,"k":100,"ix":5},"r":1,"bm":0,"nm":"Fill 1","mn":"ADBE Vector Graphic - Fill","hd":false},{"ty":"tr","p":{"a":0,"k":[254.261,62.68],"ix":2},"a":{"a":0,"k":[0,0],"ix":1},"s":{"a":0,"k":[100,100],"ix":3},"r":{"a":0,"k":0,"ix":6},"o":{"a":0,"k":100,"ix":7},"sk":{"a":0,"k":0,"ix":4},"sa":{"a":0,"k":0,"ix":5},"nm":"Transform"}],"nm":"Group 12","np":2,"cix":2,"bm":0,"ix":12,"mn":"ADBE Vector Group","hd":false},{"ty":"gr","it":[{"ind":0,"ty":"sh","ix":1,"ks":{"a":0,"k":{"i":[[-26.274,-2.425],[2.501,-34.226],[1.263,0.008],[2.303,41.67]],"o":[[0,0],[-2.502,34.227],[-1.263,-0.006],[0,0]],"v":[[2.4,-34.498],[21.373,2.696],[-1.34,34.531],[-22.589,-6.1]],"c":true},"ix":2},"nm":"Path 1","mn":"ADBE Vector Shape - Group","hd":false},{"ty":"fl","c":{"a":0,"k":[0.933000033509,0.658999992819,0.525,1],"ix":4},"o":{"a":0,"k":100,"ix":5},"r":1,"bm":0,"nm":"Fill 1","mn":"ADBE Vector Graphic - Fill","hd":false},{"ty":"tr","p":{"a":0,"k":[231.704,63.091],"ix":2},"a":{"a":0,"k":[0,0],"ix":1},"s":{"a":0,"k":[100,100],"ix":3},"r":{"a":0,"k":0,"ix":6},"o":{"a":0,"k":100,"ix":7},"sk":{"a":0,"k":0,"ix":4},"sa":{"a":0,"k":0,"ix":5},"nm":"Transform"}],"nm":"Group 13","np":2,"cix":2,"bm":0,"ix":13,"mn":"ADBE Vector Group","hd":false},{"ty":"gr","it":[{"ind":0,"ty":"sh","ix":1,"ks":{"a":0,"k":{"i":[[0,0],[-3.362,-6.912],[16.643,-1.097],[0,0],[2.981,14.502]],"o":[[0,0],[0,0],[-16.642,1.098],[0,0],[-2.982,-14.502]],"v":[[12.7,-10.893],[14.61,7.469],[1.404,23.582],[-15.951,9.762],[-15.065,-10.178]],"c":true},"ix":2},"nm":"Path 1","mn":"ADBE Vector Shape - Group","hd":false},{"ty":"fl","c":{"a":0,"k":[0.933000033509,0.658999992819,0.525,1],"ix":4},"o":{"a":0,"k":100,"ix":5},"r":1,"bm":0,"nm":"Fill 1","mn":"ADBE Vector Graphic - Fill","hd":false},{"ty":"tr","p":{"a":0,"k":[232.606,98.389],"ix":2},"a":{"a":0,"k":[0,0],"ix":1},"s":{"a":0,"k":[100,100],"ix":3},"r":{"a":0,"k":0,"ix":6},"o":{"a":0,"k":100,"ix":7},"sk":{"a":0,"k":0,"ix":4},"sa":{"a":0,"k":0,"ix":5},"nm":"Transform"}],"nm":"Group 14","np":2,"cix":2,"bm":0,"ix":14,"mn":"ADBE Vector Group","hd":false},{"ty":"gr","it":[{"ind":0,"ty":"sh","ix":1,"ks":{"a":1,"k":[{"i":{"x":0.42,"y":1},"o":{"x":0.58,"y":0},"t":35.035,"s":[{"i":[[0,0],[0,0],[4.81,0],[0,0],[0,0],[0,0],[4.808,0],[8.708,-3.755],[4.484,-15.454],[-2.535,-4.283],[0.087,-3.987],[1.16,-13.971],[-27.558,-0.652],[0,0],[0.686,5.418],[-2.534,4.282]],"o":[[-4.483,-15.453],[-8.707,-3.755],[-4.808,0],[0,0],[0,0],[0,0],[-4.809,0],[0,0],[0,0],[2.533,4.282],[-0.124,5.71],[0,0],[27.277,-1.769],[-1.726,-16.639],[-0.5,-3.956],[2.535,-4.283]],"v":[[51.253,-25.029],[53.514,-72.926],[28.788,-73.392],[10.725,-77.055],[0.003,-77.055],[-10.719,-77.055],[-28.785,-73.392],[-53.514,-72.926],[-51.231,-24.479],[-38.206,8.721],[-38.261,32.802],[-40.415,68.743],[0.003,77.055],[41.108,68.743],[37.582,32.678],[38.21,8.721]],"c":true}]},{"i":{"x":0.42,"y":1},"o":{"x":0.58,"y":0},"t":103.103,"s":[{"i":[[0,0],[0,0],[4.81,0],[0,0],[0,0],[0,0],[4.808,0],[8.708,-3.755],[4.484,-15.454],[-2.535,-4.283],[0.087,-3.987],[7.48,-6.962],[-27.558,-0.652],[0,0],[0.686,5.418],[-2.534,4.282]],"o":[[-4.483,-15.453],[-8.707,-3.755],[-4.808,0],[0,0],[0,0],[0,0],[-4.809,0],[0,0],[0,0],[2.533,4.282],[-0.124,5.71],[0,0],[27.277,-1.769],[-16.293,-10.712],[-0.5,-3.956],[2.535,-4.283]],"v":[[51.128,-24.529],[53.389,-72.426],[28.663,-72.892],[10.6,-76.555],[-0.122,-76.555],[-10.844,-76.555],[-28.91,-72.892],[-53.639,-72.426],[-51.356,-23.979],[-38.331,9.221],[-38.386,33.302],[-48.04,54.743],[-0.122,77.555],[49.983,55.243],[37.457,33.178],[38.085,9.221]],"c":true}]},{"t":177.177177177177,"s":[{"i":[[0,0],[0,0],[4.81,0],[0,0],[0,0],[0,0],[4.808,0],[8.708,-3.755],[4.484,-15.454],[-2.535,-4.283],[0.087,-3.987],[1.16,-13.971],[-27.558,-0.652],[0,0],[0.686,5.418],[-2.534,4.282]],"o":[[-4.483,-15.453],[-8.707,-3.755],[-4.808,0],[0,0],[0,0],[0,0],[-4.809,0],[0,0],[0,0],[2.533,4.282],[-0.124,5.71],[0,0],[27.277,-1.769],[-1.726,-16.639],[-0.5,-3.956],[2.535,-4.283]],"v":[[51.253,-25.029],[53.514,-72.926],[28.788,-73.392],[10.725,-77.055],[0.003,-77.055],[-10.719,-77.055],[-28.785,-73.392],[-53.514,-72.926],[-51.231,-24.479],[-38.206,8.721],[-38.261,32.802],[-40.415,68.743],[0.003,77.055],[41.108,68.743],[37.582,32.678],[38.21,8.721]],"c":true}]}],"ix":2},"nm":"Path 1","mn":"ADBE Vector Shape - Group","hd":false},{"ty":"fl","c":{"a":0,"k":[0.827450980392,0.171789131913,0.084367542641,1],"ix":4},"o":{"a":0,"k":100,"ix":5},"r":1,"bm":0,"nm":"Fill 1","mn":"ADBE Vector Graphic - Fill","hd":false},{"ty":"tr","p":{"a":0,"k":[231.652,182.028],"ix":2},"a":{"a":0,"k":[0,0],"ix":1},"s":{"a":0,"k":[100,100],"ix":3},"r":{"a":0,"k":0,"ix":6},"o":{"a":0,"k":100,"ix":7},"sk":{"a":0,"k":0,"ix":4},"sa":{"a":0,"k":0,"ix":5},"nm":"Transform"}],"nm":"Group 15","np":2,"cix":2,"bm":0,"ix":15,"mn":"ADBE Vector Group","hd":false},{"ty":"gr","it":[{"ind":0,"ty":"sh","ix":1,"ks":{"a":0,"k":{"i":[[0,-7.996],[-7.996,0],[0,7.996],[7.996,0]],"o":[[0,7.996],[7.996,0],[0,-7.996],[-7.996,0]],"v":[[-14.478,0],[0,14.478],[14.478,0],[0,-14.478]],"c":true},"ix":2},"nm":"Path 1","mn":"ADBE Vector Shape - Group","hd":false},{"ty":"fl","c":{"a":0,"k":[0.933000033509,0.658999992819,0.525,1],"ix":4},"o":{"a":0,"k":100,"ix":5},"r":1,"bm":0,"nm":"Fill 1","mn":"ADBE Vector Graphic - Fill","hd":false},{"ty":"tr","p":{"a":0,"k":[113.254,151.732],"ix":2},"a":{"a":0,"k":[0,0],"ix":1},"s":{"a":0,"k":[100,100],"ix":3},"r":{"a":0,"k":0,"ix":6},"o":{"a":0,"k":100,"ix":7},"sk":{"a":0,"k":0,"ix":4},"sa":{"a":0,"k":0,"ix":5},"nm":"Transform"}],"nm":"Group 16","np":2,"cix":2,"bm":0,"ix":16,"mn":"ADBE Vector Group","hd":false},{"ty":"gr","it":[{"ind":0,"ty":"sh","ix":1,"ks":{"a":0,"k":{"i":[[6.701,-0.621],[1.747,-0.69],[0.806,-2.123],[-2.792,-2.925],[-4.618,-6.263],[-1.549,-1.052],[-1.798,-3.596],[0,0],[-0.191,1.081],[2.17,13.168],[2.294,2.968],[0.986,-0.424],[2.456,-0.175]],"o":[[-2.486,0.228],[-0.807,2.123],[2.817,5.576],[5.817,6.109],[3.683,0],[3.026,2.046],[0.709,1.425],[0,0],[0.935,-5.385],[-0.775,-4.705],[0,0],[-2.375,1.022],[-3.478,0.249]],"v":[[-5.815,-16.881],[-11.964,-15.329],[-13.986,-10.007],[-14.845,-4.698],[-4.125,8.653],[4.22,10.019],[12.624,22.266],[13.764,24.641],[14.079,22.953],[15.467,-12.781],[11.01,-24.641],[9.387,-23.924],[0.128,-20.951]],"c":true},"ix":2},"nm":"Path 1","mn":"ADBE Vector Shape - Group","hd":false},{"ty":"fl","c":{"a":0,"k":[0.933000033509,0.658999992819,0.525,1],"ix":4},"o":{"a":0,"k":100,"ix":5},"r":1,"bm":0,"nm":"Fill 1","mn":"ADBE Vector Graphic - Fill","hd":false},{"ty":"tr","p":{"a":0,"k":[166.979,133.742],"ix":2},"a":{"a":0,"k":[0,0],"ix":1},"s":{"a":0,"k":[100,100],"ix":3},"r":{"a":0,"k":0,"ix":6},"o":{"a":0,"k":100,"ix":7},"sk":{"a":0,"k":0,"ix":4},"sa":{"a":0,"k":0,"ix":5},"nm":"Transform"}],"nm":"Group 17","np":2,"cix":2,"bm":0,"ix":17,"mn":"ADBE Vector Group","hd":false},{"ty":"gr","it":[{"ind":0,"ty":"sh","ix":1,"ks":{"a":0,"k":{"i":[[0.231,-5.609],[3.038,-1.685],[0,0],[3.035,-0.053],[0,0],[3.023,0.983],[0,0],[1.416,3.474],[0,0],[-2.845,-1.132],[-3.998,-3.32],[-1.052,-3.997]],"o":[[0,0],[-3.037,1.684],[0,0],[-3.035,0.053],[0,0],[-3.022,-0.983],[0,0],[-2.391,-5.868],[0,0],[0,0],[0,0],[0,0]],"v":[[12.788,-1.749],[8.473,9.669],[5.684,7.811],[2.469,11.372],[-0.038,7.299],[-3.969,8.914],[-5.71,4.632],[-10.628,4.079],[-8.865,-7.74],[-4.87,-7.947],[1.704,-8.104],[7.665,-5.822]],"c":true},"ix":2},"nm":"Path 1","mn":"ADBE Vector Shape - Group","hd":false},{"ty":"fl","c":{"a":0,"k":[0.838999968884,0.573000021542,0.435000011968,1],"ix":4},"o":{"a":0,"k":100,"ix":5},"r":1,"bm":0,"nm":"Fill 1","mn":"ADBE Vector Graphic - Fill","hd":false},{"ty":"tr","p":{"a":0,"k":[126.558,57.025],"ix":2},"a":{"a":0,"k":[0,0],"ix":1},"s":{"a":0,"k":[100,100],"ix":3},"r":{"a":0,"k":0,"ix":6},"o":{"a":0,"k":100,"ix":7},"sk":{"a":0,"k":0,"ix":4},"sa":{"a":0,"k":0,"ix":5},"nm":"Transform"}],"nm":"Group 18","np":2,"cix":2,"bm":0,"ix":18,"mn":"ADBE Vector Group","hd":false},{"ty":"gr","it":[{"ind":0,"ty":"sh","ix":1,"ks":{"a":0,"k":{"i":[[0,0],[-1.38,2.227],[-1.084,1.612],[-0.417,2.018],[-0.546,1.637],[1.563,0.445],[0,0],[1.259,0.78],[0,0],[1.182,0.399],[0,0],[1.86,0.227],[0,0],[1.082,-1.199],[0.551,-1.146],[-2.518,-8.36],[0,0]],"o":[[0,0],[1.127,-1.818],[1.084,-1.615],[0.17,-0.826],[0.546,-1.637],[-1.563,-0.443],[0,0],[-2.447,-1.513],[0,0],[-2.604,-0.879],[0,0],[-2.378,-0.289],[0,0],[-1.082,1.199],[-0.552,1.146],[2.046,6.796],[0,0]],"v":[[1.161,25.071],[4.148,9.777],[8.399,3.986],[13.745,-7.097],[13.326,-15.078],[13.856,-20.338],[10.048,-18.313],[8.854,-20.612],[5.172,-21.145],[3.306,-23.545],[-0.85,-23.317],[-3.652,-24.782],[-7.236,-23.261],[-11.249,-23.165],[-13.051,-19.459],[-12.901,0.913],[-12.375,17.464]],"c":true},"ix":2},"nm":"Path 1","mn":"ADBE Vector Shape - Group","hd":false},{"ty":"fl","c":{"a":0,"k":[0.933000033509,0.658999992819,0.525,1],"ix":4},"o":{"a":0,"k":100,"ix":5},"r":1,"bm":0,"nm":"Fill 1","mn":"ADBE Vector Graphic - Fill","hd":false},{"ty":"tr","p":{"a":0,"k":[129.149,72.544],"ix":2},"a":{"a":0,"k":[0,0],"ix":1},"s":{"a":0,"k":[100,100],"ix":3},"r":{"a":0,"k":0,"ix":6},"o":{"a":0,"k":100,"ix":7},"sk":{"a":0,"k":0,"ix":4},"sa":{"a":0,"k":0,"ix":5},"nm":"Transform"}],"nm":"Group 19","np":2,"cix":2,"bm":0,"ix":19,"mn":"ADBE Vector Group","hd":false},{"ty":"gr","it":[{"ind":0,"ty":"sh","ix":1,"ks":{"a":0,"k":{"i":[[-14.905,32.115],[0,0],[-0.035,-10.13],[0.128,-6.833],[0,0],[0.241,0.561],[-0.42,2.036]],"o":[[0,0],[0,0],[0.024,9.123],[0,0],[-0.611,0.007],[-3.171,-7.398],[5.162,-24.598]],"v":[[2.93,-35.972],[16.602,-30.027],[12.915,15.971],[8.968,35.972],[-12.335,35.458],[-13.43,34.356],[-14.667,20.001]],"c":true},"ix":2},"nm":"Path 1","mn":"ADBE Vector Shape - Group","hd":false},{"ty":"fl","c":{"a":0,"k":[0.933000033509,0.658999992819,0.525,1],"ix":4},"o":{"a":0,"k":100,"ix":5},"r":1,"bm":0,"nm":"Fill 1","mn":"ADBE Vector Graphic - Fill","hd":false},{"ty":"tr","p":{"a":0,"k":[114.203,123.861],"ix":2},"a":{"a":0,"k":[0,0],"ix":1},"s":{"a":0,"k":[100,100],"ix":3},"r":{"a":0,"k":0,"ix":6},"o":{"a":0,"k":100,"ix":7},"sk":{"a":0,"k":0,"ix":4},"sa":{"a":0,"k":0,"ix":5},"nm":"Transform"}],"nm":"Group 20","np":2,"cix":2,"bm":0,"ix":20,"mn":"ADBE Vector Group","hd":false},{"ty":"gr","it":[{"ind":0,"ty":"sh","ix":1,"ks":{"a":0,"k":{"i":[[-0.768,0.33],[-10.721,3.355],[-1.016,0.196],[-2.488,1.69],[-8.259,2.256],[0,0],[0.518,-5.75],[1.391,-2.217],[0.272,-0.392],[4.218,-2.036],[7.263,-4.965],[6.972,-2.036],[2.856,-0.308],[4.73,1.451],[0,2.218],[0,0]],"o":[[7.75,-3.336],[1.147,-0.36],[3.6,-0.697],[5.168,-3.514],[12.219,-3.352],[0,0],[-0.142,1.599],[-0.239,0.383],[-4.442,6.48],[-7.769,4.024],[-3.892,2.669],[-6.674,1.941],[-2.127,0.229],[-2.121,-0.65],[0,0],[0.722,-0.211]],"v":[[-41.656,7.79],[-6.285,-9.562],[-3.031,-10.401],[5.794,-14.187],[23.264,-24.734],[39.294,-28.851],[42.365,-12.613],[39.928,-6.745],[39.163,-5.589],[23.529,8.891],[7.712,17.804],[-9.557,24.094],[-25.902,28.622],[-39.327,23.081],[-42.883,18.24],[-42.781,8.546]],"c":true},"ix":2},"nm":"Path 1","mn":"ADBE Vector Shape - Group","hd":false},{"ty":"fl","c":{"a":0,"k":[0.933000033509,0.658999992819,0.525,1],"ix":4},"o":{"a":0,"k":100,"ix":5},"r":1,"bm":0,"nm":"Fill 1","mn":"ADBE Vector Graphic - Fill","hd":false},{"ty":"tr","p":{"a":0,"k":[142.419,137.364],"ix":2},"a":{"a":0,"k":[0,0],"ix":1},"s":{"a":0,"k":[100,100],"ix":3},"r":{"a":0,"k":0,"ix":6},"o":{"a":0,"k":100,"ix":7},"sk":{"a":0,"k":0,"ix":4},"sa":{"a":0,"k":0,"ix":5},"nm":"Transform"}],"nm":"Group 21","np":2,"cix":2,"bm":0,"ix":21,"mn":"ADBE Vector Group","hd":false},{"ty":"gr","it":[{"ind":0,"ty":"sh","ix":1,"ks":{"a":0,"k":{"i":[[0,-7.996],[7.996,0],[0,7.996],[-7.996,0]],"o":[[0,7.996],[-7.996,0],[0,-7.996],[7.996,0]],"v":[[14.478,0],[0,14.478],[-14.478,0],[0,-14.478]],"c":true},"ix":2},"nm":"Path 1","mn":"ADBE Vector Shape - Group","hd":false},{"ty":"fl","c":{"a":0,"k":[0.933000033509,0.658999992819,0.525,1],"ix":4},"o":{"a":0,"k":100,"ix":5},"r":1,"bm":0,"nm":"Fill 1","mn":"ADBE Vector Graphic - Fill","hd":false},{"ty":"tr","p":{"a":0,"k":[349.898,151.732],"ix":2},"a":{"a":0,"k":[0,0],"ix":1},"s":{"a":0,"k":[100,100],"ix":3},"r":{"a":0,"k":0,"ix":6},"o":{"a":0,"k":100,"ix":7},"sk":{"a":0,"k":0,"ix":4},"sa":{"a":0,"k":0,"ix":5},"nm":"Transform"}],"nm":"Group 22","np":2,"cix":2,"bm":0,"ix":22,"mn":"ADBE Vector Group","hd":false},{"ty":"gr","it":[{"ind":0,"ty":"sh","ix":1,"ks":{"a":0,"k":{"i":[[-6.701,-0.621],[-1.747,-0.69],[-0.807,-2.123],[2.792,-2.925],[4.618,-6.263],[1.549,-1.052],[1.798,-3.596],[0,0],[0.191,1.081],[-2.17,13.168],[-2.294,2.968],[-0.986,-0.424],[-2.455,-0.175]],"o":[[2.486,0.228],[0.807,2.123],[-2.817,5.576],[-5.817,6.109],[-3.683,0],[-3.026,2.046],[-0.708,1.425],[0,0],[-0.934,-5.385],[0.775,-4.705],[0,0],[2.375,1.022],[3.478,0.249]],"v":[[5.815,-16.881],[11.964,-15.329],[13.986,-10.007],[14.845,-4.698],[4.125,8.653],[-4.22,10.019],[-12.624,22.266],[-13.764,24.641],[-14.079,22.953],[-15.467,-12.781],[-11.01,-24.641],[-9.387,-23.924],[-0.128,-20.951]],"c":true},"ix":2},"nm":"Path 1","mn":"ADBE Vector Shape - Group","hd":false},{"ty":"fl","c":{"a":0,"k":[0.933000033509,0.658999992819,0.525,1],"ix":4},"o":{"a":0,"k":100,"ix":5},"r":1,"bm":0,"nm":"Fill 1","mn":"ADBE Vector Graphic - Fill","hd":false},{"ty":"tr","p":{"a":0,"k":[296.173,133.742],"ix":2},"a":{"a":0,"k":[0,0],"ix":1},"s":{"a":0,"k":[100,100],"ix":3},"r":{"a":0,"k":0,"ix":6},"o":{"a":0,"k":100,"ix":7},"sk":{"a":0,"k":0,"ix":4},"sa":{"a":0,"k":0,"ix":5},"nm":"Transform"}],"nm":"Group 23","np":2,"cix":2,"bm":0,"ix":23,"mn":"ADBE Vector Group","hd":false},{"ty":"gr","it":[{"ind":0,"ty":"sh","ix":1,"ks":{"a":0,"k":{"i":[[-0.23,-5.609],[-3.038,-1.685],[0,0],[-3.034,-0.053],[0,0],[-3.022,0.983],[0,0],[-1.416,3.474],[0,0],[2.845,-1.132],[3.998,-3.32],[1.053,-3.997]],"o":[[0,0],[3.038,1.684],[0,0],[3.036,0.053],[0,0],[3.022,-0.983],[0,0],[2.392,-5.868],[0,0],[0,0],[0,0],[0,0]],"v":[[-12.789,-1.749],[-8.474,9.669],[-5.685,7.811],[-2.469,11.372],[0.036,7.299],[3.969,8.914],[5.708,4.632],[10.626,4.079],[8.865,-7.74],[4.87,-7.947],[-1.706,-8.104],[-7.667,-5.822]],"c":true},"ix":2},"nm":"Path 1","mn":"ADBE Vector Shape - Group","hd":false},{"ty":"fl","c":{"a":0,"k":[0.838999968884,0.573000021542,0.435000011968,1],"ix":4},"o":{"a":0,"k":100,"ix":5},"r":1,"bm":0,"nm":"Fill 1","mn":"ADBE Vector Graphic - Fill","hd":false},{"ty":"tr","p":{"a":0,"k":[336.594,57.025],"ix":2},"a":{"a":0,"k":[0,0],"ix":1},"s":{"a":0,"k":[100,100],"ix":3},"r":{"a":0,"k":0,"ix":6},"o":{"a":0,"k":100,"ix":7},"sk":{"a":0,"k":0,"ix":4},"sa":{"a":0,"k":0,"ix":5},"nm":"Transform"}],"nm":"Group 24","np":2,"cix":2,"bm":0,"ix":24,"mn":"ADBE Vector Group","hd":false},{"ty":"gr","it":[{"ind":0,"ty":"sh","ix":1,"ks":{"a":0,"k":{"i":[[0,0],[1.38,2.227],[1.084,1.612],[0.417,2.018],[0.545,1.637],[-1.564,0.445],[0,0],[-1.259,0.78],[0,0],[-1.181,0.399],[0,0],[-1.86,0.227],[0,0],[-1.082,-1.199],[-0.552,-1.146],[2.517,-8.36],[0,0]],"o":[[0,0],[-1.127,-1.818],[-1.084,-1.615],[-0.171,-0.826],[-0.547,-1.637],[1.563,-0.443],[0,0],[2.447,-1.513],[0,0],[2.605,-0.879],[0,0],[2.379,-0.289],[0,0],[1.081,1.199],[0.552,1.146],[-2.046,6.796],[0,0]],"v":[[-1.161,25.071],[-4.147,9.777],[-8.398,3.986],[-13.744,-7.097],[-13.325,-15.078],[-13.855,-20.338],[-10.047,-18.313],[-8.853,-20.612],[-5.171,-21.145],[-3.306,-23.545],[0.851,-23.317],[3.652,-24.782],[7.237,-23.261],[11.25,-23.165],[13.052,-19.459],[12.902,0.913],[12.375,17.464]],"c":true},"ix":2},"nm":"Path 1","mn":"ADBE Vector Shape - Group","hd":false},{"ty":"fl","c":{"a":0,"k":[0.933000033509,0.658999992819,0.525,1],"ix":4},"o":{"a":0,"k":100,"ix":5},"r":1,"bm":0,"nm":"Fill 1","mn":"ADBE Vector Graphic - Fill","hd":false},{"ty":"tr","p":{"a":0,"k":[334.003,72.544],"ix":2},"a":{"a":0,"k":[0,0],"ix":1},"s":{"a":0,"k":[100,100],"ix":3},"r":{"a":0,"k":0,"ix":6},"o":{"a":0,"k":100,"ix":7},"sk":{"a":0,"k":0,"ix":4},"sa":{"a":0,"k":0,"ix":5},"nm":"Transform"}],"nm":"Group 25","np":2,"cix":2,"bm":0,"ix":25,"mn":"ADBE Vector Group","hd":false},{"ty":"gr","it":[{"ind":0,"ty":"sh","ix":1,"ks":{"a":0,"k":{"i":[[14.905,32.115],[0,0],[0.035,-10.13],[-0.129,-6.833],[0,0],[-0.24,0.561],[0.42,2.036]],"o":[[0,0],[0,0],[-0.025,9.123],[0,0],[0.61,0.007],[3.171,-7.398],[-5.162,-24.598]],"v":[[-2.929,-35.972],[-16.601,-30.027],[-12.915,15.971],[-8.968,35.972],[12.335,35.458],[13.43,34.356],[14.667,20.001]],"c":true},"ix":2},"nm":"Path 1","mn":"ADBE Vector Shape - Group","hd":false},{"ty":"fl","c":{"a":0,"k":[0.933000033509,0.658999992819,0.525,1],"ix":4},"o":{"a":0,"k":100,"ix":5},"r":1,"bm":0,"nm":"Fill 1","mn":"ADBE Vector Graphic - Fill","hd":false},{"ty":"tr","p":{"a":0,"k":[348.949,123.861],"ix":2},"a":{"a":0,"k":[0,0],"ix":1},"s":{"a":0,"k":[100,100],"ix":3},"r":{"a":0,"k":0,"ix":6},"o":{"a":0,"k":100,"ix":7},"sk":{"a":0,"k":0,"ix":4},"sa":{"a":0,"k":0,"ix":5},"nm":"Transform"}],"nm":"Group 26","np":2,"cix":2,"bm":0,"ix":26,"mn":"ADBE Vector Group","hd":false},{"ty":"gr","it":[{"ind":0,"ty":"sh","ix":1,"ks":{"a":0,"k":{"i":[[0.768,0.33],[10.722,3.355],[1.016,0.196],[2.488,1.69],[8.259,2.256],[0,0],[-0.518,-5.75],[-1.39,-2.217],[-0.272,-0.392],[-4.218,-2.036],[-7.263,-4.965],[-6.972,-2.036],[-2.857,-0.308],[-4.73,1.451],[0,2.218],[0,0]],"o":[[-7.75,-3.336],[-1.147,-0.36],[-3.601,-0.697],[-5.169,-3.514],[-12.22,-3.352],[0,0],[0.142,1.599],[0.239,0.383],[4.441,6.48],[7.768,4.024],[3.891,2.669],[6.674,1.941],[2.126,0.229],[2.121,-0.65],[0,0],[-0.723,-0.211]],"v":[[41.657,7.79],[6.283,-9.562],[3.03,-10.401],[-5.795,-14.187],[-23.264,-24.734],[-39.295,-28.851],[-42.365,-12.613],[-39.929,-6.745],[-39.163,-5.589],[-23.53,8.891],[-7.712,17.804],[9.556,24.094],[25.902,28.622],[39.327,23.081],[42.882,18.24],[42.78,8.546]],"c":true},"ix":2},"nm":"Path 1","mn":"ADBE Vector Shape - Group","hd":false},{"ty":"fl","c":{"a":0,"k":[0.933000033509,0.658999992819,0.525,1],"ix":4},"o":{"a":0,"k":100,"ix":5},"r":1,"bm":0,"nm":"Fill 1","mn":"ADBE Vector Graphic - Fill","hd":false},{"ty":"tr","p":{"a":0,"k":[320.734,137.364],"ix":2},"a":{"a":0,"k":[0,0],"ix":1},"s":{"a":0,"k":[100,100],"ix":3},"r":{"a":0,"k":0,"ix":6},"o":{"a":0,"k":100,"ix":7},"sk":{"a":0,"k":0,"ix":4},"sa":{"a":0,"k":0,"ix":5},"nm":"Transform"}],"nm":"Group 27","np":2,"cix":2,"bm":0,"ix":27,"mn":"ADBE Vector Group","hd":false},{"ty":"gr","it":[{"ind":0,"ty":"sh","ix":1,"ks":{"a":0,"k":{"i":[[0,0],[0,0],[0,0],[0,0]],"o":[[0,0],[0,0],[0,0],[0,0]],"v":[[181.41,3.811],[-181.41,3.811],[-181.41,-3.811],[181.41,-3.811]],"c":true},"ix":2},"nm":"Path 1","mn":"ADBE Vector Shape - Group","hd":false},{"ty":"fl","c":{"a":0,"k":[0.859000052658,0.875,0.941000007181,1],"ix":4},"o":{"a":0,"k":100,"ix":5},"r":1,"bm":0,"nm":"Fill 1","mn":"ADBE Vector Graphic - Fill","hd":false},{"ty":"tr","p":{"a":0,"k":[232.432,63.251],"ix":2},"a":{"a":0,"k":[0,0],"ix":1},"s":{"a":0,"k":[100,100],"ix":3},"r":{"a":0,"k":0,"ix":6},"o":{"a":0,"k":100,"ix":7},"sk":{"a":0,"k":0,"ix":4},"sa":{"a":0,"k":0,"ix":5},"nm":"Transform"}],"nm":"Group 28","np":2,"cix":2,"bm":0,"ix":28,"mn":"ADBE Vector Group","hd":false}],"ip":0,"op":900.900900900901,"st":0,"bm":0},{"ddd":0,"ind":3,"ty":3,"nm":"upper body","sr":1,"ks":{"o":{"a":0,"k":100,"ix":11},"r":{"a":0,"k":0,"ix":10},"p":{"a":1,"k":[{"i":{"x":0.42,"y":1},"o":{"x":0.58,"y":0},"t":34.517,"s":[300.29,142.839,0],"to":[0,12.167,0],"ti":[0,0,0]},{"i":{"x":0.42,"y":1},"o":{"x":0.58,"y":0},"t":103.919,"s":[300.29,215.839,0],"to":[0,0,0],"ti":[0,12.167,0]},{"t":177.177177177177,"s":[300.29,142.839,0]}],"ix":2},"a":{"a":0,"k":[233.007,129.666,0],"ix":1},"s":{"a":0,"k":[100,100,100],"ix":6}},"ao":0,"ip":0,"op":900.900900900901,"st":0,"bm":0},{"ddd":0,"ind":4,"ty":4,"nm":"right shoe Outlines","sr":1,"ks":{"o":{"a":0,"k":100,"ix":11},"r":{"a":1,"k":[{"i":{"x":[0.42],"y":[1]},"o":{"x":[0.58],"y":[0]},"t":34.034,"s":[0]},{"i":{"x":[0.42],"y":[1]},"o":{"x":[0.58],"y":[0]},"t":104.104,"s":[4.5]},{"t":177.177177177177,"s":[0]}],"ix":10},"p":{"a":0,"k":[459.034,530.202,0],"ix":2},"a":{"a":0,"k":[60,43,0],"ix":1},"s":{"a":0,"k":[100,100,100],"ix":6}},"ao":0,"shapes":[{"ty":"gr","it":[{"ind":0,"ty":"sh","ix":1,"ks":{"a":0,"k":{"i":[[0,0],[-4.778,-2.577],[-2.856,-5.961],[16.847,2.729],[5.107,1.06],[0.329,7.483],[0.658,2.728]],"o":[[0,0],[4.777,2.576],[2.003,4.18],[-16.846,-2.727],[-5.109,-1.061],[-0.329,-7.484],[-0.659,-2.728]],"v":[[-11.058,-20.904],[2.153,-7.283],[27.307,8.475],[9.722,18.174],[-17.998,5.296],[-28.981,-7.193],[-26.896,-16.07]],"c":true},"ix":2},"nm":"Path 1","mn":"ADBE Vector Shape - Group","hd":false},{"ty":"fl","c":{"a":0,"k":[0.905882352941,0.482352941176,0.38431372549,1],"ix":4},"o":{"a":0,"k":100,"ix":5},"r":1,"bm":0,"nm":"Fill 1","mn":"ADBE Vector Graphic - Fill","hd":false},{"ty":"tr","p":{"a":0,"k":[29.559,21.153],"ix":2},"a":{"a":0,"k":[0,0],"ix":1},"s":{"a":0,"k":[100,100],"ix":3},"r":{"a":0,"k":0,"ix":6},"o":{"a":0,"k":100,"ix":7},"sk":{"a":0,"k":0,"ix":4},"sa":{"a":0,"k":0,"ix":5},"nm":"Transform"}],"nm":"Group 1","np":2,"cix":2,"bm":0,"ix":1,"mn":"ADBE Vector Group","hd":false}],"ip":0,"op":900.900900900901,"st":0,"bm":0},{"ddd":0,"ind":5,"ty":4,"nm":"left shoe Outlines","sr":1,"ks":{"o":{"a":0,"k":100,"ix":11},"r":{"a":1,"k":[{"i":{"x":[0.42],"y":[1]},"o":{"x":[0.58],"y":[0]},"t":34.034,"s":[0]},{"i":{"x":[0.42],"y":[1]},"o":{"x":[0.58],"y":[0]},"t":104.104,"s":[-4.5]},{"t":177.177177177177,"s":[0]}],"ix":10},"p":{"a":0,"k":[141.069,531.582,0],"ix":2},"a":{"a":0,"k":[0,42,0],"ix":1},"s":{"a":0,"k":[100,100,100],"ix":6}},"ao":0,"shapes":[{"ty":"gr","it":[{"ind":0,"ty":"sh","ix":1,"ks":{"a":0,"k":{"i":[[0,0],[4.778,-2.577],[2.857,-5.961],[-16.847,2.729],[-5.108,1.06],[-0.329,7.483],[-0.659,2.727]],"o":[[0,0],[-4.778,2.576],[-2.003,4.18],[16.846,-2.728],[5.108,-1.061],[0.329,-7.485],[0.659,-2.728]],"v":[[10.223,-20.656],[-2.152,-7.531],[-27.307,8.227],[-9.722,17.926],[17.999,5.048],[28.981,-7.441],[26.897,-16.318]],"c":true},"ix":2},"nm":"Path 1","mn":"ADBE Vector Shape - Group","hd":false},{"ty":"fl","c":{"a":0,"k":[0.905882352941,0.48196701349,0.383667800006,1],"ix":4},"o":{"a":0,"k":100,"ix":5},"r":1,"bm":0,"nm":"Fill 1","mn":"ADBE Vector Graphic - Fill","hd":false},{"ty":"tr","p":{"a":0,"k":[29.56,20.906],"ix":2},"a":{"a":0,"k":[0,0],"ix":1},"s":{"a":0,"k":[100,100],"ix":3},"r":{"a":0,"k":0,"ix":6},"o":{"a":0,"k":100,"ix":7},"sk":{"a":0,"k":0,"ix":4},"sa":{"a":0,"k":0,"ix":5},"nm":"Transform"}],"nm":"Group 1","np":2,"cix":2,"bm":0,"ix":1,"mn":"ADBE Vector Group","hd":false}],"ip":0,"op":900.900900900901,"st":0,"bm":0},{"ddd":0,"ind":6,"ty":4,"nm":"right thigh Outlines","parent":3,"sr":1,"ks":{"o":{"a":0,"k":100,"ix":11},"r":{"a":1,"k":[{"i":{"x":[0.42],"y":[1]},"o":{"x":[0.58],"y":[0]},"t":34.034,"s":[0]},{"i":{"x":[0.42],"y":[1]},"o":{"x":[0.58],"y":[0]},"t":103.919,"s":[-34.911]},{"t":177.177177177177,"s":[0]}],"ix":10},"p":{"a":0,"k":[231.988,250.522,0],"ix":2},"a":{"a":0,"k":[0,0,0],"ix":1},"s":{"a":0,"k":[100,100,100],"ix":6}},"ao":0,"shapes":[{"ty":"gr","it":[{"ind":0,"ty":"sh","ix":1,"ks":{"a":0,"k":{"i":[[-0.25,-9.875],[8.354,0],[0,8.354],[-8.195,1.616]],"o":[[0.211,8.351],[-8.354,0],[0,-8.354],[8.875,-1.75]],"v":[[15.02,0.875],[-0.105,16],[-15.23,0.875],[-0.105,-14.25]],"c":true},"ix":2},"nm":"Path 1","mn":"ADBE Vector Shape - Group","hd":false},{"ty":"fl","c":{"a":0,"k":[0.913725490196,0.701960784314,0.643137254902,1],"ix":4},"o":{"a":0,"k":100,"ix":5},"r":1,"bm":0,"nm":"Fill 1","mn":"ADBE Vector Graphic - Fill","hd":false},{"ty":"tr","p":{"a":0,"k":[75.48,127.922],"ix":2},"a":{"a":0,"k":[0,0],"ix":1},"s":{"a":0,"k":[100,100],"ix":3},"r":{"a":0,"k":0,"ix":6},"o":{"a":0,"k":100,"ix":7},"sk":{"a":0,"k":0,"ix":4},"sa":{"a":0,"k":0,"ix":5},"nm":"Transform"}],"nm":"Group 1","np":2,"cix":2,"bm":0,"ix":1,"mn":"ADBE Vector Group","hd":false},{"ty":"gr","it":[{"ind":0,"ty":"sh","ix":1,"ks":{"a":0,"k":{"i":[[1.953,10.244],[1.318,2.578],[0,0],[0,0],[0,0],[-3.076,-2.887],[-6.152,-7.521],[-2.592,-5.785],[-0.042,-0.098],[-0.105,-0.272],[0,0]],"o":[[-2.416,-12.676],[-1.318,-2.579],[0,0],[0,0],[2.33,0.092],[5.492,5.156],[4.518,5.523],[0.041,0.1],[0.116,0.266],[0,0],[-3.669,-9.858]],"v":[[32.43,12.289],[0.391,-57.058],[-3.947,-67.694],[-44.469,-64.717],[-44.469,-23.082],[-36.735,-18.598],[4.567,51.016],[16.66,66.58],[16.783,66.877],[17.1,67.694],[44.469,54.009]],"c":true},"ix":2},"nm":"Path 1","mn":"ADBE Vector Shape - Group","hd":false},{"ty":"fl","c":{"a":0,"k":[0.913725490196,0.701960784314,0.643137254902,1],"ix":4},"o":{"a":0,"k":100,"ix":5},"r":1,"bm":0,"nm":"Fill 1","mn":"ADBE Vector Graphic - Fill","hd":false},{"ty":"tr","p":{"a":0,"k":[44.719,67.944],"ix":2},"a":{"a":0,"k":[0,0],"ix":1},"s":{"a":0,"k":[100,100],"ix":3},"r":{"a":0,"k":0,"ix":6},"o":{"a":0,"k":100,"ix":7},"sk":{"a":0,"k":0,"ix":4},"sa":{"a":0,"k":0,"ix":5},"nm":"Transform"}],"nm":"Group 2","np":2,"cix":2,"bm":0,"ix":2,"mn":"ADBE Vector Group","hd":false}],"ip":0,"op":900.900900900901,"st":0,"bm":0},{"ddd":0,"ind":7,"ty":4,"nm":"right shin Outlines","sr":1,"ks":{"o":{"a":0,"k":100,"ix":11},"r":{"a":1,"k":[{"i":{"x":[0.396],"y":[1]},"o":{"x":[0.58],"y":[0]},"t":34.034,"s":[0]},{"i":{"x":[0.42],"y":[1]},"o":{"x":[0.58],"y":[0]},"t":103.919,"s":[32.2]},{"t":177.177177177177,"s":[0]}],"ix":10},"p":{"a":0,"k":[390.271,498.368,0],"ix":2},"a":{"a":0,"k":[31,122,0],"ix":1},"s":{"a":0,"k":[100,100,100],"ix":6}},"ao":0,"shapes":[{"ty":"gr","it":[{"ind":0,"ty":"sh","ix":1,"ks":{"a":0,"k":{"i":[[-0.25,-8.875],[8.354,0],[0,8.354],[-8.329,0.633]],"o":[[0.235,8.35],[-8.354,0],[0,-8.354],[9.875,-0.75]],"v":[[15.008,0.375],[-0.117,15.5],[-15.242,0.375],[-0.117,-14.75]],"c":true},"ix":2},"nm":"Path 1","mn":"ADBE Vector Shape - Group","hd":false},{"ty":"fl","c":{"a":0,"k":[0.913725490196,0.701960784314,0.643137254902,1],"ix":4},"o":{"a":0,"k":100,"ix":5},"r":1,"bm":0,"nm":"Fill 1","mn":"ADBE Vector Graphic - Fill","hd":false},{"ty":"tr","p":{"a":0,"k":[15.492,15.75],"ix":2},"a":{"a":0,"k":[0,0],"ix":1},"s":{"a":0,"k":[86,86],"ix":3},"r":{"a":0,"k":0,"ix":6},"o":{"a":0,"k":100,"ix":7},"sk":{"a":0,"k":0,"ix":4},"sa":{"a":0,"k":0,"ix":5},"nm":"Transform"}],"nm":"Group 1","np":2,"cix":2,"bm":0,"ix":1,"mn":"ADBE Vector Group","hd":false},{"ty":"gr","it":[{"ind":0,"ty":"sh","ix":1,"ks":{"a":0,"k":{"i":[[1.758,4.083],[3.955,19.336],[2.417,3.653],[0.749,1.966],[0.091,0.248],[0,0],[-0.144,-2.169],[-5.493,-9.024],[0,0]],"o":[[-1.758,-4.082],[-3.954,-19.338],[-0.415,-0.627],[-0.089,-0.232],[0,0],[0.686,1.786],[0.659,9.884],[5.491,9.025],[0,0]],"v":[[28.005,51.68],[13.944,-4.827],[-0.336,-51.236],[-2.119,-55.25],[-2.392,-55.977],[-29.762,-42.292],[-28.456,-36.412],[-17.251,-2.034],[12.846,55.977]],"c":true},"ix":2},"nm":"Path 1","mn":"ADBE Vector Shape - Group","hd":false},{"ty":"fl","c":{"a":0,"k":[0.913725490196,0.701960784314,0.643137254902,1],"ix":4},"o":{"a":0,"k":100,"ix":5},"r":1,"bm":0,"nm":"Fill 1","mn":"ADBE Vector Graphic - Fill","hd":false},{"ty":"tr","p":{"a":0,"k":[31.581,65.257],"ix":2},"a":{"a":0,"k":[0,0],"ix":1},"s":{"a":0,"k":[100,100],"ix":3},"r":{"a":0,"k":0,"ix":6},"o":{"a":0,"k":100,"ix":7},"sk":{"a":0,"k":0,"ix":4},"sa":{"a":0,"k":0,"ix":5},"nm":"Transform"}],"nm":"Group 2","np":2,"cix":2,"bm":0,"ix":2,"mn":"ADBE Vector Group","hd":false}],"ip":0,"op":900.900900900901,"st":0,"bm":0},{"ddd":0,"ind":8,"ty":4,"nm":"left thigh Outlines","parent":3,"sr":1,"ks":{"o":{"a":0,"k":100,"ix":11},"r":{"a":1,"k":[{"i":{"x":[0.42],"y":[1]},"o":{"x":[0.58],"y":[0]},"t":34.034,"s":[0]},{"i":{"x":[0.42],"y":[1]},"o":{"x":[0.58],"y":[0]},"t":103.919,"s":[35]},{"t":177.177177177177,"s":[0]}],"ix":10},"p":{"a":0,"k":[232.527,250.522,0],"ix":2},"a":{"a":0,"k":[91,0,0],"ix":1},"s":{"a":0,"k":[100,100,100],"ix":6}},"ao":0,"shapes":[{"ty":"gr","it":[{"ind":0,"ty":"sh","ix":1,"ks":{"a":0,"k":{"i":[[0.25,-9.875],[-8.354,0],[0,8.354],[8.195,1.616]],"o":[[-0.211,8.351],[8.354,0],[0,-8.354],[-8.875,-1.75]],"v":[[-15.02,0.875],[0.106,16],[15.231,0.875],[0.106,-14.25]],"c":true},"ix":2},"nm":"Path 1","mn":"ADBE Vector Shape - Group","hd":false},{"ty":"fl","c":{"a":0,"k":[0.913725490196,0.701960784314,0.643137254902,1],"ix":4},"o":{"a":0,"k":100,"ix":5},"r":1,"bm":0,"nm":"Fill 1","mn":"ADBE Vector Graphic - Fill","hd":false},{"ty":"tr","p":{"a":0,"k":[15.48,127.922],"ix":2},"a":{"a":0,"k":[0,0],"ix":1},"s":{"a":0,"k":[100,100],"ix":3},"r":{"a":0,"k":0,"ix":6},"o":{"a":0,"k":100,"ix":7},"sk":{"a":0,"k":0,"ix":4},"sa":{"a":0,"k":0,"ix":5},"nm":"Transform"}],"nm":"Group 1","np":2,"cix":2,"bm":0,"ix":1,"mn":"ADBE Vector Group","hd":false},{"ty":"gr","it":[{"ind":0,"ty":"sh","ix":1,"ks":{"a":0,"k":{"i":[[-1.953,10.244],[-1.318,2.578],[0,0],[0,0],[0,0],[3.075,-2.887],[6.152,-7.521],[2.593,-5.785],[0.043,-0.098],[0.105,-0.272],[0,0]],"o":[[2.416,-12.676],[1.318,-2.579],[0,0],[0,0],[-2.329,0.092],[-5.493,5.156],[-4.518,5.523],[-0.041,0.1],[-0.114,0.266],[0,0],[3.668,-9.858]],"v":[[-32.429,12.289],[-0.391,-57.058],[3.947,-67.694],[44.469,-64.717],[44.469,-23.082],[36.736,-18.598],[-4.566,51.016],[-16.66,66.58],[-16.785,66.877],[-17.1,67.694],[-44.469,54.009]],"c":true},"ix":2},"nm":"Path 1","mn":"ADBE Vector Shape - Group","hd":false},{"ty":"fl","c":{"a":0,"k":[0.913725490196,0.701960784314,0.643137254902,1],"ix":4},"o":{"a":0,"k":100,"ix":5},"r":1,"bm":0,"nm":"Fill 1","mn":"ADBE Vector Graphic - Fill","hd":false},{"ty":"tr","p":{"a":0,"k":[46.241,67.944],"ix":2},"a":{"a":0,"k":[0,0],"ix":1},"s":{"a":0,"k":[100,100],"ix":3},"r":{"a":0,"k":0,"ix":6},"o":{"a":0,"k":100,"ix":7},"sk":{"a":0,"k":0,"ix":4},"sa":{"a":0,"k":0,"ix":5},"nm":"Transform"}],"nm":"Group 2","np":2,"cix":2,"bm":0,"ix":2,"mn":"ADBE Vector Group","hd":false}],"ip":0,"op":900.900900900901,"st":0,"bm":0},{"ddd":0,"ind":9,"ty":4,"nm":"left shin Outlines","sr":1,"ks":{"o":{"a":0,"k":100,"ix":11},"r":{"a":1,"k":[{"i":{"x":[0.396],"y":[1]},"o":{"x":[0.58],"y":[0]},"t":34.034,"s":[0]},{"i":{"x":[0.42],"y":[1]},"o":{"x":[0.58],"y":[0]},"t":103.919,"s":[-32.5]},{"t":177.177177177177,"s":[0]}],"ix":10},"p":{"a":0,"k":[209.177,498.368,0],"ix":2},"a":{"a":0,"k":[31,122,0],"ix":1},"s":{"a":0,"k":[100,100,100],"ix":6}},"ao":0,"shapes":[{"ty":"gr","it":[{"ind":0,"ty":"sh","ix":1,"ks":{"a":0,"k":{"i":[[0.25,-8.875],[-8.354,0],[0,8.354],[8.329,0.633]],"o":[[-0.235,8.35],[8.354,0],[0,-8.354],[-9.875,-0.75]],"v":[[-15.008,0.375],[0.118,15.5],[15.243,0.375],[0.118,-14.75]],"c":true},"ix":2},"nm":"Path 1","mn":"ADBE Vector Shape - Group","hd":false},{"ty":"fl","c":{"a":0,"k":[0.913725490196,0.701892927581,0.644982670803,1],"ix":4},"o":{"a":0,"k":100,"ix":5},"r":1,"bm":0,"nm":"Fill 1","mn":"ADBE Vector Graphic - Fill","hd":false},{"ty":"tr","p":{"a":0,"k":[46.102,15.75],"ix":2},"a":{"a":0,"k":[0,0],"ix":1},"s":{"a":0,"k":[89,89],"ix":3},"r":{"a":0,"k":0,"ix":6},"o":{"a":0,"k":100,"ix":7},"sk":{"a":0,"k":0,"ix":4},"sa":{"a":0,"k":0,"ix":5},"nm":"Transform"}],"nm":"Group 1","np":2,"cix":2,"bm":0,"ix":1,"mn":"ADBE Vector Group","hd":false},{"ty":"gr","it":[{"ind":0,"ty":"sh","ix":1,"ks":{"a":0,"k":{"i":[[-1.758,4.083],[-3.955,19.336],[-2.417,3.653],[-0.749,1.966],[-0.092,0.248],[0,0],[0.145,-2.169],[5.493,-9.024],[0,0]],"o":[[1.758,-4.082],[3.955,-19.338],[0.415,-0.627],[0.088,-0.232],[0,0],[-0.685,1.786],[-0.659,9.884],[-5.491,9.025],[0,0]],"v":[[-28.005,51.68],[-13.945,-4.827],[0.336,-51.236],[2.12,-55.25],[2.393,-55.977],[29.763,-42.292],[28.456,-36.412],[17.251,-2.034],[-12.846,55.977]],"c":true},"ix":2},"nm":"Path 1","mn":"ADBE Vector Shape - Group","hd":false},{"ty":"fl","c":{"a":0,"k":[0.913725490196,0.701892927581,0.644982670803,1],"ix":4},"o":{"a":0,"k":100,"ix":5},"r":1,"bm":0,"nm":"Fill 1","mn":"ADBE Vector Graphic - Fill","hd":false},{"ty":"tr","p":{"a":0,"k":[30.012,65.257],"ix":2},"a":{"a":0,"k":[0,0],"ix":1},"s":{"a":0,"k":[100,100],"ix":3},"r":{"a":0,"k":0,"ix":6},"o":{"a":0,"k":100,"ix":7},"sk":{"a":0,"k":0,"ix":4},"sa":{"a":0,"k":0,"ix":5},"nm":"Transform"}],"nm":"Group 2","np":2,"cix":2,"bm":0,"ix":2,"mn":"ADBE Vector Group","hd":false}],"ip":0,"op":900.900900900901,"st":0,"bm":0},{"ddd":0,"ind":16,"ty":4,"nm":"Shape Layer 1","parent":3,"sr":1,"ks":{"o":{"a":0,"k":100,"ix":11},"r":{"a":0,"k":0,"ix":10},"p":{"a":0,"k":[232.467,259.006,0],"ix":2},"a":{"a":0,"k":[5.75,-1.821,0],"ix":1},"s":{"a":1,"k":[{"i":{"x":[0.833,0.833,0.833],"y":[1,1,1]},"o":{"x":[0.167,0.167,0.167],"y":[0,0,0]},"t":55.055,"s":[100,106.815,100]},{"i":{"x":[0.426,0.426,0.667],"y":[1,1,1]},"o":{"x":[0.12,0.308,0.333],"y":[0,0,0]},"t":79.079,"s":[100,78.815,100]},{"i":{"x":[0.887,0.887,0.667],"y":[0.823,0.951,1]},"o":{"x":[0.665,0.665,0.333],"y":[0,0,0]},"t":99.099,"s":[94,72.915,100]},{"i":{"x":[0.833,0.833,0.833],"y":[1,1,1]},"o":{"x":[0.167,0.167,0.167],"y":[0,0,0]},"t":132.132,"s":[100,94.815,100]},{"t":171.171171171171,"s":[78,107.815,100]}],"ix":6}},"ao":0,"shapes":[{"ty":"gr","it":[{"ind":0,"ty":"sh","ix":1,"ks":{"a":1,"k":[{"i":{"x":0.667,"y":1},"o":{"x":0.333,"y":0},"t":56.056,"s":[{"i":[[0,0],[0,0],[0,0],[0,0]],"o":[[0,0],[0,0],[0,0],[0,0]],"v":[[38.75,-16],[38.75,16],[-38.75,16],[-38.75,-16]],"c":true}]},{"i":{"x":0.833,"y":0.833},"o":{"x":0.333,"y":0},"t":83.083,"s":[{"i":[[0,0],[9.859,-4.071],[23.878,9.859],[0,0]],"o":[[0,0],[-23.878,9.859],[-9.859,-4.071],[0,0]],"v":[[38.75,-16],[38.75,16],[-38.75,16],[-38.75,-16]],"c":true}]},{"i":{"x":0.667,"y":1},"o":{"x":0.167,"y":0.167},"t":126.126,"s":[{"i":[[0,0],[5.098,-2.105],[12.346,5.098],[0,0]],"o":[[0,0],[-12.346,5.098],[-5.098,-2.105],[0,0]],"v":[[38.75,-16],[38.75,14.146],[-38.75,14.146],[-38.75,-16]],"c":true}]},{"t":171.171171171171,"s":[{"i":[[0,0],[0,0],[0,0],[0,0]],"o":[[0,0],[0,0],[0,0],[0,0]],"v":[[38.75,-16],[38.75,16],[-38.75,16],[-38.75,-16]],"c":true}]}],"ix":2},"nm":"Path 1","mn":"ADBE Vector Shape - Group","hd":false},{"ty":"fl","c":{"a":0,"k":[0.913725550034,0.701960784314,0.643137254902,1],"ix":4},"o":{"a":0,"k":100,"ix":5},"r":1,"bm":0,"nm":"Fill 1","mn":"ADBE Vector Graphic - Fill","hd":false},{"ty":"tr","p":{"a":0,"k":[5.75,15.375],"ix":2},"a":{"a":0,"k":[0,0],"ix":1},"s":{"a":0,"k":[100,107.476],"ix":3},"r":{"a":0,"k":0,"ix":6},"o":{"a":0,"k":100,"ix":7},"sk":{"a":0,"k":0,"ix":4},"sa":{"a":0,"k":0,"ix":5},"nm":"Transform"}],"nm":"Rectangle 1","np":3,"cix":2,"bm":0,"ix":1,"mn":"ADBE Vector Group","hd":false}],"ip":0,"op":900.900900900901,"st":0,"bm":0}]}],"layers":[{"ddd":0,"ind":1,"ty":0,"nm":"Squat another","refId":"comp_0","sr":1,"ks":{"o":{"a":0,"k":100,"ix":11},"r":{"a":0,"k":0,"ix":10},"p":{"a":0,"k":[540,540,0],"ix":2},"a":{"a":0,"k":[294,275,0],"ix":1},"s":{"a":0,"k":[163,163,100],"ix":6}},"ao":0,"w":588,"h":550,"ip":0,"op":900.900900900901,"st":0,"bm":0}],"markers":[]}