{
  "project_info": {
    "project_number": "1038330682743",
    "firebase_url": "https://diet-plan-b2eb7-default-rtdb.firebaseio.com",
    "project_id": "diet-plan-b2eb7",
    "storage_bucket": "diet-plan-b2eb7.appspot.com"
  },
  "client": [
    {
      "client_info": {
        "mobilesdk_app_id": "1:1038330682743:android:5230233a7c1168d1d35572",
        "android_client_info": {
          "package_name": "com.example.dietplan"
        }
      },
      "oauth_client": [
        {
          "client_id": "1038330682743-j540722mre9j6n1a0icpn5t0a8kvavuc.apps.googleusercontent.com",
          "client_type": 3
        }
      ],
      "api_key": [
        {
          "current_key": "AIzaSyAAwAQqrGiMvRThWs5vNgAKYMwLdmWI3aQ"
        }
      ],
      "services": {
        "appinvite_service": {
          "other_platform_oauth_client": [
            {
              "client_id": "1038330682743-j540722mre9j6n1a0icpn5t0a8kvavuc.apps.googleusercontent.com",
              "client_type": 3
            }
          ]
        }
      }
    }
  ],
  "configuration_version": "1"
}